key,en,de,zh_Hans_CN,ja,ko,zh_Hant_TW,fr,ru,pt_BR,es
<!MissingKey:0:Shell Totem>,Shell Totem,Muscheltotem,贝壳图腾,殻のトーテム,조개 토템,貝殼圖騰,Totem aux coquillages,Тотем с ракушками,Totem de Conchas,Tótem de caparazón
<!MissingKey:1:Bagtacular>,Bagtacular,Tolle Taschen,背包盛宴,バッグり仰天,백-퍼센트 만족,背包盛宴,Sactaculaire,Сумкакуляр,Bolstacular,Esbolsacular
<!MissingKey:2:$t[Start of battle:] Gain $h[1] $regen for each \~$affected $h[Food]. $t[Every $cds:] Regenerate $p_stamina stamina and gain $p_empower $empower. >,"$t[Start of battle:] Gain $h[1] $regen for each \~$affected $h[Food]. $t[Every $cds:] Regenerate $p_stamina stamina and gain $p_empower $empower. 

 Triggers $p1% faster for each $affected $h[Pet] or $h[Food].","$t[Kampfbeginn:] Erhalte $h[1] $regen für jedes $affected $h[Essen]. $t[Alle $cds:] Regeneriere $p_stamina Ausdauer und erhalte $p_empower $empower. 

 Aktiviert $p1% schneller pro \~$affected $h[Gefährte] und $h[Essen].","$t[战斗开始时：]每有一个$affected的$h[食物]，获得$h[1]层$regen。$t[每$cds：]恢复$p_stamina点耐力并获得$p_empower层$empower。

每有一个$affected的$h[宠物]或者$h[食物]，鼠大厨的效果触发快$p1%。","$t[バトル開始時：]$affectedにある$h[食べ物]1個につき$h[1] $regen を獲得する $t[$cd秒毎：]スタミナを$p_stamina回復し、$p_empower $empower を獲得する 

$affectedにある$h[ペット]または$h[食べ物]1つにつき使用速度が$p1%上がる","$t[전투 시작 시:] $affected에 위치한 $h[음식]마다 $regen을 $h[1] 획득합니다. $t[$cd초마다:] 스태미나를 $p_stamina 회복하고, $empower를 $p_empower 획득합니다.

$affected에 위치한 $h[펫]이나 $h[음식]마다 $p1% 빠르게 발동합니다.","$t[戰鬥開始時：]每有一個$affected的$h[食物]，獲得$h[1]層$regen。$t[每$cd秒：]恢復$p_stamina點耐力並獲得$p_empower層$empower。

每有一個$affected的$h[寵物]或者$h[食物]，鼠大廚的效果觸發快$p1%。","$t[Au début du combat :] Gagnez $h[1] $regen pour chaque $h[Nourriture] $affected. $t[Toutes les $cd s :] régénérez de l'endurance $p_stamina et gagnez $p_empower de $empower. 

 Se déclenche $p1 % plus vite pour chaque $h[Familier] ou $h[Nourriture] $affected.","$t[Начало боя:] добавляет $h[1] $regen за каждый $affected предмет типа $h[еда]. $t[Раз в $cd сек.:] восстанавливает $p_stamina энергии и добавляет $p_empower $empower. 

 Срабатывает на $p1% чаще за каждый $affected предмет типа $h[питомец] или $h[еда].","$t[Início da batalha:] Ganha $h[1] $regen para cada $h[Alimento] $affected. $t[A cada $cd s:] Regenera $p_stamina de vigor e ganha $p_empower $empower. 

 Aciona $p1% mais rápido para cada $h[Animal] ou $h[Alimento] $affected.","$t[Al comienzo de la batalla:] Obtiene $h[1] $regen por cada $h[comida] $affected. $t[Cada $cd s:] Recupera $p_stamina de resistencia y obtiene $p_empower $empower. 

 Se activa un $p1 % más rápido por cada $h[mascota] o $h[comida] $affected."
<!MissingKey:3:$t[Shop entered:] Consume $affected items. Create different items based on the combined value. $t[Every $cds:] Gain $h[1] random buff and cleanse $h[1] debuff. >,$t[Shop entered:] Consume $affected items. Create different items based on the combined value. $t[Every $cds:] Gain $h[1] random buff and cleanse $h[1] debuff. ,$t[Laden betreten:] Verbrauche $affected Gegenstände. Erzeuge verschiedene Gegenstände basierend auf dem Gegenstandswert. $t[Alle $cds:] Erhalte $h[1] zufälligen Buff und entferne $h[1] Debuff.,$t[进入商店时：]分解$affected的物品。根据分解物品的总价值生成新物品。$t[每$cds：]获得$h[1]层随机增益效果并净化$h[1]层减益效果。,$t[ショップ入店時：]$affectedにあるアイテムを消費する。その合計価値に応じて異なるアイテムを生成する $t[$cd秒毎：]$h[1]バフを獲得し、$h[1]デバフを解除する,$t[상점 진입 시:] $affected에 위치한 모든 아이템을 소모합니다. 합쳐진 가치에 따라 다른 아이템을 생성합니다. $t[$cd초마다:] 무작위 버프를 $h[1]개 획득하고 디버프를 $h[1]개 정화합니다.,$t[進入商店時：]分解$affected的物品。根據分解物品的總價值生成新物品。$t[每$cd秒：]獲得$h[1]層隨機增益效果並淨化$h[1]層減益效果。,$t[En entrant dans la boutique :] consommez les objets $affected. Créez différents objets en fonction de la valeur combinée. $t[Toutes les $cd s :] gagnez $h[1] bonus aléatoire et purgez $h[1] malus.,"$t[Переход в магазин:] поглощает все $affected предметы. Создает различные предметы, в зависимости от общей стоимости поглощенных предметов. $t[Раз в $cd сек.:] герой получает $h[1] случайное усиление или снимает $h[1] негативный эффект.",$t[Ao entrar na loja:] Consome $affected itens. Cria itens diferentes com base no valor combinado. $t[A cada $cd s:] Ganha $h[1] buff aleatório e purifica $h[1] debuff.,$t[Al entrar en la tienda:] Consume objetos $affected. Crea diferentes objetos en función del valor combinado. $t[Cada $cd s]: Obtiene $h[1] ventaja al azar y elimina $h[1] desventaja.
<!MissingKey:4:$t[You reached $p1 debuffs:] Consume this and cleanse $p2 debuffs.>,$t[You reached $p1 debuffs:] Consume this and cleanse $p2 debuffs.,$t[Wenn du mindestens $p1 Debuffs hast:] Trinke aus und entferne $p2 Debuffs.,$t[如果你的减益效果达到$p1层：]消耗此魔药并净化$p2减益效果。,$t[$p1デバフ到達時：]このアイテムを消費して、$p2デバフを解除する,"$t[디버프가 $p1개에 도달 시:] 포션을 소모해, 디버프를 $p2개 정화합니다.",$t[如果你的減益效果達到$p1層：]消耗此魔藥並淨化$p2減益效果。,$t[En atteignant $p1 malus :] consommez ceci et purgez $p2 malus.,"$t[Когда на герое не менее $p1 негативных эффектов:] расходуется, чтобы снять $p2 негативных эффектов.",$t[Você alcançou $p1 debuffs:] Consome isto e purifica $p2 debuffs.,$t[Al alcanzar $p1 desventajas:] Consume la poción y elimina $p2 desventajas.
<!MissingKey:5:Flame Whip>,Flame Whip,Flammenpeitsche,烈火之鞭,フレイムウィップ,불꽃 채찍,烈火之鞭,Fouet à flamme,Огненная плеть,Chicote de Chamas,Látigo flamígero
<!MissingKey:6:$affected items have $chance% chance to duplicate buffs they gain. $t[Every $cds:] Gain a random buff. >,"$affected items have $chance% chance to duplicate buffs they gain. $t[Every $cds:] Gain a random buff. 

 Triggers $p_speed% faster for each \~$affected2 $holy-item.","$affected Gegenstände haben $chance% Chance, erzeugte Buffs zu duplizieren. $t[Alle $cds:] Erhalte einen zufälligen Buff. 

 Aktiviert $p_speed% schneller pro \~$affected2 $holy-Gegenstand.","有$chance%的几率复制从$affected物品处获得的增益效果。$t[每$cds：]获得一层随机增益效果。

每有一个$affected2的$holy物品，双重彩虹的触发速度快$p_speed%。","$affectedにあるアイテムは$chance%の確率でバフを追加獲得する $t[$cd秒毎：]1バフを獲得する 

$affected2にある $holy アイテム1個につき使用速度が$p_speed%上がる","$affected에 위치한 아이템이 $chance%의 확률로 획득하는 버프를 복제합니다. $t[$cd초마다:] 무작위 버프를 획득합니다.

$affected2에 위치한 $holy 아이템마다 $p_speed% 빠르게 발동합니다.","有$chance%的幾率複製從$affected物品處獲得的增益效果。$t[每$cds：]獲得一層隨機增益效果。

每有一個$affected2的$holy物品，雙重彩虹的觸發速度快$p_speed%。","Les objets $affected ont $chance % de chances de dupliquer les bonus qu'ils gagnent. $t[Toutes les $cd s :] gagnez un bonus aléatoire. 

 Se déclenche $p_speed % plus vite pour chaque objet $holy.","$affected предметы получают $chance% шанс удвоить добавляемое усиление. $t[Раз в $cd сек.:] дает случайное усиление. 

 Срабатывает на $p_speed% чаще за каждый $affected2 $holy-предмет.","Os itens $affected têm $chance% de chance de duplicar os buffs que recebem. $t[A cada $cd s:] Ganha um buff aleatório. 

 Ativa $p_speed% mais rápido para cada item $affected2 $holy.","$affected objetos tienen un $chance % de probabilidad de duplicar las ventajas que reciben. $t[Cada $cd s:] ganas una ventaja al azar. 

 Se activa un $p_speed % más rápido por cada $affected2 objeto $holy."
"<!MissingKey:7:$t[On attacked ($melee):] $chance% chance to prevent $p1 damage, remove \~$p2 stamina from opponent and inflict $p3 $cold (up to $p4).>","$t[On attacked ($melee):] $chance% chance to prevent $p1 damage, remove \~$p2 stamina from opponent and inflict $p3 $cold (up to $p4).","$t[Bei $melee-Angriff:] $chance% Chance $p1 Schaden zu vermeiden, $p2 Ausdauer vom Gegner zu entfernen und $p3 $cold zu verursachen (bis zu $p4).",$t[被攻击时（$melee）：]有$chance%的几率抵挡$p1点伤害、移除对手$p2点耐力、向对手施加$p3层$cold（每场战斗最多达到$p4层）。,$t[被攻撃時（$melee）：]$chance%の確率で$p1ダメージを防ぎ、相手から$p2スタミナを除去し、$p3 $cold を付与する（最大$p4まで）,"$t[공격 받을 시 ($melee):] $chance%의 확률로 피해를 $p1 막고, 상대의 스태미나를 $p2 제거하고, $cold를 $p3 부여합니다 (전투당 최대 $p4번).",$t[被攻擊時（$melee）：]有$chance%的幾率抵擋$p1點傷害、移除對手$p2點耐力、向對手施加$p3層$cold（每場戰鬥最多達到$p4層）。,"$t[En recevant une attaque ($melee) :] $chance % de chance d'empêcher $p1 dégâts, de retirer $p2 d'endurance à l'adversaire et d'infliger $p3 $cold (jusqu'à $p4).","$t[При входящей атаке ($melee):] шанс $chance% заблокировать $p1 ед. урона, отнять у противника $p2 ед. энергии и наложить на него $p3 $cold (макс.: $p4).","$t[Ao sofrer ataque ($melee):] $chance% de chance de prevenir $p1 de dano, remover $p2 de vigor do oponente e infligir $p3 $cold (até $p4).","$t[Al recibir un ataque ($melee):] $chance % de probabilidad de evitar $p1 de daño, elimina $p2 de resistencia del rival e inflige $p3 $cold (máximo: $p4)."
<!MissingKey:8:Prismatic Sword>,Prismatic Sword,Schimmerschwert,彩虹剑,プリズムソード,프리즘 소드,彩虹劍,Épée prismatique,Радужный меч,Espada Prismática,Espada prismática
<!MissingKey:9:No Rush Please>,No Rush Please,Keine Eile,别着急,急かさないで！,천천히 합시다,別著急,Merci de ne pas presser,Никакой спешки!,"Sem Pressa, Por Favor","Sin agobios, por favor"
<!MissingKey:10:Ice Dragon>,Ice Dragon,Eisdrache,冰霜巨龙,アイスドラゴン,얼음 용,冰霜巨龍,Dragon de glace,Ледяной дракон,Dragão de Gelo,Dragón de hielo
Joker_COUNTER,"(Pairs: $pairs, triplets: $triplets, quads: $quadruples)","(Paare: $pairs, Drillinge: $triplets, Vierlinge: $quadruples)",（对子：$pairs，三条：$triplets，四条：$quadruples）,（ペアの数：$pairs、スリーカードの数：$triplets、フォーカードの数：$quadruples）,"(페어: $pairs, 트리플: $triplets, 포카드: $quadruples)",（對子：$pairs，三條：$triplets，四條：$quadruples）,"(Paires : $pairs, brelans : $triplets, carrés : $quadruples)","(Пары: $pairs, цепочки из трех: $triplets, цепочки из четырех: $quadruples)","(Pares: $pairs, trincas: $triplets, quadras: $quadruples)","(Parejas: $pairs, tríos: $triplets, cuartetos: $quadruples)"
<!MissingKey:12:Shepherd’s Crook>,Shepherd’s Crook,Hirtenstab,牧羊人的曲柄杖,羊飼いの杖,양치기의 지팡이,牧羊人的曲柄杖,Houlette de berger,Ярлыга,Bastão de Pastor,Báculo del pastor
<!MissingKey:13:Stone Armor>,Stone Armor,Steinrüstung,石制护甲,石の鎧,석재 갑옷,石製護甲,Armure de pierre,Каменный доспех,Armadura de Pedra,Armadura de piedra
<!MissingKey:14:Tusk Poker>,Tusk Poker,Stoßzahnpiekser,尖牙短弓,突きキバの短弓,상아 단궁,尖牙短弓,Pique en défense,Колющий клык,Arco de Dente,Rompecolmillos
<!MissingKey:15:King Goobert>,King Goobert,Königsschlotzbert,国王黏黏,キング・スラバート,대왕 슬돌이,國王黏呼呼,Roi Viskeu,Король Слаймер,Gosberto Real,Rey Viscosino
<!MissingKey:16:$t[Shop entered:] Gain $p_gold $gold. $t[$affected item used buff:] \~Gain $p_maxhealth maximum health.>,$t[Shop entered:] Gain $p_gold $gold. $t[$affected item used buff:] \~Gain $p_maxhealth maximum health.,$t[Laden betreten:] Erhalte $p_gold $gold. $t[$affected Gegenstand nutzt Buff:] Erhalte $p_maxhealth Maximalleben.,$t[进入商店时：]获得$p_gold枚$gold。$t[$affected的物品消耗增益效果时：]获得$p_maxhealth点最大生命值。,$t[ショップ入店時：]$p_gold $gold を獲得する $t[$affectedにあるアイテムがバフ消費毎：]体力最大値が$p_maxhealth増える,$t[상점 진입 시:] $gold를 $p_gold 획득합니다. $t[$affected에 위치한 아이템이 버프를 사용 시:] 최대 체력을 $p_maxhealth 획득합니다.,$t[進入商店時：]獲得$p_gold枚$gold。$t[$affected的物品消耗增益效果時：]獲得$p_maxhealth點最大生命值。,$t[En entrant dans la boutique :] gagnez $p_gold $gold. $t[Bonus en utilisant un objet $affected :] gagnez $p_maxhealth des PV max.,$t[Переход в магазин:] добавляет $p_gold $gold. $t[Когда $affected предмет использует усиление:] повышает максимальное здоровье на $p_maxhealth ед.,$t[Ao entrar na loja:] Ganha $p_gold $gold. $t[$affected buff de item usado:] Ganhe $p_maxhealth de vida máxima.,$t[Al entrar en la tienda:] Obtiene $p_gold $gold. $t[Con ventaja de $affected objeto:] Obtiene $p_maxhealth PS máx.
<!MissingKey:17:$t[Every $cds:] Gain $p1 random buffs and make $affected $h[Food] trigger $p2% faster (up to $p3%). >,"$t[Every $cds:] Gain $p1 random buffs and make $affected $h[Food] trigger $p2% faster (up to $p3%). 

 All your $h[Pets] have a $chance% chance to activate twice. 

 Friends of the forest are offered in the shop.","$t[Alle $cds:] Erhalte $p1 zufällige Buffs, $affected $h[Essen] aktiviert $p2% schneller (bis zu $p3%). 

 $h[Gefährten] haben $chance% Chance, doppelt aktiviert zu werden. 

 Waldfreunde werden im Laden angeboten. ","$t[每$cds：]获得$p1层随机增益效果，且$affected的$h[食物]触发快$p2%（最高$p3%）。

你所有的$h[宠物]有$chance%的几率激活两次。

森林之友会在商店出现。","$t[$cd秒毎：]$p1バフを獲得し、$affectedにある$h[食べ物]の使用速度が$p2%上がる（最大$p3%まで） 

 すべての$h[ペット]は$chance%の確率で2回発動する 

森の仲間たちがショップで売られるようになる","$t[$cd초마다:] 무작위 버프를 $p1개 획득하고, $affected에 위치한 $h[음식]이 $p2% 빠르게 발동하게 합니다 (최대 $p3%).

모든 $h[펫]은 $chance%의 확률로 두 번 발동합니다.

숲속 친구들이 상점에 등장합니다.","$t[每$cd秒：]獲得$p1層隨機增益效果，且$affected的$h[食物]觸發快$p2%（最高$p3%）。

你所有的$h[寵物]有$chance%的幾率啟動兩次。

森林之友會在商店出現。","$t[Toutes les $cd s :] gagnez $p1 bonus aléatoires et rendez le déclenchement de la $h[Nourriture] $affected $p2 % plus rapide (jusqu'à $p3 %). 

 Tous vos $h[Familiers] ont $chance % de chance d'être activés deux fois. 

Les amis de la forêt peuvent apparaître dans la boutique.","$t[Раз в $cd сек.:] добавляет до $p1 случайных усилений, а $affected предметы типа $h[еда] срабатывают на $p2% чаще (максимум до $p3%). 

 Есть шанс $chance%, что любой предмет типа $h[питомец] сработает дважды. 

 Есть шанс появления в магазине лесных жителей.","$t[A cada $cd s:] Ganha $p1 buffs aleatórios e faz os $h[Alimentos] $affected se ativarem $p2% mais rápido (até $p3%). 

 Todos os seus $h[Animais] têm $chance% de chance de se ativarem duas vezes. 

 Amigos da floresta são oferecidos na loja.","$t[Cada $cd s]: Obtiene $p1 ventajas al azar y hace que la $h[Comida] $affected se active un $p2 % más rápido (máximo: $p3 %). 

 Todas las $h[Mascotas] propias tienen un $chance % de probabilidad de activarse dos veces. 

 Los amigos del bosque se ofrecen en la tienda."
<!MissingKey:18:$holy-Items have +$p_sales% chance to be on sale. >,"$holy-Items have +$p_sales% chance to be on sale. 

 $h[Oil Lamps] and $h[Djinn Lamps] gain $holy. 

 $affected $holy-Items trigger $p_speed% faster.","$holy-Gegenstände haben +$p_sales% Chance im Angebot zu sein. 

 $h[Öllampen] und $h[Wunderlampen] erhalten $holy. 

 $affected $holy-Gegenstände aktivieren $p_speed% schneller.","$holy物品增加$p_sales%的打折几率。

 $h[油灯]和$h[阿拉丁神灯]获得$holy属性。

 $affected的$holy物品触发快$p_speed%。","$holy アイテムのセール発生確率 +$p_sales% 

$h[オイルランプ]と$h[魔神のランプ]が $holy を得る 

$affectedにある $holy アイテムの使用速度が$p_speed%上がる","$holy 아이템의 할인 확률이 $p_sales% 증가합니다.

$h[오일 램프]와 $h[요술 램프]가 $holy으로도 취급됩니다.

$affected에 위치한 $holy 아이템이 $p_speed% 빠르게 발동합니다.","$holy物品增加$p_sales%的打折幾率。

 $h[油燈]和$h[阿拉丁神燈]獲得$holy屬性。

 $affected的$holy物品觸發快$p_speed%。","Les objets $holy ont +$p_sales % de chance d'être en promotion. 

 Les $h[Lampes à huile] et les $h[Lampes à génie] gagnent $holy. 

 Les objets $holy $affected se déclenchent $p_speed % plus vite.","Шанс того, что $holy предметы появятся в магазине со скидкой +$p_sales%. 

 $h[Масляная лампа] и $h[Волшебная лампа] получают $holy. 

 $affected $holy предметы срабатывают на $p_speed% чаще.","Itens-$holy têm +$p_sales% de chance de estar em promoção. 

 $h[Lamparinas] e $h[Lâmpadas Mágicas] ganham $holy. 

 Itens-$holy $affected acionam $p_speed% mais rápido.","Los objetos $holy tienen +$p_sales % probabilidad de estar en oferta. 

 Las $h[Lámparas de aceite] y las $h[Lámparas mágicas] obtienen $holy. 

 Los objetos $holy $affected se activan un $p_speed % más rápido."
<!MissingKey:19:Gives $p1 maximum health ($bag).>,Gives $p1 maximum health ($bag).,Erhöht Maximalleben um $p1 ($bag).,给予$p1点最大生命值（$bag）。,体力最大値が$p1増える（$bag）,최대 체력을 $p1 획득합니다 ($bag).,給予$p1點最大生命值（$bag）。,Donne $p1 des PV max ($bag).,Повышает максимальное здоровье на $p1 ед. ($bag).,Dá $p1 de vida máxima ($bag).,Otorga $p1 PS máx. ($bag).
<!MissingKey:20:$t[Every $cds:] Deal $dam $effect-damage. \~$chance% chance to inflict $p_poison $poison. \~$chance2% chance to inflict $p_blind $blind. >,"$t[Every $cds:] Deal $dam $effect-damage. \~$chance% chance to inflict $p_poison $poison. \~$chance2% chance to inflict $p_blind $blind. 

 Triggers $p1% faster for each $affected $h[Pet] or $h[Food].","$t[Alle $cds:] Verursache $dam $effect-Schaden. $chance% Chance, $p_poison $poison zu verursachen. $chance2% Chance, $p_blind $blind zu verursachen. 

 Aktiviert $p1% schneller pro \~$affected $h[Gefährte] und $h[Essen].","$t[每$cds：]造成$dam点$effect伤害。有$chance%的几率向对手施加$p_poison层$poison。还有$chance2%的几率向对手施加$p_blind层$blind。

每有一个$affected的$h[宠物]或$h[食物]，效果触发快$p1%。","$t[$cd秒毎：]$dam $effect ダメージを与える。$chance%の確率で$p_poison $poison を付与する。$chance2%の確率で$p_blind $blind を付与する 

 $affectedにある$h[ペット]または$h[食べ物] 1つにつき使用速度が$p1%上がる","$t[$cd초마다:] $effect 피해를 $dam 가합니다. $chance%의 확률로 $poison을 $p_poison 부여합니다. $chance2%의 확률로 $blind을 $p_blind 부여합니다.

$affected에 위치한 $h[펫]과 $h[음식]마다 $p1% 빠르게 발동합니다.","$t[每$cd秒：]造成$dam點$effect傷害。有$chance%的幾率向對手施加$p_poison層$poison。還有$chance2%的幾率向對手施加$p_blind層$blind。

每有一個$affected的$h[寵物]或$h[食物]，效果觸發快$p1%。","$t[Toutes les $cd s :] infligez $dam de dégâts $effect. $chance % de chance d'infliger $p_poison $poison. $chance2 % de chance d'infliger $p_blind $blind. 

 Se déclenche $p1 % plus vite pour chaque $h[Nourriture] ou $h[Familier] $affected.","$t[Раз в $cd сек.:] наносит $dam ед. $effect-урона. Шанс $chance% наложить на противника $p_poison $poison. Также есть шанс $chance2% наложить на противника $p_blind $blind. 

 Срабатывает на $p1% чаще за каждый $affected предмет типа $h[питомец] или $h[еда].","$t[A cada $cd s:] Causa $dam de dano de $effect. $chance% de chance de infligir $p_poison $poison. $chance2% de chance de infligir $p_blind $blind. 

 Ativa $p1% mais rápido por cada $h[Animal] ou $h[Alimento] $affected.","$t[Cada $cd s:] Inflige $dam de daño de $effect. $chance % de probabilidad de infligir $p_poison $poison. $chance2 % de probabilidad de infligir $p_blind $blind. 

 Se activa un $p1 % más rápido por cada $h[Mascota] o $h[Comida] $affected."
<!MissingKey:21:Cauldron>,Cauldron,Kessel,大煮锅,大ナベ,가마솥,大煮鍋,Chaudron,Котел,Caldeirão,Caldero
<!MissingKey:22:False Life>,False Life,Falsches Leben,亡灵庇护,偽りの命,거짓된 생명,亡靈庇護,Fausse vie,Ложная жизнь,Vida Falsa,Falsa vida
<!MissingKey:23:Deals additional +$p1 damage per $empower.>,Deals additional +$p1 damage per $empower.,Verursacht zusätzlich +$p1 Schaden pro $empower.,每有一层$empower造成+$p1额外伤害。,$empower 1スタックにつき与ダメージ +$p1,$empower마다 추가로 $p1의 피해를 가합니다.,每有一層$empower造成+$p1額外傷害。,Inflige +$p1 de dégâts supplémentaires par $empower.,Дополнительно наносит +$p1 ед. урона за каждый эффект $empower.,Causa +$p1 de dano por $empower.,Inflige $p1 más de daño adicional por cada $empower.
<!MissingKey:24:Lil Chestnut>,Lil Chestnut,Mini-Truhbert,小板栗,チェストナット君,밤톨이,小板栗,Petite Châtaigne,Зубастик,Pequeno Baulito,Cofremilitín
"<!MissingKey:25:$t[On hit:] $chance% chance to stun for $p1s, this and $affected items gain $p2% accuracy and $chance2% critical hit chance. $t[During $rage[Battle Rage]:] Trigger $p4% faster. >","$t[On hit:] $chance% chance to stun for $p1s, this and $affected items gain $p2% accuracy and $chance2% critical hit chance. $t[During $rage[Battle Rage]:] Trigger $p4% faster. ","$t[Bei Treffer:] $chance% Chance, für $p1s Benommenheit auszulösen, dieser Gegenstand und $affected Gegenstände erhalten $p2% Genauigkeit und $chance2% kritische Trefferchance. $t[Während $rage[Kampfrausch]:] Aktiviert $p4% schneller. ",$t[击中对手时：]有$chance%的几率眩晕对手$p1s，铜指虎和$affected的$h[伤害类物品]都会获得$p2%命中率加成和$chance2%暴击率加成。$t[$rage[狂战士之怒]期间：]效果触发快$p4%。,$t[ヒット時：]$chance%の確率で$p1秒間スタンさせる。この武器と$affectedにある$h[アイテム]の命中率 +$p2%、クリティカル率 +$chance2% $t[$rage[バーサク]中：]使用速度が$p4%上がる,"$t[적중 시:] $chance%의 확률로 $p1초 동안 기절시키며, 이 아이템과 $affected에 위치한 $h[아이템]이 $p2%의 추가 명중률과 $chance2%의 추가 치명타 확률을 지닙니다. $t[$rage[전투 격노] 동안:] $p4% 빠르게 발동합니다.",$t[命中對手時：]有$chance%的機率暈眩對手$p1秒，銅指虎和$affected的$h[傷害類物品]都會獲得$p2%命中率加成和$chance2%暴擊率加成。$t[$rage[戰鬥狂怒]期間：]效果觸發速度加快$p4%。,"$t[Par coup :] $chance % de chance d'étourdir pendant $p1 s, ceci et les $h[Objets] $affected gagnent $p2 % de précision et $chance2 % de chance de coup critique. $t[Pendant le mode $rage[Rage de combat] :] se déclenche $p4 % plus vite.",$t[При попадании:] шанс $chance% оглушить противника на $p1 сек. Сам предмет и $affected $h[предметы] повышают точность на $p2% и шанс критического удара на $chance2%. $t[Во время $rage[ярости]:] срабатывает на $p4% чаще.,"$t[Ao acertar:] $chance% de chance de atordoar por $p1 s, e este e os $h[Itens] $affected ganham $p2% de precisão e $chance2% de chance de acerto crítico. $t[Durante $rage[Fúria de Combate]:] Ativa-se $p4% mais rápido.","$t[Al golpear:] $chance % de probabilidad de aturdir durante $p1 s, este y otros $affected $h[Objetos] obtienen un $p2 % de precisión y un $chance2 % de probabilidad de golpe crítico. $t[Durante la $rage[Rabia de batalla]:] Se activa un $p4 % más rápido."
<!MissingKey:26:Chili Pepper>,Chili Pepper,Chilischote,红辣椒,トウガラシ,고추,紅辣椒,Piment,Перец чили,Pimenta,Guindilla
<!MissingKey:27:$affected $fire-items gain $holy. $t[Start of battle:] Gain $block $bl. Gain $p1 $heat for each $affected $holy-item. $t[Every $cds:] Use $p2 $heat to heal for $p3 and cleanse $p4 debuffs.>,$affected $fire-items gain $holy. $t[Start of battle:] Gain $block $bl. Gain $p1 $heat for each $affected $holy-item. $t[Every $cds:] Use $p2 $heat to heal for $p3 and cleanse $p4 debuffs.,"$affected $fire-Gegenstände erhalten $holy. $t[Kampfbeginn:] Erhalte $block $bl. Erhalte $p1 $heat pro $affected $holy-Gegenstand. $t[Alle $cds:] Nutze $p2 $heat, um $p3 zu heilen und $p4 Debuffs zu entfernen.",$affected的$fire物品获得$holy属性。$t[战斗开始时：]获得$block点$bl。每有一个$affected的$holy物品，获得$p1层$heat。$t[每$cds：]消耗$p2层$heat来获得$p3点生命恢复，并移除$p4层减益效果。,$affectedにある $fire アイテムが $holy を得る $t[バトル開始時：]$block $bl を獲得する。$affectedにある $holy アイテム1個につき$p1 $heat を獲得する $t[$cd秒毎：]$p2 $heat を消費して、体力を$p3回復し、$p4デバフを解除する,$affected에 위치한 $fire 아이템이 $holy 아이템으로도 취급됩니다. $t[전투 시작 시:] $bl를 $block 획득합니다. $affected에 위치한 $holy 아이템마다 $heat를 $p1 획득합니다. $t[$cd초마다:] $heat를 $p2 사용해 체력을 $p3 회복하고 디버프를 $p4개 제거합니다.,$affected的$fire物品獲得$holy屬性。$t[戰鬥開始時：]獲得$block點$bl。每有一個$affected的$holy物品，獲得$p1層$heat。$t[每$cd秒：]消耗$p2層$heat來獲得$p3點生命恢復，並移除$p4層減益效果。,Les objets $fire $affected gagnent $holy. $t[Au début du combat :] gagnez $block $bl. Gagnez $p1 $heat pour chaque objet $holy $affected. $t[Toutes les $cd s :] utilisez $p2 $heat pour guérir de $p3 et retirer $p4 malus.,"$affected $fire предметы также получают тип $holy. $t[Начало боя:] добавляет $block $bl. Добавляет $p1 $heat за каждый $affected $holy предмет. $t[Раз в $cd сек.:] использует $p2 $heat, чтобы восстановить $p3 ед. здоровья и снять до $p4 негативных эффектов.",Os itens-$fire $affected ganham $holy. $t[Início da batalha:] Ganha $block $bl. Ganha $p1 $heat por cada item-$holy $affected. $t[A cada $cd s:] Gasta $p2 $heat para restaurar $p3 de vida e remover $p4 debuffs.,Los objetos de $fire $affected son también $holy. $t[Al comienzo de la batalla:] Obtiene $block $bl. Obtiene $p1 $heat por cada objeto $holy $affected. $t[Cada $cd s:] Usa $p2 $heat para recuperar $p3 PS y eliminar $p4 desventajas.
<!MissingKey:28:Knife to Meet You>,Knife to Meet You,"Schön, Sie zu treffen",刀刀见血,ナイフ・トゥ・ミーチュー,칼 부탁드려요,刀刀見血,Très couteau de vous rencontrer,Нож в спину,Prazer em Te Cortar,¡Endagado de conocerte!
<!MissingKey:29:$t[$p1 $heat gained:] Gain $p2 damage and the next hit of the $affected $h[Weapon] is critical.>,$t[$p1 $heat gained:] Gain $p2 damage and the next hit of the $affected $h[Weapon] is critical.,$t[$p1 $heat erhalten:] Erhöhe Schaden um $p2 und der nächste Treffer der $affected $h[Waffe] ist kritisch.,$t[每获得$p1层$heat：]获得$p2点伤害加成，$affected的$h[武器]下次击中对手将是暴击。,$t[$p1 $heat 獲得毎：]ダメージ値が$p2増え、$affectedにある$h[武器]の次のヒットがクリティカルになる,$t[$heat를 $p1 획득 시:] 가하는 피해가 $p2 증가하고 $affected에 위치한 $h[무기]의 다음 공격이 치명타가 됩니다.,$t[每獲得$p1層$heat：]獲得$p2點傷害加成，$affected的$h[武器]下次擊中對手將是暴擊。,$t[En gagnant $p1 $heat :] gagnez $p2 de dégâts et le prochain coup de l'$h[Arme] $affected est critique.,"$t[Если у героя не менее $p1 $heat:] добавляет $p2 урона, следующее попадание $affected $h[оружием] будет критическим.","$t[$p1 $heat ganho:] Ganha $p2 de dano, e o próximo ataque da $h[Arma] $affected será crítico.",$t[Al ganar $p1 $heat:] Obtiene $p2 de daño y el siguiente impacto del $affected $h [arma] es crítico.
<!MissingKey:30:Chili Goobert>,Chili Goobert,Chili Schlotzbert,辣椒黏黏,トウガラシ・スラバート,고추 슬돌이,辣椒黏呼呼,Viskeu piment,Чили-Слаймер,Gosberto de Pimenta,Viscosino picantín
<!MissingKey:31:$t[Every $cds:] Trigger the effect of a random $h[Potion]. >,"$t[Every $cds:] Trigger the effect of a random $h[Potion]. 

 Triggers $p_speed% faster for each $h[distinct] $affected $h[Potion].","$t[Alle $cds:] Aktiviere den Effekt eines zufälligen $h[Trankes]. 

 Aktiviert $p_speed% schneller pro $h[Art von] $affected $h[Trank].","$t[每$cds：]触发一个随机$h[魔药]的效果。

每有一个$affected的$h[不重复]的$h[魔药]， 触发速度快$p_speed%。","$t[$cd秒毎：]ランダムな$h[ポーション]1個の効果を発動する 

$affectedにある$h[ポーション]1$h[種類]につき使用速度が$p_speed%上がる","$t[$cd초마다:] 무작위 $h[포션]의 효과를 발동합니다.

$affected에 위치한 $h[개별] $h[포션]마다 $p_speed% 빠르게 발동합니다.","$t[每$cds：]觸發一個隨機$h[魔藥]的效果。

每有一個$affected的$h[不重複]的$h[魔藥]， 觸發速度快$p_speed%。","$t[Toutes les $cd s :] déclenchez l'effet d'une $h[Potion] aléatoire. 

 Se déclenche $p_speed % plus vite pour chaque $h[Potion] $affected $h[distincte].","$t[Раз в $cd сек.:] активирует эффект случайного $h[зелья]. 

 Срабатывает на $p_speed% чаще за каждый $h[отдельный] $affected предмет типа $h[зелье].","$t[A cada $cd s:] Aciona o efeito de uma $h[Poção] aleatória. 

 Aciona $p_speed% mais rápido para cada $h[distinta] $h[Poção] $affected.","$t[Cada $cd s:] Activa al azar una $h[Poción]. 

 Se activa un $p_speed % más rápido por cada $h[Poción] $affected $h[distinta]."
<!MissingKey:32:Amethyst Whelp>,Amethyst Whelp,Amethystdrachi,紫水晶幼龙,アメシストの幼竜,자수정 새끼용,紫水晶幼龍,Dragonneau améthyste,Аметистовый дракончик,Dragãozinho de Ametista,Cría amatista
<!MissingKey:33:Mushroom Farm>,Mushroom Farm,Pilzanbau,蘑菇农场,キノコ農園,버섯 농장,蘑菇農場,Ferme à champignons,Грибная ферма,Fazenda de Cogumelos,Granja de champiñones
<!MissingKey:34:Winged Boots>,Winged Boots,Geflügelte Stiefel,飞鞋,ウイングブーツ,날개 달린 신발,飛鞋,Bottes ailées,Крылатые ботинки,Botas Aladas,Botas aladas
<!MissingKey:35:Amulet of the Wild>,Amulet of the Wild,Amulett der Wildnis,自然护符,野生のアミュレット,야생의 아뮬렛,自然護符,Amulette de nature,Амулет леса,Amuleto da Natureza,Amuleto silvestre
<!MissingKey:36:Dragonskin Boots>,Dragonskin Boots,Drachenhautstiefel,龙鳞靴,ドラゴン革のブーツ,용비늘 부츠,龍鱗靴,Bottes de dragon,Сапоги драконоборца,Botas de Couro de Dragão,Botas de piel de dragón
<!MissingKey:37:$h[Ranger] items are offered in the shop. >,"$h[Ranger] items are offered in the shop. 

 $affected items gain $chance% critical hit chance for each $lucky. $t[Every $cds:] Gain $h[1] $lucky.","$h[Waldläufer]-Gegenstände werden im Laden angeboten. 
 $affected Gegenstände erhalten $chance% kritische Trefferchance pro $lucky. $t[Alle $cds:] Erhalte $h[1] $lucky.","可获得$h[游侠]物品。

每有一点$lucky，$affected的物品获得$chance%暴击加成。$t[每$cds：]获得$h[1]点$lucky。","$h[レンジャー]固有アイテムがショップで売られるようになる 

$lucky 1スタックにつき $affectedにあるアイテムのクリティカル率 +$chance% $t[$cd秒毎：]$h[1] $lucky を獲得する","$h[레인저] 아이템이 상점에 등장합니다.

$affected에 위치한 아이템은 $lucky마다 $chance%의 치명타 확률을 획득합니다. $t[$cd초마다:] $lucky을 $h[1] 획득합니다.","可獲得$h[遊俠]物品。

每有一點$lucky，$affected的物品獲得$chance%暴擊加成。$t[每$cd秒：]獲得$h[1]點$lucky。","Les objets de $h[Rôdeur] sont disponibles dans la boutique. 

 Les objets $affected gagnent $chance % de chances de coup critique pour chaque $lucky. $t[Toutes les $cd s :] gagnez $h[1] $lucky.","Предметы $h[лучника] будут продаваться в магазине. 

 $affected предметы получают $chance% шанса критического урона за каждый эффект $lucky. $t[Раз в $cd сек.:] добавляет $h[1] $lucky.","Itens $h[Arqueira] são oferecidos na loja. 

 Itens $affected ganham $chance% de chance de acerto crítico por cada $lucky. $t[A cada $cd s:] Ganha $h[1] $lucky.","Los objetos de $h[Exploradora] se venden en la tienda. 

 Los $affected objetos tienen un $chance % de probabilidad de golpe crítico por cada $lucky. $t[Cada $cd s:] Obtiene $h[1] $lucky."
,,,,,,,,,,
"<!MissingKey:39:$t[Every $cds during $rage[Battle Rage:]] \~Gain $p_heat $heat. $t[If you have $h[Dragonscale Armor], $h[Dragonskin Boots] and $h[Dragon Claws]:] You have +$p_lifesteal% lifesteal for each $heat (up to $p_max%).>","$t[Every $cds during $rage[Battle Rage:]] \~Gain $p_heat $heat. $t[If you have $h[Dragonscale Armor], $h[Dragonskin Boots] and $h[Dragon Claws]:] You have +$p_lifesteal% lifesteal for each $heat (up to $p_max%).","$t[Alle $cds während $rage[Kampfrausch:]] Erhalte $p_heat $heat. $t[Wenn du $h[Drachenpanzer], $h[Drachenhautstiefel] und $h[Drachenklauen] hast:] Du hast +$p_lifesteal% Lebensraub pro $heat (bis zu $p_max%).",$t[$rage[狂战士之怒]期间每经过$cds：]获得$p_heat层$heat。$t[如果你有$h[龙鳞护甲]，$h[龙鳞靴]，$h[龙爪]：]每有一层$heat，生命值偷取效果+$p_lifesteal%（最高叠到20%）。,$t[$rage[バーサク]中$cd秒毎：]$p_heat $heat を獲得する $t[$h[竜鱗の鎧]と$h[ドラゴン革のブーツ]と$h[ドラゴンクロー]を持っている場合：] $heat 1スタックにつき体力吸収率 +$p_lifesteal%（最大$p_max%まで）,"$t[$rage[전투 격노] 동안 $cd초마다:] $heat를 $p_heat 획득합니다. $t[$h[용비늘 갑옷], $h[용비늘 부츠], $h[용의 발톱]을 보유 시:] $heat마다 가한 피해의 $p_lifesteal%만큼 체력을 회복합니다 (최대 $p_max%).",$t[$rage[狂戰士之怒]期間每經過$cds：]獲得$p_heat層$heat。$t[如果你有$h[龍鱗護甲]，$h[龍鱗靴]，$h[龍爪]：]每有一層$heat，生命值偷取效果+$p_lifesteal%（最高疊到20%）。,"$t[Toutes les $cd s pendant $rage[Rage de combat] :] gagnez $p_heat $heat. $t[Si vous avez une $h[Armure d'écailles de dragon], des $h[Bottes de dragon] et des $h[Griffes de dragon] :] vous avez +$p_lifesteal % de vol de vie pour chaque $heat (jusqu'à $p_max %).","$t[Раз в $cd сек. во время активной $rage[ярости:]] добавляет $p_heat $heat. $t[Если у героя есть $h[Доспех драконоборца], $h[Сапоги драконоборца] и $h[Когти дракона]:] герой повышает кражу жизни на $p_lifesteal% за каждый эффект $heat (не более $p_max%).","$t[A cada $cd s durante $rage[Fúria de Combate:]] Ganha $p_heat $heat. $t[Se você tiver $h[Armadura de Escama de Dragão], $h[Botas de Couro de Dragão] e $h[Garras de Dragão]:] Você tem +$p_lifesteal% de roubo de vida para cada $heat (até $p_max%).","$t[Cada $cd s durante la $rage[rabia de batalla]:] Obtiene $p_heat $heat. $t[Si se tiene $h[Armadura draconiana], $h[Botas de piel de dragón] y $h[Garras de dragón]:] Se gana un $p_lifesteal % más de drenaje vital por cada $heat (hasta un máximo del $p_max %)."
<!MissingKey:40:Cannot be blocked by shields or trigger $spikes. >,"Cannot be blocked by shields or trigger $spikes. 

 Deals +$p1 damage for each $affected $h[Pet].","Kann nicht geblockt werden oder $spikes auslösen. 

 Verursacht +$p1 Schaden pro $affected $h[Gefährte]. ","每有一个$affected的$h[宠物]，造成的伤害+$p1。

狼崽的攻击不会触发护盾类物品的效果，也不会触发$spikes。","$affectedにある$h[ペット]1体につき与ダメージ +$p1 

盾で防がれず、 $spikes を発動させない","$affected에 위치한 $h[펫]마다 가하는 피해가 $p1 증가합니다.

공격이 방어되지 않으며 $spikes를 발동시키지 않습니다.","每有一個$affected的$h[寵物]，造成的傷害+$p1。

狼崽的攻擊不會觸發護盾類物品的效果，也不會觸發$spikes。","Inflige +$p1 de dégâts pour chaque $h[Familier] $affected. 

 Impossible à bloquer avec des boucliers ou de déclencher $spikes.","Наносит +$p1 ед. урона за каждый $affected предмет типа $h[питомец]. 

 Нельзя заблокировать щитом и не активирует $spikes.","Causa +$p1 de dano por cada $h[Animal] $affected. 

 Não pode ser bloqueado por escudos nem ativar $spikes.","Inflige $p1 más de daño por cada $h[Mascota] $affected. 

 No se puede bloquear con escudos ni activar $spikes."
<!MissingKey:41:Toad>,Toad,Kröte,蟾蜍,カエル,두꺼비,蟾蜍,Crapaud,Жаба,Sapo,Sapo
<!MissingKey:42:Stoned>,Stoned,Gesteinigt,投石手,石塁,경화,投石手,Pierreux,Друг камней,Pedrado,Pedregal
<!MissingKey:43:Offering Bowl>,Offering Bowl,Opferschale,献祭之碗,供物皿,봉납의 그릇,獻祭之碗,Bol à offrandes,Обрядная чаша,Tigela de Oferendas,Plato de ofrendas
<!MissingKey:44:Poison Spear>,Poison Spear,Giftspeer,剧毒矛,ポイズンスピア,독 창,劇毒矛,Lance empoisonnée,Ядовитое копье,Lança Venenosa,Lanza venenosa
<!MissingKey:45:Power Puppy>,Power Puppy,Welpe der Stärke,全能狼崽,力持ちの子狼,튼튼한 멍멍이,全能狼崽,Louveteau de puissance,Игривый щенок,Filhote do Poder,Cachorro del poder
<!MissingKey:46:$h[Shovels] dig up more valuable items. $t[Start of battle:] Inflict $p_blind $blind.>,$h[Shovels] dig up more valuable items. $t[Start of battle:] Inflict $p_blind $blind.,$h[Schaufeln] graben wertvollere Gegenstände aus. $t[Kampfbeginn:] Verursache $p_blind $blind.,$h[铲铲]会挖出更有价值的物品。$t[战斗开始时：]向对手施加$p_blind层$blind。,$h[シャベル]が掘りだすアイテムの価値が上がる $t[バトル開始時：]$p_blind $blind を付与する。,$h[삽]이 더 값진 아이템을 발굴합니다. $t[전투 시작 시:] $blind을 $p_blind 부여합니다.,$h[鏟鏟]會挖出更有價值的物品。$t[戰鬥開始時：]向對手施加$p_blind層$blind。,Les $h[Pelles] déterrent des objets plus précieux. $t[Au début du combat :] infligez $p_blind $blind.,$h[Лопаты] выкапывают более ценные предметы. $t[Начало боя:] добавляет $p_blind $blind.,$h[Pás] desenterram mais itens valiosos. $t[Início da batalha:] Inflige $p_blind $blind.,Las $h[palas] desentierran objetos aún más valiosos. $t[Al comienzo de la batalla:] Inflige $p_blind $blind.
<!MissingKey:47:$chance2% chance to protect your buffs from removal and your opponent's debuffs from cleansing. $t[$affected $holy-item activates:] $chance% chance to inflict $h[1] $blind for $p1s. $t[Every $cds:] Remove $p2 buffs from your opponent and gain $p3 $regen.>,$chance2% chance to protect your buffs from removal and your opponent's debuffs from cleansing. $t[$affected $holy-item activates:] $chance% chance to inflict $h[1] $blind for $p1s. $t[Every $cds:] Remove $p2 buffs from your opponent and gain $p3 $regen.,"$chance2% Chance, Buffs auf dir und Debuffs auf deinem Gegner vor dem Entfernen zu schützen. $t[$affected $holy-Gegenstand aktiviert:] $chance% Chance, für $p1s $h[1] $blind zu verursachen. $t[Alle $cds:] Entferne $p2 Buffs von deinem Gegner und erhalte $p3 $regen.",有$chance2%的几率阻止你的增益效果和对手的减益效果被净化。$t[$affected的$holy物品激活时：]有$chance%的几率向对手施加$h[1]层$blind，持续$p1s。$t[每$cds：]净化对手$p2层增益效果并获得$p3层$regen。,$chance2%の確率で自分のバフを除去効果から保護し、相手のデバフ解除効果を阻害する $t[$affectedにある $holy アイテム発動時：]$chance%の確率で$p1秒間$h[1] $blind を付与する $t[$cd秒毎：]相手から$p2バフを除去し、$p3 $regen を獲得する,"$chance2%의 확률로 내 버프가 제거되는 것과, 상대에게 부여된 디버프가 정화되는 것을 막습니다. $t[$affected에 위치한 $holy 아이템 발동 시:] $chance%의 확률로 $p1초 동안 $blind를 $h[1] 부여합니다. $t[$cd초마다:] 상대의 무작위 버프를 $p2개 제거하고, $regen을 $p3 획득합니다.",有$chance2%的幾率阻止你的增益效果和對手的減益效果被淨化。$t[$affected的$holy物品啟動時：]有$chance%的幾率向對手施加$h[1]層$blind，持續$p1s。$t[每$cd秒：]淨化對手$p2層增益效果並獲得$p3層$regen。,$chance2 % de chance de protéger vos bonus du retrait et les malus de votre adversaire de la purge. $t[En activant un objet $holy $affected :] $chance % de chance d'infliger $h[1] $blind pendant $p1 s. $t[Toutes les $cd s :] retirez $p2 bonus de votre adversaire et gagnez $p3 $regen.,Шанс $chance2% не допустить снятия усилений с героя и снятия негативных эффектов с противника. $t[При срабатывании $affected $holy предмета:] шанс $chance% наложить на противника $h[1] $blind на $p1 сек. $t[Раз в $cd сек.:] снимает до $p2 усилений с противника и добавляет герою $p3 $regen.,$chance2% de chance de impedir que os seus buffs sejam removidos e os debuffs do oponente sejam purificados. $t[Ativação de item-$holy $affected:] $chance% de chance de infligir $h[1] $blind por $p1 s. $t[A cada $cd s:] Remove $p2 buffs do oponente e ganha $p3 $regen.,"$chance2 % de probabilidad de evitar perder las ventajas propias, y de que el rival elimine sus desventajas. $t[Al activarse un objeto $holy $affected:] $chance % de probabilidad de infligir $h[1] $blind durante $p1 s. $t[Cada $cd s:] Elimina $p2 ventajas del rival y obtiene $p3 $regen."
<!MissingKey:48:Chain Whip>,Chain Whip,Kettenpeitsche,锁链鞭,チェーンウィップ,사슬 채찍,鎖鏈鞭,Fouet à chaîne,Цепная плеть,Chicote de Corrente,Látigo de cadenas
<!MissingKey:49:$t[On hit:] Gain $p_spikes $spikes. $chance% chance to gain $p_empower $empower. $t[$empower gained:] Gain $p_maxhealth maximum health. >,"$t[On hit:] Gain $p_spikes $spikes. $chance% chance to gain $p_empower $empower. $t[$empower gained:] Gain $p_maxhealth maximum health. 

 Deals +$p_damperspike damage per $spikes. ","$t[Bei Treffer:] Erhalte $p_spikes $spikes. $chance% Chance, $p_empower $empower zu erhalten. $t[$empower erhalten:] Erhalte $p_maxhealth Maximalleben. 

 Verursacht +$p_damperspike Schaden pro $spikes. ","$t[击中对手时：]获得$p_spikes层$spikes。有$chance%的几率获得$p_empower层$empower。$t[每次获得一层$empower]：获得$p_maxhealth点最大生命值。

每有一层$spikes，此武器造成+$p_damperspike伤害。","$t[ヒット時：]$p_spikes $spikes を獲得する。$chance%の確率で$p_empower $empower を獲得する $t[$empower 獲得毎：]体力最大値が$p_maxhealth増える

$spikes 1スタックにつき与ダメージ +$p_damperspike","$t[적중 시:] $spikes를 $p_spikes 획득합니다. $chance%의 확률로 $empower를 $p_empower 획득합니다. $t[$empower 획득 시:] 최대 체력을 $p_maxhealth 획득합니다.

$spikes마다 가하는 피해가 $p_damperspike 증가합니다.","$t[擊中對手時：]獲得$p_spikes層$spikes。有$chance%的幾率獲得$p_empower層$empower。$t[每次獲得一層$empower]：獲得$p_maxhealth點最大生命值。

每有一層$spikes，此武器造成+$p_damperspike傷害。","$t[Par coup :] gagne $p_spikes $spikes. $chance % de chances de gagner $p_empower $empower. $t[En gagnant $empower :] gagne $p_maxhealth des PV max.

 Inflige +$p_damperspike de dégâts par $spikes.","$t[При попадании:] добавляет $p_spikes $spikes. Шанс $chance% добавить $p_empower $empower. $t[Герой получает $empower:] повышает максимальное здоровье на $p_maxhealth ед. 

 Наносит +$p_damperspike ед. урона за каждый $spikes.","$t[Ao acertar:] Ganha $p_spikes $spikes. $chance% de chance de ganhar $p_empower $empower. $t[$empower ganhos:] Ganha $p_maxhealth de vida máxima. 

 Causa +$p_damperspike de dano por $spikes.","$t[Al golpear:] Obtiene $p_spikes $spikes. $chance % de probabilidad de obtener $p_empower $empower. $t[Al obtener $empower:] Obtiene $p_maxhealth PS máx. 

 Inflige $p_damperspike más de daño por cada $spikes."
<!MissingKey:50:Power of the Moon>,Power of the Moon,Bei der Macht des Mondes!,月亮之力,月の力,달의 힘,月亮之力,Pouvoir de la lune,Сила луны,Poder da Lua,Poder de la luna
<!MissingKey:51:Spiked Staff>,Spiked Staff,Stachelstab,尖刺法杖,トゲの杖,가시 지팡이,尖刺法杖,Bâton à pointes,Шипованный посох,Cajado de Espinhos,Bastón de pinchos
<!MissingKey:52:Burning Sword>,Burning Sword,Flammenschwert,火焰短剑,炎の剣,불타는 검,火焰短劍,Épée brûlante,Горящий меч,Espada Incendiada,Espada ardiente
<!MissingKey:53:$rage[Battle Rage] lasts $p1s longer. $t[$rage[Battle Rage] entered:] Gain $p2 $spikes.>,$rage[Battle Rage] lasts $p1s longer. $t[$rage[Battle Rage] entered:] Gain $p2 $spikes.,$rage[Kampfrausch] hält $p1s länger an. $t[$rage[Kampfrausch] beginnt:] Erhalte $p2 $spikes.,$rage[狂战士之怒]持续时间加长$p1s。$t[进入$rage[狂战士之怒]时：]获得$p2层$spikes。,$rage[バーサク]持続時間 +$p1秒 $t[$rage[バーサク]突入時：]$p2 $spikes を獲得する,$rage[전투 격노]가 $p1초 더 길게 지속됩니다. $t[$rage[전투 격노] 돌입 시:] $spikes를 $p2 획득합니다.,$rage[戰鬥狂怒]持續時間加長$p1秒。$t[進入$rage[戰鬥狂怒]時：]獲得$p2層$spikes。,$rage[Rage de combat] dure $p1 s plus longtemps. $t[En mode $rage[Rage de combat] :] gagnez $p2 $spikes.,$rageЭффект [ярости] длится на $p1 сек. дольше. $t[При активации эффекта $rage[ярость]:] добавляет $p2 $spikes.,$rage[Fúria de Combate] dura $p1 s a mais. $t[Ao entrar em $rage[Fúria de Combate]:] Ganhe $p2 $spikes.,$rageLa [Rabia de batalla] dura $p1 s más. $t[Al entrar en $rage[Rabia de batalla]:] Obtiene $p2 $spikes.
<!MissingKey:54:$t[Start of battle:] $red[Both] players take \~-$p_damreduction% damage for $p2s (unstackable). Inflict $p_blind $blind to $red[both] players.>,$t[Start of battle:] $red[Both] players take \~-$p_damreduction% damage for $p2s (unstackable). Inflict $p_blind $blind to $red[both] players.,$t[Kampfbeginn:] $red[Beide] Spieler erleiden -$p_damreduction% Schaden für $p2s (nicht stapelbar). Verursache $p_blind $blind für $red[beide] Spieler.,$t[战斗开始时：] $red[两名]玩家的伤害-$p_damreduction%，持续$p2s（无法叠加）。并向$red[两名]玩家施加$p_blind层$blind。,$t[バトル開始時：]$p2秒間、$red[両方]のプレイヤーが受けるダメージ -$p_damreduction%（重複不可）。$red[両方]のプレイヤーに$p_blind $blind を付与する,$t[전투 시작 시:] $red[두] 플레이어는 $p2초 동안 받는 피해가 $p_damreduction% 감소합니다 (중첩 불가). $red[두] 플레이어에게 $blind을 $p_blind 부여합니다.,$t[戰鬥開始時：] $red[兩名]玩家的傷害-$p_damreduction%，持續$p2s（無法疊加）。並向$red[兩名]玩家施加$p_blind層$blind。,$t[Au début du combat :] les $red[Deux] joueurs subissent $p_damreduction % de dégâts en moins pendant $p2 s (non cumulable). Infligez $p_blind $blind aux $red[Deux] joueurs.,$t[Начало боя:] $red[оба] игрока получают -$p_damreduction% урона в течение $p2 сек. (эффект не суммируется). Накладывает $p_blind $blind $red[на себя и на противника].,$t[Início da batalha:] $red[Ambos] os jogadores recebem -$p_damreduction% de dano por $p2 s (não acumulável). Causa $p_blind $blind a $red[ambos] os jogadores.,$t[Al comienzo de la batalla:] $red[Ambos] jugadores reciben un -$p_damreduction % de daño durante $p2 s (no acumulable). Inflige $p_blind $blind a $red[ambos] jugadores.
<!MissingKey:55:$t[Every $cds:] Deal $p_dam $effect-damage with $p_lifesteal% lifesteal and trigger a random $affected $h[Food]. >,"$t[Every $cds:] Deal $p_dam $effect-damage with $p_lifesteal% lifesteal and trigger a random $affected $h[Food]. 

 $affected $h[Food] gains $dark. 

 Triggers $p1% faster for each \~$affected $dark-item.","$t[Alle $cds:] Verursache $p_dam $effect-Schaden mit $p_lifesteal% Lebensraub und aktiviere ein zufälliges $affected $h[Essen]. 

 $affected $h[Essen] erhält $dark. 

 Aktiviert $p1% schneller pro\~$affected $dark-Gegenstand.","$t[每$cds：]造成带有$p_lifesteal%生命偷取效果的$p_dam点$effect伤害，并触发一个随机$affected的$h[食物]效果。

 $affected的$h[食物]获得$dark属性。

 每有一个$affected的$dark物品，克总之颅触发快$p1%。","$t[$cd秒毎：]体力吸収率$p_lifesteal%の$p_dam $effect ダメージを与え、$affectedにあるランダムな$h[食べ物]1個を発動する 

$affectedにある$h[食べ物]が $dark を得る 

 $affectedにある $dark アイテム1個につき使用速度が$p1%上がる","$t[$cd초마다:] $p_lifesteal%의 생명력을 흡수하는 $effect 피해를 $p_dam 가하고 $affected에 위치한 무작위 $h[음식]을 발동시킵니다.

$affected에 위치한 $h[음식]이 $dark으로도 취급됩니다.

$affected에 위치한 $dark 아이템마다 $p1% 빠르게 발동합니다.","$t[每$cds：]造成帶有$p_lifesteal%生命偷取效果的$p_dam點$effect傷害，並觸發一個隨機$affected的$h[食物]效果。

 $affected的$h[食物]獲得$dark屬性。

 每有一個$affected的$dark物品，克總之顱觸發快$p1%。","$t[Toutes les $cds :] infligez $p_dam de dégâts $effect avec $p_lifesteal % de vol de vie et déclenchez une $h[Nourriture] $affected aléatoire. 

 La $h[Nourriture] $affected gagne $dark. 

 Se déclenche $p1 % plus vite pour chaque objet $dark $affected.","$t[Раз в $cd сек.:] наносит $p_dam $effect-урона, крадет $p_lifesteal% жизни противника и активирует случайный $affected предмет типа $h[еда]. 

 $affected предмет типа $h[еда] добавляет $dark. 

 Активируется на $p1% чаще за каждый $affected предмет типа $dark.","$t[A cada $cd s:] Causa $p_dam de dano de $effect com $p_lifesteal% de roubo de vida e ativa um $h[Alimento] $affected aleatório. 

 $h[Alimento] $affected ganha $dark. 

 Aciona $p1% mais rápido para cada item-$dark $affected.","$t[Cada $cd s:] Inflige $p_dam de daño de $effect con un $p_lifesteal % de drenaje vital y activa $h[comida] $affected al azar. 

 Las $h[Comidas] $affected obtienen $dark. 

 Activa un $p1 % más rápido por cada objeto $dark $affected."
<!MissingKey:56:Big Bowl of Treats>,Big Bowl of Treats,Gut gefüllte Futterschale,一碗零食,エサの盛り合わせ,커다란 간식 그릇,一碗零食,Grand bol de friandises,Миска угощений,Tigelão de Alimentos,Bol para mascotas
<!MissingKey:57:$h[Gooblings] are offered in the shop. $t[On buy:] Generate a $h[Goobling]. $t[Every $cds:] Advance all $h[Gooberts] and $h[Gooblings] by $h[1] activation.>,$h[Gooblings] are offered in the shop. $t[On buy:] Generate a $h[Goobling]. $t[Every $cds:] Advance all $h[Gooberts] and $h[Gooblings] by $h[1] activation.,$h[Schlötzchen] werden im Laden angeboten. $t[Bei Kauf:] Erhalte ein $h[Schlötzchen]. $t[Alle $cds:] Erhöhe die Aktivierungen aller $h[Schlotzberts] und $h[Schlötzchen] um $h[1].,$h[黏宝宝]将在商店出售。$t[购买此物品时：]生成一个$h[黏宝宝]。$t[每$cds：]$h[黏黏]和$h[黏宝宝]的效果触发激活计数器加$h[1]。,$h[チビバート]がショップで売られるようになる $t[購入時：]$h[チビバート]1体を生成する $t[$cd秒毎：]すべての$h[スラバート]と$h[チビバート]の発動カウントを$h[1]進める,$h[슬블링]이 상점에 등장합니다. $t[구매 시:] $h[슬블링]을 생성합니다. $t[$cd초마다:] 모든 $h[슬돌이]와 $h[슬블링]의 발동 카운트를 $h[1] 증가시킵니다.,$h[黏寶寶]將在商店出售。$t[購買此物品時：]生成一個$h[黏寶寶]。$t[每$cd秒：]$h[黏呼呼]和$h[黏寶寶]的效果觸發啟動計數器加$h[1]。,Les $h[Viskelins] sont disponibles dans la boutique. $t[À l'achat :] génère un $h[Viskelin]. $t[Toutes les $cd s :] avancez tous les $h[Viskeux] et $h[Viskelins] de $h[1] activation.,$h[Ростки Слаймера] будут продаваться в магазине. $t[При покупке:] создает $h[Росток Слаймера]. $t[Раз в $cd сек.:] добавляет всем $h[Слаймерам] и $h[Росткам Слаймера] по $h[1] активации.,$h[Gosminhos] são oferecidos na loja. $t[Ao comprar:] Gera um $h[Gosminho]. $t[A cada $cd s:] Avança todos os $h[Gosbertos] e $h[Gosminhos] por $h[1] ativação.,Los $h[viscosetes] se venden en la tienda. $t[Al comprar:] Crea un $h[viscosete]. $t[Cada $cd s:] Avanza a todos los $h[viscosinos] y $h[viscosetes] en $h[1] activación.
<!MissingKey:58:Add $h[6] backpack slots. $t[Health drops below $p1%:] Enter $rage[Battle Rage] for $p2s (once). $t[During $rage[Battle Rage]:] Items inside trigger $p3% faster. You take $p4% reduced damage.>,Add $h[6] backpack slots. $t[Health drops below $p1%:] Enter $rage[Battle Rage] for $p2s (once). $t[During $rage[Battle Rage]:] Items inside trigger $p3% faster. You take $p4% reduced damage.,Fügt $h[6] Rucksackplätze hinzu. $t[Leben fällt unter $p1%:] Verfalle in $rage[Kampfrausch] für $p2s (einmalig). $t[Während $rage[Kampfrausch]:] Gegenstände darin aktivieren $p3% schneller. Eingehender Schaden ist um $p4% reduziert. ,增加$h[6]格背包槽位。$t[当生命值低于$p1%时：]进入$rage[狂战士之怒]，持续$p2s（单次触发）。$t[$rage[狂战士之怒]期间：]包内物品触发快$p3%。你受到的伤害减少$p4%。,バックパックのスロットを$h[6]追加する $t[体力が$p1%未満に低下時：]$p2秒間$rage[バーサク]状態に突入する（1回のみ） $t[$rage[バーサク]中：]中にあるアイテムの使用速度が$p3%上がる。受けるダメージ -$p4%,배낭 슬롯을 $h[6]개 추가합니다. $t[체력이 $p1% 아래로 떨어질 시:] $p2초 동안 $rage[전투 격노] 상태에 돌입합니다 (한 번). $t[$rage[전투 격노] 동안:] 내부에 위치한 아이템이 $p3% 빠르게 발동합니다. 받는 피해량이 $p4% 감소합니다.,增加$h[6]格背包槽位。$t[當生命值低於$p1%時：]進入$rage[戰鬥狂怒]，持續$p2秒（單次觸發）。$t[$rage[戰鬥狂怒]期間：]背包內物品觸發速度加快$p3%。你受到的傷害減少$p4%。,Ajoutez $h[6] emplacements de sac à dos. $t[PV inférieurs à $p1 % :] entrez en mode $rage[Rage de combat] pendant $p2 s (une fois). $t[Pendant le mode $rage[Rage de combat] :] les objets à l'intérieur se déclenchent $p3 % plus vite. Vous subissez $p4 % de dégâts en moins.,Добавляет $h[6] слотов к рюкзаку. $t[При здоровье ниже $p1%:] впадает в $rage[ярость] на $p2 сек. (один раз за бой). $t[При активации эффекта $rage[ярость]:] предметы внутри срабатывают на $p3% чаще. Урон по герою снижается на $p4%.,Adiciona $h[6] espaços à mochila. $t[Vida abaixo de $p1%:] Induz $rage[Fúria de Combate] por $p2 s (uma vez). $t[Durante $rage[Fúria de Combate]:] Os itens dentro deste item ativam-se $p3% mais rápido. Você sofre $p4% menos dano.,Añade $h[6] espacios a la mochila. $t[Si los PS caen por debajo del $p1 %:] Entra en $rage[Rabia de batalla] durante $p2 s (una vez). $t[Durante la $rage[Rabia de batalla]:] Los objetos dentro se activan un $p3 % más rápido. El daño que se recibe se reduce en un $p4 %.
<!MissingKey:59:More Stats>,More Stats,Noch höhere Attribute,更多加成,もっと力を！,더 많은 스탯,更多加成,Plus de statistiques,Залог всех побед,Mais Atributos,Más estadísticas
<!MissingKey:60:Amulet of Feasting>,Amulet of Feasting,Amulett der Köstlichkeiten,食物护符,大食のアミュレット,포식의 아뮬렛,食物護符,Amulette de festin,Амулет пиршества,Amuleto da Comilança,Amuleto de banquete
<!MissingKey:61:Belladonna's Shade>,Belladonna's Shade,Belladonnas Schatten,颠茄剧毒短弓,ベラドンナの影毒弓,벨라돈나의 그림자,顛茄劇毒短弓,Ombre de Belladonna,Тень Белладонны,Sombra de Beladona,Sombra de belladona
<!MissingKey:62:Hardwood>,Hardwood,Hartholz,硬木,堅木,굳건한 나무,硬木,Bois massif,Деревообработка,Madeira Dura,Madera noble
<!MissingKey:63:$t[On attack:] Lose $p1 health. $t[Before defeat:] Use all your $heat to $h[reincarnate] with $p2 health per $heat (once). >,$t[On attack:] Lose $p1 health. $t[Before defeat:] Use all your $heat to $h[reincarnate] with $p2 health per $heat (once). ,$t[Bei Angriff:] Verliere $p1 Leben. $t[Vor Niederlage:] Nutze all dein $heat und $h[reinkarniere] mit $p2 Leben pro $heat (einmalig). ,$t[攻击时：]失去$p1点生命值。$t[生命值变为0时：]消耗你所有的$heat来$h[复活]，每层$heat给予$p2点生命值（单次触发）。,$t[攻撃時：]体力を$p1失う $t[敗北直前：]すべての $heat を消費して、$heat 1スタックにつき体力$p2で$h[復活]する（1回のみ）,$t[공격 시:] 체력을 $p1 잃습니다. $t[패배 전:] 모든 $heat를 사용해 $heat마다 $p2의 체력을 지닌 상태로 $h[부활]합니다 (한 번).,$t[攻擊時：]失去$p1點生命值。$t[生命值變為0點時：]消耗你所有的$heat來$h[復活]，每層$heat給予$p2點生命值（單次觸發）。,$t[Par attaque :] perdez $p1 de PV. $t[Avant la défaite :] utilisez toute votre $heat pour $h[ressusciter] avec $p2 de PV par $heat (une fois).,"$t[При атаке:] герой теряет $p1 ед. здоровья. $t[Перед поражением:] использует все эффекты $heat, чтобы $h[возродить] героя с $p2 ед. здоровья за каждый эффект $heat (один раз за бой).",$t[Ao atacar:] Diminui $p1 de vida. $t[Antes de sofrer derrota:] Gasta todo o $heat para $h[reviver] com $p2 de vida por $heat (uma vez).,$t[Al atacar:] Pierde $p1 PS. $t[Antes de la derrota:] Usa todo el $heat disponible para $h[resucitar] con $p2 PS por cada $heat (una vez).
<!MissingKey:64:Box of Prosperity>,Box of Prosperity,Kiste des Wohlstandes,财富之盒,財宝の箱,번영의 상자,財富之盒,Boîte de prospérité,Коробка богатства,Caixa da Prosperidade,Caja de la prosperidad
<!MissingKey:65:$t[On reveal:] Gain $p_buffs random buffs. $t[For each pair before:] Resist $h[1] critical hit. $t[For each three of a kind before:] Your $h[Weapons] use -$p_stamina% stamina. $t[For each four of a kind before:] Activate $p_cards random revealed cards (except Jimbos).>,$t[On reveal:] Gain $p_buffs random buffs. $t[For each pair before:] Resist $h[1] critical hit. $t[For each three of a kind before:] Your $h[Weapons] use -$p_stamina% stamina. $t[For each four of a kind before:] Activate $p_cards random revealed cards (except Jimbos).,$t[Beim Aufdecken:] Erhalte $p_buffs zufällige Buffs. $t[Für jedes vorhergehende Paar:] Vermeide $h[1] kritischen Treffer. $t[Für jeden vorgehenden Drilling:] Deine $h[Waffen] verbrauchen $p_stamina% weniger Ausdauer. $t[For jeden vorhergehenden Vierling:] Aktiviere $p_cards zufällige aufgedeckte Karten (außer Jimbos).,$t[翻开时：]获得$p_buffs层随机增益效果。$t[之前每有一个对子：]抵抗$h[1]次暴击。$t[之前每有一个三条：]你的$h[武器]消耗的耐力减少$p_stamina%。$t[之前每有一个四条：]随机激活$p_cards张翻开的卡牌（小丑牌除外）。,$t[めくる時：]$p_buffsバフを獲得する $t[前にめくった同一カード2枚ごと：]クリティカルを$h[1]回防止する $t[前にめくった同一カード3枚ごと：]$h[武器]のスタミナ消費値 -$p_stamina% $t[前にめくった同一カード4枚ごと：]めくったカード（ジョーカーを除く）の効果を$p_cards回ランダムに発動する,$t[공개 시:] 무작위 버프를 $p_buffs개 획득합니다. $t[이전에 있었던 페어마다:] 치명타에 $h[1]번 저항합니다. $t[이전에 있었던 트리플마다:] 내 $h[무기]가 스태미나를 $p_stamina% 적게 사용합니다. $t[이전에 있었던 포카드마다:] 공개된 무작위 카드 $p_cards장을 발동합니다 (짐보 제외).,$t[翻開時：]獲得$p_buffs層隨機增益效果。$t[之前每有一個對子：]抵抗$h[1]次暴擊。$t[之前每有一個三條：]你的$h[武器]消耗的耐力減少$p_stamina%。$t[之前每有一個四條：]隨機啟動$p_cards張翻開的卡牌（小丑牌除外）。,$t[Par tirage :] gagnez $p_buffs bonus aléatoires. $t[Pour chaque paire avant :] résistez à $h[1] coup critique. $t[Pour chaque brelan avant :] Vos $h[Armes] utilisent $p_stamina % d'endurance en moins. $t[Pour chaque carré avant :] activez $p_cards cartes découverte aléatoires (hormis les Jokers).,$t[При раскрытии:] добавляет $p_buffs случайных усилений. $t[За каждую предшествующую пару карт в цепочке:] игнорирует $h[1] критический удар. $t[За каждые три предшествующие карты в цепочке:] $h[оружие] героя расходует -$p_stamina% энергии. $t[За каждые четыре предшествующие карты в цепочке:] активирует до $p_cards случайных раскрытых карт в цепочке (кроме карты «Джимбо»).,$t[Ao revelar:] Ganha $p_buffs buffs aleatórios. $t[Por cada par antes:] Resiste a $h[1] acerto crítico. $t[Por cada trinca antes:] suas $h[Armas] gastam -$p_stamina% de vigor. $t[Por cada quadra antes:] ativa $p_cards cartas aleatórias reveladas (exceto Jimbos).,$t[Al revelarse:] Obtiene $p_buffs ventajas al azar. $t[Por cada pareja anterior:] Resiste $h[1] golpe crítico. $t[Por cada trío anterior:] Las $h[Armas] gastan un $p_stamina % menos de resistencia. $t[Por cada cuatro cartas iguales:] Activa $p_cards cartas reveladas al azar que no sean un comodón.
<!MissingKey:66:Cthulhu>,Cthulhu,Cthulhu,克总之颅,クトゥルフ,크툴루,克總之顱,Cthulhu,Ктулху,Cthulhu,Cthulhu
<!MissingKey:67:$t[Start of battle:] Gain $p_heat $heat. $t[Every $cds:] The $affected $h[Weapon] gains \~$p_dam damage and $p_accuracy% accuracy.>,$t[Start of battle:] Gain $p_heat $heat. $t[Every $cds:] The $affected $h[Weapon] gains \~$p_dam damage and $p_accuracy% accuracy.,$t[Bei Kampfbeginn:] Erhalte $p_heat $heat. $t[Alle $cds:] Die $affected $h[Waffe] erhält $p_dam Schaden und $p_accuracy% Genauigkeit.,$t[战斗开始时：]获得$p_heat层$heat。$t[每$cds：]$affected的武器获得$p_dam伤害和$p_accuracy%命中率加成。,$t[バトル開始時：]$p_heat $heat を獲得する $t[$cd秒毎：]$affectedにある$h[武器]のダメージ値が$p_dam増え、命中率 +$p_accuracy%,"$t[전투 시작 시:] $heat를 $p_heat 획득합니다. $t[$cd초마다:] $affected에 위치한 $h[무기]가 가하는 피해가 $p_dam, 명중률이 $p_accuracy% 증가합니다. ",$t[戰鬥開始時：]獲得$p_heat層$heat。$t[每$cd秒：]$affected的武器獲得$p_dam傷害和$p_accuracy%命中率加成。,$t[Au début du combat :] gagnez $p_heat $heat. $t[Toutes les $cd s :] L'$h[Arme] $affected gagne $p_dam de dégâts et $p_accuracy % de précision.,$t[Начало боя:] добавляет $p_heat $heat. $t[Раз в $cd сек.:] $affected $h[оружие] получает +$p_dam ед. урона и +$p_accuracy% точности.,$t[Início da batalha:] Ganhe $p_heat $heat. $t[A cada $cd s:] a $h[Arma] $affected ganha $p_dam de dano e $p_accuracy% de precisão.,$t[Al comienzo de la batalla:] Obtiene $p_heat $heat. $t[Cada $cd s:] El $affected $h[Arma] gana $p_dam de daño y $p_accuracy % de precisión.
<!MissingKey:68:$t[$p1 $affected item activations:] Heal for $p2.>,$t[$p1 $affected item activations:] Heal for $p2.,$t[$p1 $affected Gegenstandsaktivierungen:] Heile um $p2.,$t[$p1个$affected的物品激活时：]恢复$p2点生命值。,$t[$affectedにあるアイテム$p1回発動時：]体力を$p2回復する,$t[$affected에 위치한 아이템이 $p1회 발동 시:] 체력을 $p2 회복합니다.,$t[$p1個$affected的物品啟動時：]恢復$p2點生命值。,$t[En activant l'objet $affected $p1 fois :] guérissez de $p2.,$t[При срабатывании $p1 $affected предметов:] восстанавливает $p2 ед. здоровья.,$t[$p1 $affected ativações de item:] Cura por $p2.,$t[Al activar $p1 $affected objetos:] Recupera $p2 PS.
<!MissingKey:69:Acorn Ace>,Acorn Ace,Eichenass,王牌橡子,ドングリ・エース,도토리 에이스,王牌橡子,As critique,Король желудей,Ás de Bolota,As de bellota
<!MissingKey:70:Your $h[starting class] items are $h[no longer] offered in the shop (even when this item is in storage). $t[Shop entered:] Generate items worth $p_goldvalue $gold. $t[Every $cds:] Gain $block $bl.>,Your $h[starting class] items are $h[no longer] offered in the shop (even when this item is in storage). $t[Shop entered:] Generate items worth $p_goldvalue $gold. $t[Every $cds:] Gain $block $bl.,Gegenstände deiner $h[Startklasse] werden nicht mehr im Laden angeboten (auch wenn dieser Gegenständ im Lager liegt). $t[Laden betreten:] Erhalte Gegenstände im Wert von $p_goldvalue $gold. $t[Alle $cds:] Erhalte $block $bl.,无法获得$h[职业专属]物品（即使石头徽章在储存箱也无法获得）。$t[进入商店时：]生成价值$p_goldvalue枚$gold的物品。$t[每$cds：]获得$block点$bl。,$h[最初に選んだクラス]の固有アイテムが（このアイテムが保管ボックス内にある場合でも）ショップで$h[売られなくなる] $t[ショップ入店時：]$p_goldvalue $goldの価値のアイテムを生成する $t[$cd秒毎：]$block $bl を獲得する,$h[시작 직업]의 아이템이 상점에 $h[등장하지 않습니다]. (해당 아이템이 창고에 있더라도 적용). $t[상점 진입 시:] $p_goldvalue $gold의 가치를 지닌 아이템을 생성합니다. $t[$cd초마다:] $bl를 $block 획득합니다.,無法取得$h[流派專屬]物品（即使石頭徽章在儲存箱也無法取得）。 $t[進入商店時：]產生價值$p_goldvalue枚$gold的物品。 $t[每$cd秒：]獲得$block層$bl。,Vos objets de $h[classe initiale] $h[ne sont plus] disponibles dans la boutique (même lorsque cet objet est en réserve). $t[En entrant dans la boutique :] générez des objets d'une valeur de $p_goldvalue $gold. $t[Toutes les $cd s :] gagnez $block $bl.,$h[Начальные предметы вашего класса] больше $h[не будут] продаваться в магазине (даже если предмет находится в сундуке). $t[Переход в магазин:] создает предмет стоимостью $p_goldvalue $gold. $t[Раз в $cd сек.:] добавляет $block $bl.,Os itens da sua $h[classe inicial] $h[não são mais] disponibilizados na loja (mesmo quando este item estiver no depósito). $t[Ao entrar na loja:] Gera itens que custam $p_goldvalue $gold. $t[A cada $cd s:] Ganhe $block $bl.,Los objetos de la $h[clase inicial] elegida $h[ya no] se venderán en la tienda (mientras se posea este objeto). $t[Al entrar en la tienda:] Genera objetos por valor de $p_goldvalue $gold. $t[Cada $cd s:] Obtiene $block $bl.
<!MissingKey:71:Doom Cap>,Doom Cap,Knollenblätterzerberster,致死蘑菇,ハメツダケ,파멸의 버섯,致死蘑菇,Capuchon funeste,Гриб хаоса,Capuz do Destino,Gorra de la perdición
<!MissingKey:72:Dragon Claws>,Dragon Claws,Drachenklauen,龙爪,ドラゴンクロー,용의 발톱,龍爪,Griffes de dragon,Когти драконоборца,Garras de Dragão,Garras de dragón
<!MissingKey:73:Reverse!>,Reverse!,Zurück!,反弹！,リバース！,반대로!,反彈！,Inversion !,Реверс!,Inverter!,¡Cambio de sentido!
<!MissingKey:74:Hawk Rune>,Hawk Rune,Adlerrune,猎鹰符文,タカのルーン,매의 룬,獵鷹符文,Rune d'aigle,Руна ястреба,Runa de Gavião,Runa de halcón
<!MissingKey:75:$t[Every $cds:] Gain $block $bl and cleanse \~$p1 $cold. Increase $bl gain by $p3. >,"$t[Every $cds:] Gain $block $bl and cleanse \~$p1 $cold. Increase $bl gain by $p3. 

  Triggers $p2% faster for each $affected $h[Pet].","$t[Alle $cds:] Erhalte $block $bl und entferne $p1 $cold. Erhöht erhaltenen $bl um $p3. 

  Aktiviert $p2% schneller pro $affected $h[Gefährte].","$t[每$cds：]获得$block点$bl并净化$p1层$cold。狼崽$bl的获得增加$p3点。

每有一个$affected的$h[宠物]，效果触发快$p2%。","$t[$cd秒毎：]$block $bl を獲得し、$p1 $cold を解除する。獲得する$bl が$p3増える 

$affectedにある$h[ペット]1体につき使用速度が$p2%上がる","$t[$cd초마다:] $bl를 $block 획득하고, $cold를 $p1 정화합니다. 획득하는 $bl가 $p3 증가합니다.

$affected에 위치한 $h[펫]마다 $p2% 빠르게 발동합니다.","$t[每$cd秒：]獲得$block點$bl並淨化$p1層$cold。狼崽$bl的獲得增加$p3點。

每有一個$affected的$h[寵物]，效果觸發快$p2%。","$t[Toutes les $cd s :] gagnez $block $bl et purgez $p1 $cold. Augmentez le gain de $bl de $p3. 

 Se déclenche $p2 % plus vite pour chaque $h[Familier] $affected.","$t[Раз в $cd сек.:] добавляет $block $bl и снимает $p1 $cold. Повышает получение $bl на $p3. 

 Срабатывает на $p2% чаще за каждый $affected предмет типа $h[питомец].","$t[A cada $cd s:] Ganha $block $bl e purifica $p1 $cold. Aumenta os ganhos de $bl em $p3. 

 Ativa $p2% mais rápido por cada $h[Animal] $affected.","$t[Cada $cd s:] Obtiene $block $bl y elimina $p1 $cold. Aumenta la ganancia de $bl en $p3. 

 Se activa un $p2 % más rápido por cada $h[Mascota] $affected."
<!MissingKey:76:$h[Runes] are offered in the shop. $t[Start of battle:] Gain $p1 $lucky for each socketed $h[Gemstone]. $t[Every $cds:] Use $p2 $lucky to gain \~$p3 random buffs.>,$h[Runes] are offered in the shop. $t[Start of battle:] Gain $p1 $lucky for each socketed $h[Gemstone]. $t[Every $cds:] Use $p2 $lucky to gain \~$p3 random buffs.,"$h[Runen] werden im Laden angeboten. $t[Kampfbeginn:] Erhalte $p1 $lucky pro $h[Edelstein] in einem Sockel. $t[Alle $cds:] Nutze $p2 $lucky, um $p3 zufällige Buffs zu erhalten.",$h[卢恩符文]将在商店售出。$t[战斗开始时：]每有一个放入槽位的$h[宝石]，获得$p1点$lucky。$t[每$cds：]消耗$p2点$lucky以获得$p3层随机增益效果。,$h[ルーン]がショップで売られるようになる $t[バトル開始時：]装着した$h[宝石]1個につき$p1 $lucky を獲得する $t[$cd秒毎：]$p2 $lucky を消費して、$p3バフを獲得する,$h[룬]이 상점에 등장합니다. $t[전투 시작 시:] 소켓에 배치된 $h[보석]마다 $lucky을 $p1 획득합니다. $t[$cd초마다:] $lucky을 $p2 사용해 무작위 버프를 $p3개 획득합니다.,$h[盧恩符文]將在商店售出。$t[戰鬥開始時：]每有一個放入欄位的$h[寶石]，獲得$p1點$lucky。$t[每$cd秒：]消耗$p2點$lucky以獲得$p3層隨機增益效果。,Des $h[Runes] sont disponibles dans la boutique. $t[Au début du combat :] gagnez $p1 $lucky pour chaque $h[Pierre précieuse] incrustée. $t[Toutes les $cd s :] utilisez $p2 $lucky pour gagner $p3 bonus aléatoires.,"$h[Руны] различных типов будут продаваться в магазине. $t[Начало боя:] добавляет $p1 $lucky за каждый $h[самоцвет], размещенный в слоте предмета. $t[Раз в $cd сек.:] использует $p2 $lucky, чтобы получить $p3 случайных усилений.",$h[Runas] são disponibilizadas na loja. $t[Início da batalha:] Ganhe $p1 $lucky por cada $h[Gema] encaixada. $t[A cada $cd s:] Gasta $p2 $lucky para ganhar $p3 buffs aleatórios.,Las $h[Runas] se venden en la tienda. $t[Al comienzo de la batalla:] Obtiene $p1 $lucky por cada $h[Gema] engarzada. $t[Cada $cd s:] Usa $p2 $lucky para obtener $p3 ventajas al azar.
<!MissingKey:77:Flame>,Flame,Flamme,火焰,フレイム,불꽃,火焰,Flamme,Пламя,Chama,Llama
<!MissingKey:78:Amethyst Egg>,Amethyst Egg,Amethystei,紫水晶龙蛋,アメシストエッグ,자수정 알,紫水晶龍蛋,Œuf améthyste,Аметистовое яйцо,Ovo de Ametista,Huevo amatista
<!MissingKey:79:$fatigue[Fatigue] starts $p1s earlier. $t[$affected $h[Moon Armor] activates:] \~Inflict $p_blind $blind. $t[$affected $h[Moon Shield] activates:] \~Reflect $h[1] debuff. $t[$fatigue[Fatigue] starts:] Increase your maximum health by $p_maxhealth%.>,$fatigue[Fatigue] starts $p1s earlier. $t[$affected $h[Moon Armor] activates:] \~Inflict $p_blind $blind. $t[$affected $h[Moon Shield] activates:] \~Reflect $h[1] debuff. $t[$fatigue[Fatigue] starts:] Increase your maximum health by $p_maxhealth%.,$fatigue[Erschöpfung] beginnt $p1s früher. $t[$affected $h[Mondrüstung] aktiviert:] Verursache $p_blind $blind. $t[$affected $h[Mondschild] aktiviert:] Reflektiere $h[1] Debuff. $t[$fatigue[Erschöpfung] beginnt:] Erhöhe dein Maximalleben um $p_maxhealth%.,$fatigue[疲惫]提前$p1s开始。$t[$affected的$h[月光护甲]激活时：]向对手施加$p_blind层$blind。$t[$affected的$h[月光盾]激活时：]反射$h[1]层减益效果。 $t[$fatigue[疲惫]开始时：]增加$p_maxhealth%最大生命值。,$fatigue[疲労]の開始が$p1秒早くなる $t[$affectedにある$h[月の鎧]発動時：]$p_blind $blind を付与する $t[$affectedにある$h[月の盾]発動時：]$h[1]デバフを反射する $t[$fatigue[疲労]開始時：]体力最大値が$p_maxhealth%増える,$fatigue[피로]가 $p1초 빨리 시작됩니다. $t[$affected에 위치한 $h[달의 갑옷] 발동 시:] $blind을 $p_blind 부여합니다. $t[$affected에 위치한 $h[달의 방패] 발동 시:] 디버프를 $h[1]개 반사합니다. $t[$fatigue[피로] 시작 시:] 최대 체력이 $p_maxhealth%만큼 증가합니다.,$fatigue[疲憊]提前$p1s開始。$t[$affected的$h[月光護甲]啟動時：]向對手施加$p_blind層$blind。$t[$affected的$h[月光盾]啟動時：]反射$h[1]層減益效果。 $t[$fatigue[疲憊]開始時：]增加$p_maxhealth%最大生命值。,La $fatigue[Fatigue] commence $p1 s plus tôt. $t[Par $h[Armure de lune] $affected active :] infligez $p_blind $blind. $t[Par $h[Bouclier de lune] $affected actif :] renvoyez $h[1] malus. $t[La $fatigue[Fatigue] commence :] guérissez de $p_maxhealth % des PV max.,$fatigue[Истощение] наступает на $p1 сек. раньше. $t[При активации $affected $h[Лунного доспеха]:] накладывает на противника $p_blind $blind. $t[При активации $affected $h[Лунного щита]:] отражает $h[1] негативный эффект. $t[При активации $fatigue[усталости]:] восстанавливает герою $p_maxhealth% макс. здоровья.,$fatigue[Cansaço] começa $p1 s mais cedo. $t[$affected $h[Armadura Lunar] ativa:] Inflige $p_blind $blind. $t[$affected $h[Escudo Lunar]:] Reflete $h[1] debuff. $t[$fatigue[Cansaço] começa:] Cura por $p_maxhealth% da sua vida máxima.,La $fatigue[fatiga] empieza $p1 s antes. $t[Al activar $affected $h[Armadura lunar]:] Inflige $p_blind $blind. $t[Al activar $affected $h[Escudo lunar]:] Devuelve $h[1] desventaja. $t[Al empezar la $fatigue[fatiga]:] Recupera un $p_maxhealth % de los PS máx.
<!MissingKey:80:Dig Deeper>,Dig Deeper,Spezialspaten,挖呀挖,深掘り,더 깊게,挖呀挖,Pelle des profondeurs,Копатель,Cavar mais Fundo,Cavajondo
<!MissingKey:81:$t[Every $cds:] Randomly gain $p1 $lucky \~$m[or] $p2 $regen $m[or] $p3 $empower. >,"$t[Every $cds:] Randomly gain $p1 $lucky \~$m[or] $p2 $regen $m[or] $p3 $empower. 

 Triggers $p4% faster for each $affected $h[Pet]. Triggers $p5% faster for each $affected $h[Food].","$t[Alle $cds:] Erhalte zufällig $p1 $lucky $m[oder] $p2 $regen $m[oder] $p3 $empower. 

  Aktiviert $p4% schneller pro $affected $h[Gefährte]. Aktiviert $p5% schneller pro $affected $h[Essen].","$t[每$cds：]随机获得以下加成中的一种，$p1点$lucky、$p2层$regen、$p3层$empower。

每有一个$affected的$h[宠物]，效果触发快$p4%。每有一个$affected的$h[食物]，效果触发快$p5%。","$t[$cd秒毎：]$p1 $lucky $m[または]$p2 $regen $m[または]$p3 $empower をランダムに獲得する 

$affectedにある$h[ペット]1体につき使用速度が$p4%上がり、$affectedにある$h[食べ物]1個につき使用速度が$p5%上がる","$t[$cd초마다:] $lucky $p1 $m[혹은] $regen $p2 $m[혹은] $empower $p3 중 하나를 무작위로 획득합니다.

$affected에 위치한 $h[펫]마다 $p4% 빠르게 발동합니다. $affected에 위치한 $h[음식]마다 $p5% 빠르게 발동합니다. ","$t[每$cd秒：]隨機獲得以下加成中的一種，$p1點$lucky、$p2層$regen、$p3層$empower。

每有一個$affected的$h[寵物]，效果觸發快$p4%。每有一個$affected的$h[食物]，效果觸發快$p5%。","$t[Toutes les $cd s :] gagnez aléatoirement $p1 $lucky $m[u] $p2 $regen $m[ou] $p3 $empower. 

 Se déclenche $p4 % plus vite pour chaque $h[Familier] $affected. Se déclenche $p5 % plus vite pour chaque $h[Nourriture] $affected.","$t[Раз в $cd сек.:] Случайным образом добавляет $p1 $lucky $m[или] $p2 $regen $m[или] $p3 $empower. 

 Срабатывает на $p4% чаще за каждый $affected предмет типа $h[питомец]. Срабатывает на $p5% чаще за каждый $affected предмет типа $h[еда].","$t[A cada $cd s:] Ganha aleatoriamente $p1 $lucky $m[ou] $p2 $regen $m[ou] $p3 $empower. 

 Ativa $p4% mais rápido por cada $h[Animal] $affected. Ativa $p5% mais rápido por cada $h[Alimento] $affected.","$t[Cada $cd s:] Obtiene al azar $p1 $lucky $m[o] $p2 $regen $m[o] $p3 $empower. 

 Se activa un $p4 % más rápido por cada $affected $h[Mascota]. Se activa un $p5 % más rápido por cada $h[Comida] $affected."
<!MissingKey:82:Gloves of Power>,Gloves of Power,Krafthandschuhe,力量手套,剛力のグローブ,힘의 장갑,力量手套,Gants de puissance,Перчатки силы,Luvas do Poder,Guantes del poder
<!MissingKey:83:Amulet of Darkness>,Amulet of Darkness,Amulet der Dunkelheit,黑暗护符,暗黒のアミュレット,암흑의 아뮬렛,黑暗護符,Amulette des ténèbres,Амулет тьмы,Amuleto da Escuridão,Amuleto de oscuridad
<!MissingKey:84:Mana Mastery>,Mana Mastery,Manameister,魔法大师,魔法熟達,마나 마스터리,魔法大師,Maîtrise de mana,Контроль маны,Maestria de Mana,Maestría de maná
<!MissingKey:85:$t[After $cds:] Heal for $p_heal + $p_heal_bonus for each \~$affected $holy-item.>,$t[After $cds:] Heal for $p_heal + $p_heal_bonus for each \~$affected $holy-item.,$t[Nach $cds:] Heile um $p_heal + $p_heal_bonus pro \~$affected $holy-Gegenstand. ,$t[$cds后：]恢复生命$p_heal点（每个$affected的$holy物品增加$p_heal_bonus点）。,$t[$cd秒後：]体力を$p_heal回復する（$affectedにある $holy アイテム1個につき回復量 +$p_heal_bonus）,"$t[$cd초 후:] 체력을 $p_heal 회복하며, $affected에 위치한 $holy 아이템마다 회복량이 $p_heal_bonus씩 증가합니다.",$t[$cds後：]恢復生命$p_heal點（每個$affected的$holy物品增加$p_heal_bonus點）。,$t[Après $cd s :] guérissez de $p_heal + $p_heal_bonus pour chaque objet $holy $affected.,$t[Через $cd сек.:] восстанавливает $p_heal ед. здоровья + $p_heal_bonus за каждый $affected $holy предмет.,$t[Após $cd s:] Restaura $p_heal de vida + $p_heal_bonus por cada item-$holy $affected).,$t[Tras $cd s:] Recupera $p_heal + $p_heal_bonus PS por cada objeto $holy $affected.
<!MissingKey:86:$chance% chance for each $lucky to protect $poison on your opponent from being cleansed. $t[Start of battle:] Gain $p_luck $lucky and $p_maxhealth maximum health for each $affected $h[Pet]. $t[Every $cds:] Inflict $p_poison $poison.>,$chance% chance for each $lucky to protect $poison on your opponent from being cleansed. $t[Start of battle:] Gain $p_luck $lucky and $p_maxhealth maximum health for each $affected $h[Pet]. $t[Every $cds:] Inflict $p_poison $poison.,"$chance% Chance pro $lucky, $poison auf deinem Gegner vor dem Entfernen zu schützen. $t[Kampfbeginn:] Erhalte $p_luck $lucky und $p_maxhealth Maximalleben für jeden $affected $h[Gefährten]. $t[Alle $cds:] Verursache $p_poison $poison.",每有一点$lucky将获得$chance%的几率阻止对手身上的$poison被净化。$t[战斗开始时：]每有一个$affected的$h[宠物]，将获得$p_luck点$lucky和$p_maxhealth点最大生命值。$t[每$cds：]向对手施加$p_poison层$poison。,$lucky 1スタックにつき$chance%の確率で、相手の $poison 解除効果を阻害する $t[バトル開始時：]$affectedにある$h[ペット]1体につき、$p_luck $lucky を獲得し、体力最大値が$p_maxhealth増える $t[$cd秒毎：]$p_poison $poison を付与する,"$lucky마다 $chance%의 확률로 상대에게 부여된 $poison이 제거되는 것을 막습니다. $t[전투 시작 시:] $affected에 위치한 $h[펫]마다 $lucky을 $p_luck, 최대 체력을 $p_maxhealth 획득합니다. $t[$cd초마다:] $poison을 $p_poison 부여합니다.",每有一點$lucky將獲得$chance%的機率阻止對手身上的$poison被淨化。$t[戰鬥開始時：]每有一個$affected的$h[寵物]，將獲得$p_luck點$lucky和$p_maxhealth點最大生命值。$t[每$cd秒：]向對手施加$p_poison層$poison。,$chance % de chance pour chaque $lucky de protéger $poison de votre adversaire d'être purgé. $t[Au début du combat :] gagnez $p_luck $lucky et $p_maxhealth des PV max pour chaque $h[Familier] $affected. $t[Toutes les $cd s :] infligez $p_poison $poison.,Каждый эффект $lucky снижает шанс снятия $poison с противника на $chance%. $t[Начало боя:] добавляет $p_luck $lucky и повышает максимальное здоровье на $p_maxhealth ед. за каждый $affected предмет типа $h[питомец]. $t[Раз в $cd сек.:] накладывает на противника $p_poison $poison.,$chance% de chance por cada $lucky de impedir que $poison do seu oponente seja purificado. $t[Início da batalha:] Ganhe $p_luck $lucky e $p_maxhealth de vida máxima por cada $h[Animal] $affected. $t[A cada $cds:] Inflige $p_poison $poison.,$chance % de probabilidad por cada $lucky de evitar que el rival se elimine $poison. $t[Al comienzo de la batalla:] Obtiene $p_luck $lucky y $p_maxhealth PS máx. por cada $affected $h[Mascota]. $t[Cada $cd s:] Inflige $p_poison $poison.
<!MissingKey:87:Amulet of Life>,Amulet of Life,Lebensamulett,生命护符,生命のアミュレット,생명의 아뮬렛,生命護符,Amulette de vie,Амулет жизни,Amuleto da Vida,Amuleto vital
<!MissingKey:88:Hedgehog>,Hedgehog,Igel,刺猬,ハリネズミ,고슴도치,刺蝟,Hérisson,Ежик,Porco-espinho,Erizo
<!MissingKey:89:Anvil>,Anvil,Amboss,铁砧,かなとこ,모루,鐵砧,Enclume,Наковальня,Bigorna,Yunque
<!MissingKey:90:Vineweave Basket>,Vineweave Basket,Rankenkorb,藤条编织篮,つる織りバスケット,덩굴매듭 바구니,藤條編織籃,Panier en vigne,Плетеная корзина,Cesta de Videira,Cesta de cáñamo
<!MissingKey:91:Mrs. Struggles>,Mrs. Struggles,Lieselotte Seelenpein,贴贴女士,ミセス・ストラグルズ,버둥 부인,貼貼女士,Mme Rixe,Миссис Обнимашка,Sra. Descontente,Sra. Penurias
<!MissingKey:92:Paradise Birb>,Paradise Birb,Regenbogen- Piepmatz,极乐小鸟,極楽チュン,극락조,極樂小鳥,Paradisier,Райская птица,Pássaro do Paraíso,Pájarillo del paraiso
<!MissingKey:93:Uniquely Unique>,Uniquely Unique,Am Einzigartigsten,万里挑一,ユニークなユニーク,유니크한 유니크,萬裏挑一,Particulièrement unique,Уникально-уникальный,Unicamente Único,Singularmente único
<!MissingKey:94:Sun Armor>,Sun Armor,Sonnenpanzer,日耀护甲,太陽の鎧,태양의 갑옷,日耀護甲,Armure de soleil,Солнечный доспех,Armadura Solar,Armadura solar
<!MissingKey:95:Strong Vampiric Potion>,Strong Vampiric Potion,Starker Vampirtrank,强力吸血魔药,極吸血のポーション,강력한 흡혈 포션,強效吸血魔藥,Potion vampirique forte,Усиленное зелье вампиризма,Poção Vampírica Potente,Poción vampírica potente
<!MissingKey:96:$red[Items use +$p_staminacost% stamina.] $t[Start of battle:] Gain $block $bl. $t[Every $cds]: Remove $p_spikes $spikes and $p_empower $empower from opponent. $t[Health drops below $p_healtht%:] Gain $bl equal to $p_blockperhealth% of your missing health (once).>,$red[Items use +$p_staminacost% stamina.] $t[Start of battle:] Gain $block $bl. $t[Every $cds]: Remove $p_spikes $spikes and $p_empower $empower from opponent. $t[Health drops below $p_healtht%:] Gain $bl equal to $p_blockperhealth% of your missing health (once).,$red[Gegenstände verbrauchen +$p_staminacost% Ausdauer.] $t[Kampfbeginn:] Erhalte $block $bl. $t[Alle $cds:] Entferne $p_spikes $spikes und $p_empower $empower vom Gegner. $t[Leben fällt unter $p_healtht%:] Erhalte $bl äquivalent zu $p_blockperhealth% deines fehlenden Lebens (einmalig). ,$red[耐力值消耗增加$p_staminacost%]。$t[战斗开始时：]获得$block点$bl。$t[每$cds：]移除对手$p_spikes层$spikes和$p_empower层$empower。$t[当生命值低于$p_healtht%时：]获得等同于$p_blockperhealth%点损失生命值的$bl（单次触发）。,$red[アイテムのスタミナ消費値 +$p_staminacost%] $t[バトル開始時：]$block $bl を獲得する $t[$cd秒毎：]相手から$p_spikes $spikes と$p_empower $empower を除去する $t[体力が$p_healtht%未満に低下時：]失っている体力の$p_blockperhealth%に等しい $bl を獲得する（1回のみ）,"$red[스태미나 사용량이 $p_staminacost% 증가합니다.] $t[전투 시작 시:] $bl를 $block 획득합니다. $t[$cd초마다]: 상대의 $spikes를 $p_spikes, $empower를 $p_empower 제거합니다. $t[체력이 $p_healtht% 아래로 떨어질 시:] 잃어버린 체력의 $p_blockperhealth%에 해당하는 $bl를 획득합니다 (한 번).",$red[耐力值消耗增加$p_staminacost%]。$t[戰鬥開始時：]獲得$block點$bl。$t[每$cd秒：]移除對手$p_spikes層$spikes和$p_empower層$empower。$t[當生命值低於$p_healtht%時：]獲得等同於$p_blockperhealth%點損失生命值的$bl（單次觸發）。,$red[Les objets utilisent +$p_staminacost % d'endurance.] $t[Au début du combat :] gagnez $block $bl. $t[Toutes les $cd s :] retirez $p_spikes $spikes et $p_empower $empower à votre adversaire. $t[PV inférieurs à $p_healtht % :] gagnez $bl à hauteur de $p_blockperhealth % de vos PV perdus (une fois).,$red[Предметы используют +$p_staminacost% энергии.] $t[Начало боя:] добавляет $block $bl. $t[Раз в $cd сек.]: снимает с противника $p_spikes $spikes и $p_empower $empower. $t[При здоровье ниже $p_healtht%:] добавляет $bl в размере $p_blockperhealth% от недостающего здоровья героя (один раз за бой).,$red[Itens usam +$p_staminacost% de vigor.] $t[Início da batalha:] Ganha $block $bl. $t[A cada $cd s]: Remove $p_spikes$spikes e $p_empower $empower do oponente. $t[Vida abaixo de $p_healtht%:] Ganha $bl igual a $p_blockperhealth% da sua vida perdida (uma vez).,$red[Los objetos usan +$p_staminacost de resistencia.] $t[Al comienzo de la batalla:] Obtiene $block $bl. $t[Cada $cd s]: Elimina $p_spikes $spikes y $p_empower $empower del rival. $t[PS por debajo del $p_healtht %:] Obtiene $bl equivalente al $p_blockperhealth % de los PS perdidos (una vez).
<!MissingKey:97:$t[On hit:] $chance% chance to gain $p1 $heat. $t[$p2 $heat gained:] This and $affected $h[Weapons] gain +$p3 damage.>,$t[On hit:] $chance% chance to gain $p1 $heat. $t[$p2 $heat gained:] This and $affected $h[Weapons] gain +$p3 damage.,"$t[Bei Treffer:] $chance% Chance, $p1 $heat zu erhalten. $t[$p2 $heat erhalten:] Dieser Gegenstand und $affected $h[Waffen] verursachen +$p3 Schaden.",$t[击中对手时：]有$chance%的几率获得$p1层$heat。$t[每获得$p2层$heat：]火焰短剑和$affected的$h[武器]伤害+$p3。,$t[ヒット時：]$chance%の確率で$p1 $heat を獲得する $t[$p2 $heat 獲得毎：]この武器と$affectedにある$h[武器]のダメージ値が$p3増える,$t[적중 시:] $chance%의 확률로 $heat를 $p1 획득합니다. $t[$heat를 $p2 획득 시:] 이 아이템과 $affected에 위치한 $h[무기]가 가하는 피해가 $p3 증가합니다.,$t[命中對手時：]有$chance%的機率獲得$p1層$heat。$t[總共獲得的$heat層數達到$p2時：]火焰短劍和$affected的$h[武器]傷害+$p3點。,$t[Par coup :] $chance % de chance de gagner $p1 $heat. $t[En gagnant $p2 $heat :] lui donne et aux $h[Armes] $affected +$p3 de dégâts.,$t[При попадании:] шанс $chance% добавить $p1 $heat. $t[Если у героя не менее $p2 $heat:] сам меч и $affected $h[оружие] повышают урон на $p3 ед.,$t[Ao acertar:] $chance% de chance de ganhar $p1 $heat. $t[$p2 $heat ganhos:] Aumenta o dano desta e das $h[Armas] $affected em $p3.,$t[Al golpear:] $chance % de probabilidad de obtener $p1 $heat. $t[Al ganar $p2 $heat:] Esta y otras $affected $h[Armas] infligen $p3 más de daño.
<!MissingKey:98:Holdall>,Holdall,Reisetasche,旅行袋,旅行カバン,여행용 가방,旅行袋,Contientout,Все-хранитель,Bolsa de Armazenamento,Petatón
<!MissingKey:99:Emerald Whelp>,Emerald Whelp,Smaragddrachi,翡翠幼龙,エメラルドの幼竜,에메랄드 새끼용,綠寶石幼龍,Dragonneau émeraude,Изумрудный дракончик,Dragãozinho de Esmeralda,Cría esmeralda
<!MissingKey:100:Chance to find $treasure-items +$p_uniques%. >,"Chance to find $treasure-items +$p_uniques%. 

 Your $h[Weapons] use -$p_stamina% stamina. 

 (Rewarded for starting as a random character.)","Chance, einen $treasure-Gegenstand zu finden +$p_uniques%. 
 Deine $h[Waffen] verbrauchen -$p_stamina% Ausdauer. 

 (Eine Belohnung dafür, mit einem zufälligen Charakter zu starten.)","找到$treasure物品的几率+$p_uniques%。

你的$h[武器]消耗的耐力-$p_stamina%。

（作为选择随机角色的奖励。）","$treasure アイテムの出現確率 +$p_uniques% 

$h[武器]のスタミナ消費値 -$p_stamina% 

（ランダムなキャラクターで開始した報酬）","$treasure 아이템을 발견할 확률이 $p_uniques% 증가합니다.

내 $h[무기]가 스태미나를 $p_stamina% 적게 사용합니다.

(무작위 캐릭터로 시작 시 보상으로 주어집니다.)","找到$treasure物品的幾率+$p_uniques%。

你的$h[武器]消耗的耐力-$p_stamina%。

（作為選擇隨機角色的獎勵。）","Chance de trouver des objets $treasure +$p_uniques %.

 Vos $h[armes] utilisent -$p_stamina % d'endurance. 

 (Récompense pour avoir commencé avec un personnage aléatoire.)","Шанс найти $treasure предметы +$p_uniques%. 

 $h[Оружие] расходует на $p_stamina% меньше энергии. 

 (Выдается за выбор случайного героя.)","Chance de encontrar itens-$treasure +$p_uniques%. 

 Suas $h[Armas] gastam -$p_stamina% de vigor. 

 (Recompensa por iniciar com uma personagem aleatória.)","Probabilidad de encontrar objetos de $treasure +$p_uniques %. 

 Tus $h[armas] gastan un $p_stamina % menos de resistencia. 

 (Recompensa por empezar como un personaje aleatorio)."
<!MissingKey:101:Maneki-neko>,Maneki-neko,Maneki-neko,幸运招财猫,招きネコ,마네키네코,幸運招財貓,Maneki-neko,Манэки-нэко,Gato da Sorte,Maneki-neko
<!MissingKey:102:$h[Fanny Packs] give +$p_speed% trigger speed. >,"$h[Fanny Packs] give +$p_speed% trigger speed. 

 $h[Stamina Sacks] give $p_stamina% base stamina regeneration. 

 $h[Potion Belts] give $p_buffs buffs when a $h[Potion] inside is consumed. 

 $h[Protective Purses] give +$p_block $bl.","$h[Bauchtaschen] geben +$p_speed% Aktivierungsgeschwindigkeit. 

 $h[Turnbeutel] geben $p_stamina% Basis-\~Ausdauerregeneration. 

 $h[Tranktaschen] geben $p_buffs Buffs, wenn ein $h[Trank] darin ausgetrunken wird. 

 $h[Schützende Schatullen] geben +$p_block $bl.","$h[腰包]触发速度+$p_speed%。

 $h[耐力包]获得$p_stamina%基础耐力恢复。

 $h[魔药腰带]当背包内$h[魔药]被消耗时，获得$p_buffs层增益效果。

 $h[守护钱包]获得+$p_block点$bl。","$h[ウエストポーチ]による使用速度アップ効果 +$p_speed% 

$h[スタミナバッグ]により基礎スタミナ回復量 +$p_stamina% 

$h[ポーションベルト]の中にある$h[ポーション]を消費するたびに$p_buffsバフを獲得する 

$h[守護のハンドバッグ]による $bl +$p_block","$h[허리 가방]이 발동 속도를 $p_speed% 더 빠르게 합니다.

$h[스태미나 자루]가 기본 스태미나 재생량이 $p_stamina% 증가시킵니다.

$h[포션 벨트]가 내부에 위치한 $h[포션]이 소모될 시 버프를 $p_buffs개 부여합니다.

$h[보호의 주머니]가 $bl를 $p_block 부여합니다.","$h[腰包]觸發速度+$p_speed%。

 $h[耐力包]獲得$p_stamina%基礎耐力恢復。

 $h[魔藥腰帶]當背包內$h[魔藥]被消耗時，獲得$p_buffs層增益效果。

 $h[守護錢包]獲得+$p_block點$bl。","Les $h[Besaces] donnent +$p_speed % de vitesse de déclenchement. 

 Les $h[Sacs d'endurance] donnent $p_stamina % de régénération d'endurance de base. 

 Les $h[Ceintures de potions] donnent $p_buffs bonus lorsqu'une $h[Potion] à l'intérieur est consommée. 

 Les $h[Sacs à main protecteur] donnent +$p_block $bl.","$h[Поясные сумки] повышают скорость срабатывания предметов на $p_speed%. 

 $h[Мешки энергии] восстанавливают $p_stamina% базовой энергии. 

 $h[Сумки для зелий] добавляют до $p_buffs усилений, когда используются $h[зелья] внутри. 

 $h[Сумки защиты] добавляют $p_block $bl.","$h[Pochetes] dão +$p_speed% de velocidade de acionamento. 

 $h[Sacos de Vigor] dão $p_stamina% de regeneração básica de vigor. 

 $h[Cintos de Poções] concedem $p_buffs buffs quando uma $h[Poção] dentro é consumida. 

 $h[Bolsas Protetoras] dão +$p_block $bl.","Las $h[Riñoneras] aportan +$p_speed % velocidad de activación. 

 Los $h[Zurrones de resistencia] aportan un $p_stamina % de regeneración de resistencia básica. 

 Los $h[Cinturones de pociones] aportan $p_buffs ventajas cuando se consumen $h[pociones] de su interior. 

 Las $h[Bolsas protectoras] aportan +$p_block $bl."
<!MissingKey:103:$t[Start of battle:] $red[Both] players take \~-$p_damreduction% damage for $p2s. Inflict $p_cold $cold. >,$t[Start of battle:] $red[Both] players take \~-$p_damreduction% damage for $p2s. Inflict $p_cold $cold. ,$t[Bei Kampfbeginn:] $red[Beide] Spieler erhalten -$p_damreduction% Schaden für $p2s. Verursache $p_cold $cold.,$t[战斗开始时：] $red[两名]玩家受到的伤害-$p_damreduction%，持续$p2s。向对手施加$p_cold层$cold。,$t[バトル開始時：]$p2秒間、$red[両方]のプレイヤーが受けるダメージ -$p_damreduction%。$p_cold $cold を付与する,$t[전투 시작 시:] $red[두] 플레이어는 $p2초 동안 받는 피해가 $p_damreduction% 감소합니다. $cold를 $p_cold 부여합니다.,$t[戰鬥開始時：] $red[兩名]玩家受到的傷害-$p_damreduction%，持續$p2s。向對手施加$p_cold層$cold。,$t[Au début du combat :] les $red[Deux] joueurs subissent $p_damreduction % de dégâts en moins pendant $p2 s. Infligez $p_cold $cold.,$t[Начало боя:] $red[оба] игрока получают -$p_damreduction% урона в течение $p2 сек. Накладывает на противника$p_cold $cold.,$t[Início da batalha:] $red[Ambos] os jogadores recebem -$p_damreduction% de dano por $p2 s. Inflige $p_cold $cold.,$t[Al comienzo de la batalla:] $red[Ambos] jugadores reciben -$p_damreduction% de daño durante $p2 s. Inflige $p_cold de $cold.
<!MissingKey:104:Deals +$p_dambonus% damage but attacks $p_speedreduction% slower ($bag).>,Deals +$p_dambonus% damage but attacks $p_speedreduction% slower ($bag).,"Verursacht +$p_dambonus% Schaden, aber greift $p_speedreduction% langsamer an ($bag).",造成的伤害+$p_dambonus%，但攻击速度变慢$p_speedreduction% ($bag)。,与ダメージ +$p_dambonus%、使用速度が$p_speedreduction%下がる（$bag）,"가하는 피해가 $p_dambonus% 증가하지만, $p_speedreduction% 느리게 공격합니다 ($bag).",造成的傷害+$p_dambonus%，但攻擊速度變慢$p_speedreduction% ($bag)。,Inflige +$p_dambonus % de dégâts mais attaque $p_speedreduction % moins vite ($bag).,"Наносит +$p_dambonus% урона, но атакует на $p_speedreduction% медленнее ($bag).","Causa +$p_dambonus% de dano, mas ataca $p_speedreduction% mais devagar ($bag).",Inflige un $p_dambonus % más de daño pero ataca un $p_speedreduction % más despacio ($bag).
<!MissingKey:105:Phoenix>,Phoenix,Phönix,凤凰,フェニックス,불사조,鳳凰,Phénix,Феникс,Fênix,Fénix
<!MissingKey:106:Stone Golem>,Stone Golem,Steingolem,巨石像,ストーンゴーレム,돌 골렘,巨石像,Golem de pierre,Каменный голем,Golem de Pedra,Gólem de piedra
<!MissingKey:107:$t[Start of battle:] For each... >,"$t[Start of battle:] For each... 
 $affected $magic-item$n_magic: Gain $p_mana $mana. 
 $affected $vampiric-item$n_vampiric: Gain $p_vampirism $vampirism. 
 $affected $holy-item$n_holy: Increase your healing \~by $p_healamp%. 
 $affected $dark-item$n_dark: Inflict a random debuff. $t[Every $cds:] Gain $p_buffs of every type of buff.","$t[Bei Kampfbeginn:] Für jeden... 
 $affected $magic-Gegenstand$n_magic: Erhalte $p_mana $mana. 
 $affected $vampiric-Gegenstand$n_vampiric: Erhalte $p_vampirism $vampirism. 
 $affected $holy-Gegenstand$n_holy: Deine Heileffekte sind $p_healamp% effektiver. 
 $affected $dark-Gegenstand$n_dark: Verursache einen zufälligen Debuff. $t[Alle $cds:] Erhalte $p_buffs Buff jeder Art.","$t[战斗开始时：]每有一个……
 $affected的$magic物品$n_magic：获得$p_mana点$mana。
 $affected的$vampiric物品$n_vampiric：获得$p_vampirism$vampirism。
 $affected的$holy物品$n_holy：恢复效果增强$p_healamp%。
 $affected的$dark物品$n_dark：向对手施加一个随机减益效果。
 $t[每$cds：]获得每种增益效果$p_buffs层。","$t[バトル開始時：]各アイテム1個につき以下の効果を得る
$affectedにある $magic アイテム$n_magic：$p_mana $mana を獲得する 
$affectedにある $vampiric アイテム$n_vampiric：$p_vampirism $vampirism を獲得する 
$affectedにある $holy アイテム$n_holy：自分の回復量 +$p_healamp% 
$affectedにある $dark アイテム$n_dark：1デバフを付与する $t[$cd秒毎：]バフを全種類$p_buffsずつ獲得する","$t[전투 시작 시:] $affected에 위치한 아이템마다...
$affected $magic 아이템$n_magic: $mana를 $p_mana 획득합니다.
$affected $vampiric 아이템$n_vampiric: $vampirism을 $p_vampirism 획득합니다.
$affected $holy 아이템$n_holy: 회복량이 $p_healamp% 증가합니다.
$affected $dark 아이템$n_dark: 무작위 디버프를 부여합니다.
$t[$cd초마다:] 모든 유형의 버프를 $p_buffs 획득합니다.","$t[戰鬥開始時：]每有一個……
 $affected的$magic物品$n_magic：獲得$p_mana點$mana。
 $affected的$vampiric物品$n_vampiric：獲得$p_vampirism$vampirism。
 $affected的$holy物品$n_holy：恢復效果增強$p_healamp%。
 $affected的$dark物品$n_dark：向對手施加一個隨機減益效果。
 $t[每$cd秒：]獲得每種增益效果$p_buffs層。","$t[Au début du combat :] pour chaque… 
 Objet $magic $affected$n_magic : gagnez $p_mana $mana. 
 Objet $vampiric $affected$n_vampiric : gagnez $p_vampirism $vampirism. 
 Objet $holy $affected$n_holy : augmentez votre guérison de $p_healamp %. 
 Objet $dark $affected$n_dark : infligez un malus aléatoire. $t[Toutes les $cd s :] gagnez $p_buffs de chaque type de bonus.","$t[Начало боя:] за каждый... 
 $affected $magic предмет$n_magic: добавляет $p_mana $mana. 
 $affected $vampiric предмет$n_vampiric: добавляет $p_vampirism $vampirism. 
 $affected $holy предмет$n_holy: усиливает эффекты исцеления героя на $p_healamp%. 
 $affected $dark предмет$n_dark: накладывает на противника случайный отрицательный эффект. $t[Раз в $cd сек.:] добавляет $p_buffs ед. эффекта к каждому типу усиления.","$t[Início da batalha:] Por cada... 
 Item-$magic$n_magic $affected: Ganha $p_mana $mana. 
 Item-$vampiric$n_vampiric $affected: Ganha $p_vampirism $vampirism. 
 Item-$holy$n_holy $affected: Aumenta a sua cura em $p_healamp%. 
 Item-$dark$n_dark $affected: Inflige um debuff aleatório. $t[A cada $cd s:] Ganha $p_buffs buff de cada tipo.","$t[Al comienzo de la batalla:] Por cada... 
 $affected Objeto $magic $n_magic: Obtiene $p_mana $mana. 
 $affected Objeto $vampiric $n_vampiric: Obtiene $p_vampirism $vampirism. 
 $affected Objeto $holy $n_holy: Aumenta la curación en un $p_healamp %. 
 $affected Objeto $dark $n_dark: Inflige una desventaja al azar. $t[Cada $cd s:] Obtiene $p_buffs de cada tipo de ventaja."
"<!MissingKey:108:$t[Start of battle:] Gain $p2 $lucky, $p3 $regen, $p4 $mana and $p5 $heat. $t[$affected Dragon attacks:] Heal for $p1. >","$t[Start of battle:] Gain $p2 $lucky, $p3 $regen, $p4 $mana and $p5 $heat. $t[$affected Dragon attacks:] Heal for $p1. 

 $affected Dragon eggs hatch after $h[1] round. 

 Additional dragon eggs are offered in the shop. ","$t[Kampfbeginn:] Erhalte $p2 $lucky, $p3 $regen, $p4 $mana und $p5 $heat. $t[$affected Drache greift an:] Heile um $p1. 

 $affected Dracheneier schlüpfen in $h[einer] Runde. 

 Zusätzliche Dracheneier werden im Laden angeboten. ","$t[战斗开始时：]获得$p2点$lucky，$p3层$regen，$p4点$mana，还有$p5层$heat。$t[$affected的龙攻击时：]恢复$p1点生命值。

 $affected的龙蛋只需$h[1]回合即可孵化。
商店会出售更多的龙蛋。","$t[バトル開始時：]$p2 $lucky と$p3 $regen と$p4 $mana と$p5 $heat を獲得する $t[$affectedにあるドラゴン攻撃時：]体力を$p1回復する 

 $affectedにあるドラゴンエッグは$h[1]ラウンド後にふ化する 

 追加のドラゴンエッグがショップで売られるようになる","$t[전투 시작 시:] $lucky을 $p2, $regen을 $p3, $mana를 $p4, $heat를 $p5 획득합니다. $t[$affected에 위치한 용이 공격 시:] 체력을 $p1 회복합니다.

$affected에 위치한 용의 알은 $h[1] 라운드 경과 시 부화합니다.

용의 알이 상점에 추가로 등장합니다.","$t[戰鬥開始時：]獲得$p2點$lucky，$p3層$regen，$p4點$mana，還有$p5層$heat。$t[$affected的龍攻擊時：]恢復$p1點生命值。

 $affected的龍蛋只需$h[1]回合即可孵化。
商店會出售更多的龍蛋。","$t[Au début du combat :] gagnez $p2 $lucky, $p3 $regen, $p4 $mana et $p5 $heat. $t[Le dragon $affected attaque :] guérissez de $p1. 

 Les œufs de dragon $affected éclosent après $h[1] tour. 

 Des œufs de dragon supplémentaires sont disponibles dans la boutique.","$t[Начало боя:] добавляет $p2 $lucky, $p3 $regen, $p4 $mana и $p5 $heat. $t[При атаке $affected дракона:] восстанавливает $p1 ед. здоровья. 

 $affected яйца дракона вылупятся за $h[1] раунд. 

 Яйца дракона будут продаваться в магазине.","$t[Início da batalha:] Ganha $p2 $lucky, $p3 $regen, $p4 $mana e $p5 $heat. $t[Ataques de Dragão $affected:] Restaura $p1 de vida. 

 Ovos de Dragão $affected se chocam após $h[1] rodada. 

 Ovos de Dragão adicionais são disponibilizados na loja.","$t[Al comienzo de la batalla:] Obtiene $p2 $lucky, $p3 $regen, $p4 $mana y $p5 $heat. $t[Tras atacar el Dragón $affected:] Recupera $p1 PS. 

 Los huevos de dragón $affected eclosionan tras $h[1] ronda. 

 En la tienda se venden otros huevos de dragón."
<!MissingKey:109:$t[On hit:] $chance% chance to gain $h[1] $spikes.>,$t[On hit:] $chance% chance to gain $h[1] $spikes.,"$t[Bei Treffer:] $chance% Chance, $h[1] $spikes zu erhalten.",$t[击中对手时：]$chance%的几率获得$h[1]层$spikes。,$t[ヒット時：]$chance%の確率で$h[1] $spikes を獲得する,$t[적중 시:] $chance%의 확률로 $spikes를 $h[1] 획득합니다.,$t[命中對手時：]有$chance%的機率獲得$h[1]層$spikes。,$t[Par coup :] $chance % de chance de gagner $h[1] $spikes.,$t[При попадании:] $chance% шанс добавить $h[1] $spikes.,$t[Ao acertar:] $chance% de chance de ganhar $h[1] $spikes.,$t[Al golpear:] $chance % de probabilidad de obtener $h[1] $spikes.
<!MissingKey:110:$t[Start of battle:] Gain $p1 $mana. $t[On hit:] Use $p2 $mana to gain $block $bl and a random other buff.>,$t[Start of battle:] Gain $p1 $mana. $t[On hit:] Use $p2 $mana to gain $block $bl and a random other buff.,"$t[Kampfbeginn:] Erhalte $p1 $mana. $t[Bei Treffer:] Nutze $p2 $mana, um $block $bl und einen zufälligen anderen Buff zu erhalten.",$t[战斗开始时：]获得$p1点$mana。$t[击中对手时：]消耗$p2点$mana来获得$block点$bl，并获得一个另外的随机增益效果。,$t[バトル開始時：]$p1 $mana を獲得する $t[ヒット時：]$p2 $mana を消費して、$block $bl と $mana 以外の1バフを獲得する,$t[전투 시작 시:] $mana를 $p1 획득합니다. $t[적중 시:] $mana를 $p2 사용해 $bl를 $block 얻고 다른 무작위 버프를 획득합니다.,$t[戰鬥開始時：]獲得$p1點$mana。$t[命中對手時：]消耗$p2點$mana來獲得$block點$bl，並獲得一個另外的隨機增益效果。,$t[Au début du combat :] gagnez $p1 $mana. $t[Par coup :] utilisez $p2 $mana pour gagner $block $bl et un autre bonus aléatoire.,"$t[Начало боя:] добавляет $p1 $mana. $t[При попадании:] использует $p2 $mana, чтобы добавить $block $bl и еще одно случайное усиление.",$t[Início da batalha:] Ganhe $p1 $mana. $t[Ao acertar:] Gasta $p2 $mana para ganhar $block $bl e mais um buff aleatório.,$t[Al comienzo de la batalla:] Obtiene $p1 $mana. $t[Al golpear:] Usa $p2 $mana para obtener $block $bl y otra ventaja al azar.
<!MissingKey:111:Dark Lantern>,Dark Lantern,Dunkle Laterne,黯淡提灯,闇のランタン,어둠의 랜턴,黯淡提燈,Lanterne sombre,Темный фонарь,Lampião Sombrio,Linterna oscura
<!MissingKey:112:Shielded>,Shielded,Abschirmung,护盾加强,庇護,보호,護盾加強,Bouclier levé,Под защитой,Blindado,Protegido
<!MissingKey:113:Sapphire Egg>,Sapphire Egg,Saphirei,蓝宝石龙蛋,サファイアエッグ,사파이어 알,藍寶石龍蛋,Œuf saphir,Сапфировое яйцо,Ovo de Safira,Huevo zafiro
<!MissingKey:114:Thornburst>,Thornburst,Dornenknall,尖刺爆发,爆ぜる荊棘,가시 폭발,尖刺爆發,Explosion d'épines,Буйство шипов,Rajada dos Espinhos,Ráfaga espinosa
<!MissingKey:115:Bags appear more often in the shop and have +$p_sales% chance to be on sale. >,"Bags appear more often in the shop and have +$p_sales% chance to be on sale. 

 $affected items trigger $p_speed% faster for each free $affected2 slot.","Taschen werden häufiger angeboten und haben +$p_sales% Chance im Angebot zu sein. 

 $affected Gegenstände aktivieren $p_speed% schneller pro freiem $affected2 Feld.","背包类物品在商店内出现的可能性变大，且打折几率+$p_sales%。

每有一个空的$affected2槽位，$affected的物品激活快$p_speed%。","バッグがショップに出現する頻度が上がり、バッグのセール発生確率 +$p_sales% 

$affected2にある空きスロット1個につき、$affectedにあるアイテムの使用速度が$p_speed%上がる","가방에 상점에 더 자주 등장하고 할인될 확률이 $p_sales% 증가합니다.

빈 $affected2 슬롯 하나마다 $affected에 위치한 아이템이 $p_speed% 빠르게 발동합니다.","背包類物品在商店內出現的可能性變大，且打折幾率+$p_sales%。

每有一個空的$affected2槽位，$affected的物品啟動快$p_speed%。","Les sacs apparaissent plus souvent dans la boutique et ont +$p_sales % de chances d'être en promotion. 

 Les objets $affected se déclenchent $p_speed % plus vite pour chaque emplacement $affected2 libre.","Сумки чаще появляются на полках магазина. Шанс, что сумка появится со скидкой +$p_sales%. 

 $affected предметы срабатывают на $p_speed% чаще за каждый свободный $affected2 слот.","Bolsas aparecem com mais frequência na loja e têm +$p_sales% de chance de estarem em promoção. 

 itens $affected ativam $p_speed% mais rápido para cada espaço livre $affected2.","Las bolsas aparecen con más frecuencia en la tienda y tienen un $p_sales % más de probabilidad de estar en oferta. 

 Los objetos $affected se activan un $p_speed % más rápido por cada espacios $affected2 libres."
<!MissingKey:116:$t[Start of battle:] Gain $p1 $lucky. >,"$t[Start of battle:] Gain $p1 $lucky. 

 Hatches after $p2 rounds in your backpack.","$t[Kampfbeginn:] Erhalte $p1 $lucky. 

 Schlüpft nach $p2 Runden im Rucksack.","$t[战斗开始时：]获得$p1点$lucky。

在你的背包中$p2回合后孵化。","$t[バトル開始時：]$p1 $lucky を獲得する 

 バックパックに入れておくと$p2ラウンド後にふ化する","$t[전투 시작 시:] $lucky을 $p1 획득합니다.

배낭 안에서 $p2 라운드 경과 시 부화합니다.","$t[戰鬥開始時：]獲得$p1點$lucky。

在你的背包中$p2回合後孵化。","$t[Au début du combat :] gagnez $p1 $lucky. 

 Éclot après $p2 tours dans votre sac à dos.","$t[Начало боя:] добавляет $p1 $lucky. 

 Вылупляется после $p2 раундов в рюкзаке.","$t[Início da batalha:] Ganha $p1 $lucky. 

 Choca-se após $p2 rodadas na sua mochila.","$t[Al comienzo de la batalla:] Obtiene $p1 $lucky. 

 Eclosiona tras $p2 rondas en la mochila."
<!MissingKey:117:Just Stats>,Just Stats,Höhere Attribute,纯粹加成,ちょっと力を！,깡스탯,純粹加成,Juste des statistiques,Залог победы,Apenas Atributos,Sólo estadísticas
<!MissingKey:118:$t[Item crafted:] Generate a $h[Flame]. >,"$t[Item crafted:] Generate a $h[Flame]. 

 For each $affected $h[crafted] item, the \~$affected2 $h[Weapons] deal +$p1 damage and use -$p2% stamina.","$t[Gegenstand hergestellt:] Erzeuge eine $h[Flamme]. 

 Für jeden $affected $h[hergestellen] Gegenstand verursachen die $affected2 $h[Waffen] +$p1 Schaden und verbrauchen $p2% weniger Ausdauer.","$t[打造物品时：]生成一团$h[火焰]。

每有一个$affected的$h[打造]物品，$affected2的$h[武器]伤害+$p1且耐力消耗减少$p2%。","$t[アイテムのクラフト時：]$h[フレイム]1個を生成する 

 $affectedにある$h[クラフト]アイテム1個につき、$affected2にある$h[武器]の与ダメージ +$p1、スタミナ消費値 -$p2%","$t[아이템 제작 시:] $h[불꽃]을 생성합니다.

$affected에 위치한 $h[제작된] 아이템마다, $affected2에 위치한 $h[무기]의 피해량이 $p1 증가하고 스태미나를 $p2% 적게 사용합니다.","$t[打造物品時：]生成一團$h[火焰]。

每有一個$affected的$h[打造]物品，$affected2的$h[武器]傷害+$p1且耐力消耗減少$p2%。","$t[Objet fabriqué :] générez une $h[Flamme]. 

 Pour chaque objet $h[Fabriqué] $affected, les $h[Armes] $affected2 infligent +$p1 de dégâts et utilisent $p2 % d'endurance en moins.","$t[При создании предмета:] создает $h[пламя]. 

 За каждый $affected $h[созданный] предмет, $affected2 $h[оружие] наносит +$p1 ед. урона и расходует -$p2% энергии.","$t[Item fabricado:] Gera uma $h[Chama]. 

 Para cada item $h[fabricado] $affected, as $h[Armas] $affected2 causam +$p1 de dano e gastam -$p2% de vigor.","$t[Al fabricar un objeto:] Crea una $h[Llama]. 

 Por cada objeto $h[fabricado] $affected, las $h[Armas] $affected2 infligen $p1 más de daño y gastan un $p2 % menos de resistencia."
<!MissingKey:119:$t[Game started:] Replace this with random starting bags and items.>,$t[Game started:] Replace this with random starting bags and items.,$t[Spiel beginnt:] Ersetze dies mit einer zufälligen Starttasche und Gegenständen.,$t[游戏开始时：]变成一个随机背包（或袋子），获得随机起始物品。,$t[ゲーム開始時：]ランダムな初期バッグとアイテムに置き換わる,$t[게임 시작 시:] 무작위 시작 가방과 아이템으로 교체됩니다.,$t[遊戲開始時：] 變成一個隨機背包（或袋子），獲得隨機起始物品。,$t[Au début du jeu :] remplacez ceci par des sacs et des objets de départ aléatoires.,$t[Начало игры:] заменяется на случайные начальные сумки и предметы.,$t[Ao iniciar a partida:] Este saco é substituído por bolsas e itens iniciais aleatórios.,$t[Al empezar la partida:] La sustituye con bolsas y objetos al azar.
"<!MissingKey:120:$t[Card revealed:] Gain $p_regen $regen. If the card is at position $p_pos or higher in the chain, also gain $p_mana $mana.>","$t[Card revealed:] Gain $p_regen $regen. If the card is at position $p_pos or higher in the chain, also gain $p_mana $mana.","$t[Karte aufgedeckt:] Erhalte $p_regen $regen. Wenn die Karte an Position $p_pos oder höher ist, erhalte zusätzlich $p_mana $mana.",$t[卡牌被翻开：]获得$p_regen层$regen。如果卡牌在卡链中的位置处于$p_pos或者更高，还会获得$p_mana点$mana。,$t[カードをめくる毎：]$p_regen $regen を獲得する。カードが$p_pos番目以降の場合、$p_mana $mana も獲得する,"$t[카드 공개 시:] $regen을 $p_regen 획득합니다. 연결된 카드 중 이 카드가 $p_pos 이상에 위치할 시, $mana를 $p_mana 획득합니다.",$t[卡牌被翻開：]獲得$p_regen層$regen。如果卡牌在卡鏈中的位置處於$p_pos或者更高，還會獲得$p_mana點$mana。,"$t[En tirant une carte :] gagnez $p_regen $regen. Si la carte est en position $p_pos ou plus dans la chaîne, gagnez également $p_mana $mana.","$t[При раскрытии:] добавляет $p_regen $regen. Если карта в цепочке находится на $p_pos позиции или выше, также добавляет $p_mana $mana.","$t[Carta revelada:] Ganha $p_regen $regen. Se a carta estiver na posição $p_pos ou acima na cadeia, ganha também $p_mana $mana.","$t[Carta revelada:] Obtiene $p_regen $regen. Si la carta es de una posición $p_pos o superior en la secuencia, obtiene además $p_mana $mana."
<!MissingKey:121:$t[Start of battle:] Gain $p_buffs random buffs. $t[$affected $h[Potion] consumed:] $chance% chance to repeat its effect after $p2s.>,$t[Start of battle:] Gain $p_buffs random buffs. $t[$affected $h[Potion] consumed:] $chance% chance to repeat its effect after $p2s.,"$t[Bei Kampfbeginn:] Erhalte $p_buffs zufällige Buffs. $t[$affected $h[Trank] getrunken:] $chance% Chance, den Effekt nach $p2s zu wiederholen.",$t[战斗开始时：]获得$p_buffs随机增益效果。$t[$affected的$h[魔药]被消耗时：]在$p2s后，有$chance%的几率触发被消耗魔药的效果。,$t[バトル開始時：]$p_buffsバフを獲得する $t[$affectedにある$h[ポーション]消費時：]$chance%の確率で$p2秒後に再び効果を発動する,$t[전투 시작 시:] 무작위 버프를 $p_buffs개 획득합니다. $t[$affected에 위치한 $h[포션] 소모 시:] $chance%의 확률로 $p2초 후에 해당 포션의 효과가 다시 발동됩니다.,$t[戰鬥開始時：]獲得$p_buffs隨機增益效果。$t[$affected的$h[魔藥]被消耗時：]在$p2s後，有$chance%的幾率觸發被消耗魔藥的效果。,$t[Au début du combat :] gagnez $p_buffs bonus aléatoires. $t[En consommant une $h[Potion] $affected :] $chance % de chance de répéter son effet après $p2 s.,$t[Начало боя:] добавляет до $p_buffs случайных усилений. $t[При срабатывании $affected $h[зелья]:] шанс $chance% повторить этот эффект через $p2 сек.,$t[Início da batalha:] Ganhe $p_buffs buffs aleatórios. $t[Consumo de $h[Poção] $affected:] $chance% de chance de repetir seu efeito após $p2 s.,$t[Al comienzo de la batalla:] Obtiene $p_buffs ventajas al azar. $t[Al consumir $affected $h[Poción]:] $chance % de probabilidad de repetir su efecto tras $p2 s.
<!MissingKey:122:Destroying a $h[Piggybank] generates items instead. $t[Shop entered:] $h[Piggybanks] have a \~$shopchance% chance to explode. >,"Destroying a $h[Piggybank] generates items instead. $t[Shop entered:] $h[Piggybanks] have a \~$shopchance% chance to explode. 

 $affected items gain $chance% critical hit chance. ","$h[Sparschweine] zu zerstören erzeugt Gegenstände. $t[Laden betreten:] $h[Sparschweine] haben eine $shopchance% Chance zu zerbersten. 

 $affected Gegenstände erhalten $chance% kritische Trefferchance.","摧毁$h[存钱罐]会生成物品，而不是金币。$t[进入商店时：]$h[存钱罐]有$shopchance%的几率爆炸。

 $affected物品获得$chance%暴击几率。","$h[ブタちゃん貯金箱]を破壊するとアイテムを生成するようになる $t[ショップ入店時：]$h[ブタちゃん貯金箱]が$shopchance%の確率で自壊する 

$affectedにあるアイテムのクリティカル率 +$chance%","$h[돼지저금통]이 파괴될 시 다른 아이템이 생성됩니다. $t[상점 진입 시:] $h[돼지저금통]이 $shopchance%의 확률로 폭발합니다.

$affected에 위치한 아이템이 $chance%의 치명타 확률을 획득합니다.","摧毀$h[存錢罐]會生成物品，而不是金幣。$t[進入商店時：]$h[存錢罐]有$shopchance%的幾率爆炸。

 $affected物品獲得$chance%暴擊幾率。","Détruire une $h[Tirelire cochon] génère des objets à la place. $t[En entrant dans la boutique :] une $h[Tirelire cochon] a $shopchance % de chances d'exploser. 

 $affected Les objets gagnent $chance % de chances de coup critique.","При разбивании $h[копилки] вместо нее появится предмет. $t[Переход в магазин:] есть шанс $shopchance%, что $h[копилка] взорвется. 

 $affected предметы получают шанс $chance% нанести критический удар.","Destruir um $h[Cofrinho] gera itens em vez disso. $t[Ao entrar na loja:] $h[Cofrinhos] têm uma chance de $shopchance% de explodir. 

 Itens $affected ganham $chance% de chance de acerto crítico.","Destruir una $h[Hucha] pasa a generar objetos. $t[Al entrar en la tienda:] Las $h[Huchas] tienen un $shopchance % de probabilidad de explotar. 

 Los objetos $affected obtienen $chance % de probabilidad de golpe crítico."
<!MissingKey:123:$t[Shop entered:] Upgrade an adjacent $h[Potion]. $t[Every $cds:] Heal for $p1 $m[or] gain $p2 $mana \~$m[or] gain $p3 $heat. >,"$t[Shop entered:] Upgrade an adjacent $h[Potion]. $t[Every $cds:] Heal for $p1 $m[or] gain $p2 $mana \~$m[or] gain $p3 $heat. 

 Triggers $p4% faster for each $affected $h[Food] or $h[Potion]. ","$t[Laden betreten:] Verbessere einen benachbarten $h[Trank]. $t[Alle $cds:] Heile um $p1 $m[oder] erhalte \~$p2 $mana $m[oder] erhalte $p3 $heat. 

 Aktiviert $p4% schneller für jedes \~$affected $h[Essen] oder $h[Trank]. ","$t[进入商店时：]升级一个相邻的$h[魔药]。$t[每$cds：]恢复$p1点生命值，$m[或]获得$p2点$mana，$m[或]获得$p3层$heat。

每有一个$affected的$h[食物]或$h[魔药]，效果触发快$p4%。","$t[ショップ入店時：] 隣接する$h[ポーション]1個をアップグレードする$t[$cd秒毎：]体力を$p1回復する、$m[または]$p2 $mana を獲得する、$m[または]$p3 $heat を獲得する 

 $affectedにある$h[食べ物]または$h[ポーション]1個につき使用速度が$p4%上がる","$t[상점 진입 시:] 인접한 $h[포션]을 강화합니다. $t[$cd초마다:] 체력을 $p1 회복하거나, $m[혹은] $mana를 $p2 획득하거나, $m[혹은] $heat를 $p3 획득합니다.

$affected에 위치한 $h[음식]과 $h[포션]마다 $p4% 빠르게 발동합니다.","$t[進入商店時：]升級一個相鄰的$h[魔藥]。$t[每$cd秒：]恢復$p1點生命值，$m[或]獲得$p2點$mana，$m[或]獲得$p3層$heat。

每有一個$affected的$h[食物]或$h[魔藥]，效果觸發快$p4%。","$t[En entrant dans la boutique :] améliore une $h[Potion] adjacente. $t[Toutes les $cd s :] guérissez de $p1 $m[ou] gagnez $p2 $mana $m[ou] gagnez $p3 $heat. 

 Se déclenche $p4 % plus vite pour chaque $h[Potion] ou $h[Nourriture] $affected.","$t[Переход в магазин:] улучшает соседнее $h[зелье]. $t[Раз в $cd сек.:] восстанавливает $p1 ед. здоровья $m[или] добавляет $p2 $mana $m[или] добавляет $p3 $heat. 

 Срабатывает на $p4% чаще за каждый $affected предмет типа $h[еда] или $h[зелье].","$t[Ao entrar na loja:] Aprimora uma $h[Poção] adjacente. $t[A cada $cd s:] Restaura $p1 de vida $m[ou] ganha $p2 $mana $m[ou] ganha $p3 $heat. 

 Ativa $p4% mais rápido por cada $h[Alimento] ou $h[Poção] $affected.","$t[Al entrar en la tienda:] Mejora una $h[Poción] adyacente. $t[Cada $cd s:] Recupera $p1 PS $m[u] obtiene $p2 $mana $m[u] obtiene $p3 $heat. 

 Se activa un $p4 % más rápido por cada $h[Comida] o $h[Poción] $affected."
<!MissingKey:124:$t[You reached $p1 debuffs:] Consume this and cleanse $p2 debuffs and gain $p3 random buffs.>,$t[You reached $p1 debuffs:] Consume this and cleanse $p2 debuffs and gain $p3 random buffs.,"$t[Wenn du mindestens $p1 Debuffs hast:] Trinke aus, entferne $p2 Debuffs und erhalte $p3 zufällige Buffs.",$t[如果你的减益效果达到$p1层：]消耗此魔药并净化$p2减益效果，还会获得$p3层随机增益效果。,$t[$p1デバフ到達時：]このアイテムを消費して、$p2デバフを解除し、$p3バフを獲得する,"$t[디버프가 $p1개에 도달 시:] 포션을 소모해, 디버프를 $p2개 정화하고 무작위 버프를 $p3개 획득합니다.",$t[如果你的減益效果達到$p1層：]消耗此魔藥並淨化$p2減益效果，還會獲得$p3層隨機增益效果。,"$t[En atteignant $p1 malus :] consommez ceci, purgez $p2 malus et gagnez $p3 bonus aléatoires.","$t[Когда на герое не менее $p1 негативных эффектов:] расходуется, чтобы снять $p2 негативных эффектов и добавить герою $p3 случайных усилений.",$t[Você alcançou $p1 debuffs:] Consome isto e purifica $p2 debuffs e ganha $p3 buffs aleatórios.,$t[Al alcanzar $p1 desventajas:] Consume la poción para eliminar $p2 desventajas y obtener al azar $p3 ventajas.
<!MissingKey:125:For each… >,"For each… 
 $affected $magic-item$n_magic: +$p_speed% attack speed. 
$affected $vampiric-item$n_vampiric: +$p_lifesteal% lifesteal. 
 $affected $holy-item$n_holy: Gain +$p_dam damage on hit. 
 $affected $dark-item$n_dark: +$chance2% chance to inflict \~$p_debuffs random debuffs on hit.","Für jeden… 
 $affected $magic-Gegenstand$n_magic: +$p_speed% Angriffsgeschwindigkeit. 
$affected $vampiric-Gegenstand$n_vampiric: +$p_lifesteal% Lebensraub. 
 $affected $holy-Gegenstand$n_holy: Erhalte +$p_dam Schaden nach einem Treffer. 
 $affected $dark-Gegenstand$n_dark: +$chance2% Chance nach einem Treffer $p_debuffs zufällige Debuffs zu verursachen.","每个$affected的$magic物品$n_magic：彩虹剑获得+$p_speed%攻击速度。
 每个$affected的$vampiric物品$n_vampiric：彩虹剑获得+$p_lifesteal%吸血效果。
 每个$affected的$holy物品$n_holy：彩虹剑击中对手时获得+$p_dam伤害加成。
 每个$affected的$dark物品$n_dark：彩虹剑击中对手时，+$chance2%的几率施加$p_debuffs层随机减益效果。","各アイテム1個につき以下の効果を得る 
 $affectedにある $magic アイテム$n_magic：使用速度 +$p_speed% 
 $affectedにある $vampiric アイテム$n_vampiric：体力吸収率 +$p_lifesteal% 
$affectedにある $holy アイテム$n_holy：ヒット時にダメージ値が$p_dam増える 
 $affectedにある $dark アイテム$n_dark：ヒット時に$p_debuffsデバフを付与する確率 +$chance2%","$affected $magic 아이템마다$n_magic: 공격 속도가 $p_speed%씩 증가합니다.
$affected $vampiric 아이템마다$n_vampiric: 빼앗는 체력이 $p_lifesteal%씩 증가합니다.
$affected $holy 아이템마다$n_holy: 적중 시 가하는 피해가 $p_dam 증가합니다.
$affected $dark 아이템마다$n_dark: 가하는 공격이 무작위 디버프를 $p_debuffs개 부여할 확률이 $chance2%씩 증가합니다.","每個$affected的$magic物品$n_magic：彩虹劍獲得+$p_speed%攻擊速度。
 每個$affected的$vampiric物品$n_vampiric：彩虹劍獲得+$p_lifesteal%吸血效果。
 每個$affected的$holy物品$n_holy：彩虹劍擊中對手時獲得+$p_dam傷害加成。
 每個$affected的$dark物品$n_dark：彩虹劍擊中對手時，+$chance2%的幾率施加$p_debuffs層隨機減益效果。","Pour chaque… 
 Objet $magic $affected$n_magic : +$p_speed % de vitesse d'attaque. 
 Objet $vampiric $affected$n_vampiric : +$p_lifesteal % de vol de vie. 
 Objet $holy $affected$n_holy : gagnez +$p_dam de dégâts par coup. 
 Objet $dark $affected$n_dark : +$chance2 % de chances d'infliger $p_debuffs malus aléatoires par coup.","За каждый... 
 $affected $magic предмет$n_magic: скорость атаки +$p_speed%. 
 $affected $vampiric предмет$n_vampiric: кража жизни +$p_lifesteal%. 
 $affected $holy предмет$n_holy: +$p_dam ед. урона при попадании. 
 $affected $dark предмет$n_dark: шанс при попадании наложить на противника до $p_debuffs случайных негативных эффектов +$chance2%.","Para cada... 
 Item-$magic$n_magic $affected: +$p_speed% de velocidade de ataque. 
Item-$vampiric$n_vampiric $affected: +$p_lifesteal% de roubo de vida. 
 Item-$holy$n_holy $affected: Ganha +$p_dam de dano ao acertar. 
 Item-$dark$n_dark $affected: +$chance2% de chance de infligir $p_debuffs debuffs aleatórios ao acertar.","Por cada... 
 $affected Objeto $magic $n_magic: $p_speed % más de velocidad de ataque. 
 $affected Objeto $vampiric $n_vampiric: $p_lifesteal % más de drenaje vital. 
 $affected Objeto $holy $n_holy: Gana $p_dam de daño al golpear. 
 $affected Objeto $dark $n_dark: +$chance2 % de probabilidad de infligir $p_debuffs desventajas al azar al golpear."
<!MissingKey:126:$affected $h[Food] triggers $p_foodspeed% faster. $t[Food bought:] Restock with a random $h[Food].>,$affected $h[Food] triggers $p_foodspeed% faster. $t[Food bought:] Restock with a random $h[Food].,$affected $h[Essen] aktiviert $p_foodspeed% schneller. $t[Essen gekauft:] Fülle mit einem zufälligen $h[Essen] auf.,$affected的$h[食物]触发快$p_foodspeed%。$t[购买食物时：]商店刷新一个随机$h[食物]。,$affectedにある$h[食べ物]の使用速度が$p_foodspeed%上がる $t[食べ物の購入時：] ランダムな$h[食べ物]を補充する,$affected에 위치한 $h[음식]이 $p_foodspeed% 빠르게 발동합니다. $t[음식 구매 시:] 무작위 $h[음식]이 다시 입고됩니다.,$affected的$h[食物]觸發快$p_foodspeed%。$t[購買食物時：]商店刷新一個隨機$h[食物]。,La $h[Nourriture] $affected se déclenche $p_foodspeed % plus vite. $t[Nourriture achetée :] Réapprovisionnez-vous avec une $h[Nourriture] aléatoire.,$affected Предметы типа $h[еда] срабатывают на $p_foodspeed% чаще. $t[При покупке еды:] пополняет полки магазина предметами типа $h[еда].,Os $h[Alimentos] $affected ativam-se $p_foodspeed% mais rápido. $t[Alimento comprado:] reabastece com um $h[Alimento] aleatório.,La $affected $h[Comida] se activa un $p_foodspeed % más rápido. $t[Comida comprada:] Se obtiene una $h[Comida] al azar.
<!MissingKey:127:$t[During $rage[Battle Rage]:] Decrease stamina usage to $p2 and cooldown \~to $p3s. >,"$t[During $rage[Battle Rage]:] Decrease stamina usage to $p2 and cooldown \~to $p3s. 

 Deals +$p1 damage per $empower. ","$t[Während $rage[Kampfrausch]:] Reduziert Ausdauerkosten auf $p2 und Abklingzeit auf $p3s. 

 Verursacht +$p1 Schaden pro $empower. ","$t[$rage[狂战士之怒]期间：]耐力消耗降低至$p2，冷却时间降低至$p3s。

每有一层$empower伤害+$p1。","$t[$rage[バーサク]中：]スタミナ消費値が$p2に、クールダウンが$p3秒に減る

$empower 1スタックにつき与ダメージ +$p1","$t[$rage[전투 격노] 동안:] 스태미나 소모량이 $p2(으)로 감소하고, 재사용 대기 시간이 $p3초가 됩니다.

$empower마다 가하는 피해가 $p1 증가합니다. ","$t[$rage[狂戰士之怒]期間：]耐力消耗降低至$p2，冷卻時間降低至$p3s。

每有一層$empower傷害+$p1。","$t[Pendant le mode $rage[Rage de combat] :] l'utilisation d'endurance diminue de $p2 et le temps de recharge de $p3 s. 

 Inflige +$p1 de dégâts par $empower.","$t[Во время $rage[ярости]:] снижает затраты энергии на $p2 ед. и время перезарядки на $p3 сек. 

 Наносит +$p1 ед. урона за каждый эффект $empower.","$t[Durante $rage[Fúria de Combate]:] Diminui o gasto de vigor para $p2 e a recarga para $p3 s. 

 Causa +$p1 de dano por $empower.","$t[Durante la $rage[Rabia de batalla]:] Disminuye el uso de resistencia a $p2 y la recarga a $p3 s. 

 Inflige $p1 más de daño por cada $empower."
<!MissingKey:128:Stone Shoes>,Stone Shoes,Steinschuhe,石靴,石のブーツ,석재 신발,石靴,Chaussures de pierre,Каменные ботинки,Sapatos de Pedra,Zapatos de piedra
<!MissingKey:129:Dragon Set>,Dragon Set,Drachenkollektion,龙骑士,ドラゴンセット,드래곤 세트,龍騎士,Ensemble de dragon,Комплект дракона,Conjunto do Dragão,Conjunto de dragón
<!MissingKey:130:Artifact Stone: Death>,Artifact Stone: Death,Artefaktstein: Tod,遗迹石：死亡,古代の石：デス,아티팩트석: 죽음,遺跡石：死亡,Pierre d'artefact : Mort,Артефакт: Смерть,Pedra de Artefato: Morte,Piedra artefacto: Muerte
"<!MissingKey:131:$t[$p1 $affected item activations:] Heal for $p2, gain $block $bl, $p3 $vampirism and $p4 $heat, inflict \~$p_blind $blind, and $affected $h[Weapons] gain \~$p5 damage.>","$t[$p1 $affected item activations:] Heal for $p2, gain $block $bl, $p3 $vampirism and $p4 $heat, inflict \~$p_blind $blind, and $affected $h[Weapons] gain \~$p5 damage.","$t[$p1 $affected Gegenstand-Aktivierungen:] Heile $p2, erhalte $block $bl, $p3 $vampirism und $p4 $heat, verursache $p_blind $blind, und erhöhe den Schaden von $affected $h[Waffen] um $p5.",$t[$affected的物品激活达到$p1次：]恢复$p2点生命值并获得$block点$bl，还获得$p3层$vampirism和$p4层$heat，向对手施加$p_blind层$blind。$affected的$h[武器]伤害+$p5。,$t[$affectedにあるアイテム$p1回発動時：]体力を$p2回復し、$block $bl と$p3 $vampirism と$p4 $heat を獲得し、$p_blind $blind を付与する。さらに$affectedにある$h[武器]のダメージ値が$p5増える,"$t[$affected에 위치한 아이템이 $p1회 발동 시:] 체력을 $p2 회복하고, $bl를 $block, $vampirism을 $p3, $heat를 $p4 획득하고, $blind을 $p_blind 부여하고, $affected에 위치한 $h[무기]가 가하는 피해가 $p5 증가합니다.",$t[$p1個$affected物品發動時：]恢復$p2點生命值並獲得$block點$bl，還獲得$p3層$vampirism和$p4層$heat，向對手施加$p_blind層$blind。$affected的$h[武器]傷害+$p5點。,"$t[En activant l'objet $affected $p1 fois :] guérissez de $p2, gagnez $block $bl, $p3 $vampirism et $p4 $heat, infligez $p_blind $blind, et donnez aux $h[Armes] $affected +$p5 de dégâts.","$t[При срабатывании $p1 $affected предметов:] восстанавливает $p2 ед. здоровья, добавляет $block $bl, $p3 $vampirism и $p4 $heat. Также накладывает на противника $p_blind $blind и добавляет $affected $h[оружию] +$p5 ед. урона.","$t[$p1 ativações de item $affected:] Restaura $p2 de vida, ganhe $block $bl, $p3 $vampirism e $p4 $heat, inflige $p_blind $blind e dá +$p5 de dano às $h[Armas] $affected.","$t[Al activar $p1 $affected objetos:] Recupera $p2 PS, obtiene $block $bl, $p3 $vampirism y $p4 $heat, inflige $p_blind $blind, y las $affected $h[Armas] ganan +$p5 de daño."
<!MissingKey:132:$t[Shop entered:] Consume this and \~$affected items. Create different items based on the combined value. $t[Every $cds:] Gain $h[1] random buff and cleanse $h[1] debuff. >,$t[Shop entered:] Consume this and \~$affected items. Create different items based on the combined value. $t[Every $cds:] Gain $h[1] random buff and cleanse $h[1] debuff. ,$t[Laden betreten:] Verbrauche dies und $affected Gegenstände. Erzeuge verschiedene Gegenstände basierend auf dem Gegenstandswert. $t[Alle $cds:] Erhalte $h[1] zufälligen Buff und entferne $h[1] Debuff.,$t[进入商店时：]分解$affected的物品。根据分解物品的总价值生成新物品。$t[每$cds：]获得$h[1]层随机增益效果并净化$h[1]层减益效果。,$t[ショップ入店時：]このアイテムと$affectedにあるアイテムを消費する。その合計価値に応じて異なるアイテムを生成する $t[$cd秒毎：]$h[1]バフを獲得し、$h[1]デバフを解除する,$t[상점 진입 시:] 이 아이템과 $affected에 위치한 모든 아이템을 소모합니다. 합쳐진 가치에 따라 다른 아이템을 생성합니다. $t[$cd초마다:] 무작위 버프를 $h[1]개 획득하고 디버프를 $h[1]개 정화합니다.,$t[進入商店時：]分解$affected的物品。根據分解物品的總價值生成新物品。$t[每$cd秒：]獲得$h[1]層隨機增益效果並淨化$h[1]層減益效果。,$t[En entrant dans la boutique :] consommez ceci et les objets $affected. Créez différents objets en fonction de la valeur combinée. $t[Toutes les $cd s :] gagnez $h[1] bonus aléatoire et purgez $h[1] malus.,"$t[Переход в магазин:] поглощает все $affected предметы и исчезает сам. Создает различные предметы, в зависимости от общей стоимости поглощенных предметов. $t[Раз в $cd сек.:] герой получает $h[1] случайное усиление или снимает $h[1] негативный эффект.",$t[Ao entrar na loja:] Consome este e itens $affected. Cria itens diferentes com base no valor combinado. $t[A cada $cd s:] Ganha $h[1] buff aleatório e purifica $h[1] debuff.,$t[Al entrar en la tienda:] Consume este y los objetos $affected. Crea diferentes objetos en función del valor combinado. $t[Cada $cd s]: Obtiene $h[1] ventaja al azar y elimina $h[1] desventaja.
<!MissingKey:133:Armored Power Puppy>,Armored Power Puppy,Panzerwelpe der Stärke,护甲全能狼崽,武装した力持ちの子狼,무장한 튼튼한 멍멍이,護甲全能狼崽,Louveteau de puissance blindé,Бронированный игривый щенок,Filhote do Poder de Armadura,Cachorro del poder acorazado
<!MissingKey:134:Add $h[9] backpack slots. >,"Add $h[9] backpack slots. 

 Your healing is amplified by $p_healamp% + $p_ampbonus% per $nature-item inside. 

 In rounds $p_round1 and $p_round2, sale chance is increased by $p_sales%.","Fügt $h[9] Rucksackplätze hinzu. 

 Deine Heileffekte sind $p_healamp% effektiver + $p_ampbonus% pro $nature-Gegenstand darin. 

 In Runde $p_round1 und $p_round2 ist die Chance auf Angebote um $p_sales% erhöht.","增加$h[9]背包槽位。

你的恢复效果增强$p_healamp%（篮内每有一个$nature物品，获得$p_ampbonus%增强）。

在第$p_round1和第$p_round2回合，商店打折几率增加$p_sales%。","バックパックのスロットを$h[9]追加する 

自分の回復量 +$p_healamp%、中にある $nature アイテム1個につき回復量 +$p_ampbonus% 

ラウンド$p_round1と$p_round2で、セール発生確率 +$p_sales%","배낭 슬롯을 $h[9]개 추가합니다.

회복량이 $p_healamp% 증가하며, 내부에 위치한 $nature 아이템마다 $p_ampbonus%씩 증가합니다.

$p_round1, $p_round2 라운드에 할인 확률이 $p_sales% 증가합니다.","增加$h[9]背包槽位。

你的恢復效果增強$p_healamp%（籃內每有一個$nature物品，獲得$p_ampbonus%增強）。

在第$p_round1和第$p_round2回合，商店打折幾率增加$p_sales%。","Ajoutez $h[9] emplacements de sac à dos. 

 Votre guérison augmente de $p_healamp % + $p_ampbonus % par objet $nature à l'intérieur. 

 Aux tours $p_round1 et $p_round2, la chance de promotion augmente de $p_sales %.","Добавляет $h[9] слотов к рюкзаку. 

 Эффекты исцеления повышаются на $p_healamp% + $p_ampbonus% за каждый $nature предмет внутри. 

 Во время раундов $p_round1 и $p_round2 шанс получить скидку в магазине повышается на $p_sales%.","Adiciona $h[9] espaços à mochila. 

 Sua cura aumenta em $p_healamp% + $p_ampbonus% por item-$nature dentro. 

 Nas rodadas $p_round1 e $p_round2, a chance de promoção aumenta em $p_sales%.","Añade $h[9] espacios a la mochila. 

 Aumenta la curación en un $p_healamp % (y se incrementa un $p_ampbonus % por cada objeto $nature dentro). 

 En las rondas $p_round1 y $p_round2, la probabilidad de oferta aumenta en un $p_sales %."
<!MissingKey:135:$t[Start of battle:] Gain $p_maxhealth% maximum health. Your $h[Weapons] deal +$p_dam% damage.>,$t[Start of battle:] Gain $p_maxhealth% maximum health. Your $h[Weapons] deal +$p_dam% damage.,$t[Kampfbeginn:] Erhalte $p_maxhealth% Maximalleben. Deine $h[Waffen] verursachen +$p_dam% Schaden.,$t[战斗开始时：]获得$p_maxhealth%最大生命值。你的$h[武器]造成的伤害+$p_dam%。,$t[バトル開始時：]体力最大値 +$p_maxhealth%、$h[武器]の与ダメージ +$p_dam%,$t[전투 시작 시:] 최대 체력을 $p_maxhealth% 획득합니다. 내 $h[무기]의 피해량이 $p_dam% 증가합니다.,$t[戰鬥開始時：]獲得$p_maxhealth%最大生命值。你的$h[武器]造成的傷害+$p_dam%。,$t[Au début du combat :] gagnez $p_maxhealth % de PV max. Vos $h[Armes] infligent +$p_dam % de dégâts.,$t[Начало боя:] повышает макс. здоровье героя на $p_maxhealth%. $h[Оружие] героя наносит +$p_dam% урона.,$t[Início da batalha:] Ganha $p_maxhealth% de vida máxima. Suas $h[Armas] causam +$p_dam% de dano.,$t[Al comienzo de la batalla:] Obtiene un $p_maxhealth % de PS máx. Tus $h[Armas] infligen un +$p_dam % de daño.
<!MissingKey:136:Miss Fortune>,Miss Fortune,Miss Glücken,命运小姐,ミス・フォーチュン,행운 양,命運小姐,Mme Fortune,Мисс Фортуна,Sortuda,Malva Suerte
<!MissingKey:137:$t[Every $cds:] Use $p1 $mana to gain $p2 $heat. >,"$t[Every $cds:] Use $p1 $mana to gain $p2 $heat. 

 Triggers $p3% faster for each \~$affected $fire-item. $t[$p4 $heat reached:] Gain $p5 $lucky. $t1[$p6 $heat reached:] Gain $p7 $regen. $t1[$p8 $heat reached:] Deal $dam $effect-damage.","$t[Alle $cds:] Nutze $p1 $mana, um $p2 $heat zu erhalten. 

 Aktiviert $p3% schneller pro \~$affected $fire-Gegenstand. $t[$p4 $heat erreicht:] Erhalte $p5 $lucky. $t1[$p6 $heat erreicht:] Erhalte $p7 $regen. $t1[$p8 $heat erreicht:] Verursache \~$dam $effect-Schaden.","$t[每$cds：]消耗$p1点$mana来获得$p2层$heat。

每有一个$affected的$fire物品，效果触发快$p3%。$t[$heat层数达到$p4时：]获得$p5点$lucky。$t1[$heat层数达到$p6时：]获得$p7层$regen。$t1[$heat层数达到$p8时：]造成$dam点$effect伤害。","$t[$cd秒毎：]$p1 $mana を消費して、$p2 $heat を獲得する 

$affectedにある $fire アイテム1個につき使用速度が$p3%上がる $t[$p4 $heat 到達時：]$p5 $lucky を獲得する $t1[$p6 $heat 到達時：]$p7 $regen を獲得する $t1[$p8 $heat 到達時：]$dam $effect ダメージを与える","$t[$cd초마다:] $mana를 $p1 사용해 $heat를 $p2 획득합니다.

$affected에 위치한 $fire 아이템마다 $p3% 빠르게 발동합니다. $t[$heat가 $p4에 도달 시:] $lucky을 $p5 획득합니다. $t[$heat가 $p6에 도달 시:] $regen을 $p7 획득합니다. $t[$heat가 $p8에 도달 시:] $effect 피해를 $dam 가합니다.","$t[每$cd秒：]消耗$p1點$mana來獲得$p2層$heat。

每有一個$affected的$fire物品，效果觸發快$p3%。$t[$heat層數達到$p4時：]獲得$p5點$lucky。$t1[$heat層數達到$p6時：]獲得$p7層$regen。$t1[$heat層數達到$p8時：]造成$dam點$effect傷害。","$t[Toutes les $cd s :] utilisez $p1 $mana pour gagner $p2 $heat. 

 Se déclenche $p3 % plus vite pour chaque objet $fire $affected. $t[En atteignant $p4 $heat :] gagnez $p5 $lucky. $t1[En atteignant $p6 $heat :] gagnez $p7 $regen. $t1[En atteignant $p8 $heat :] infligez $dam de dégâts $effect.","$t[Раз в $cdсек.:] использует $p1 $mana и добавляет $p2 $heat. 

 Срабатывает на $p3% чаще за каждый $affected $fire предмет. $t[Когда у героя не менее $p4 $heat:] добавляет $p5 $lucky. $t1[Когда у героя не менее $p6 $heat:] добавляет $p7 $regen. $t1[Когда у героя не менее $p8 $heat:] наносит $dam ед. $effect-урона.","$t[A cada $cd s:] Gasta $p1 $mana para ganhar $p2 $heat. 

 Ativa $p3% mais rápido por cada item-$fire $affected. $t[$p4 $heat alcançados:] Ganha $p5 $lucky. $t1[$p6 $heat alcançados:] Ganha $p7 $regen. $t1[$p8 $heat alcançados:] Causa $dam de dano de $effect.","$t[Cada $cd s:] Usa $p1 $mana para obtener $p2 $heat. 

 Se activa un $p3 % más rápido por cada objeto de $affected $fire. $t[Al alcanzar $p4 $heat:] Obtiene $p5 $lucky. $t1[Al alcanzar $p6 $heat:] Obtiene $p7 $regen. $t1[Al alcanzar $p8 $heat:] Inflige $dam de daño de $effect."
Piggy Pinata_CRAFT,Bunch of items,Gegenstandshäufchen,大量物品,アイテムの山,아이템 더미,大量物品,Poignée d'objets,Набор предметов,Monte de Itens,Montón de objetos
<!MissingKey:139:Busted Blade>,Busted Blade,Übertriebene Klinge,锻造巨剑,破滅のグレートソード,파열의 대검,鍛造巨劍,Lame brisée,Великий меч,Lâmina Bitela,Espadón de soldado
<!MissingKey:140:$t[Start of battle:] Gain $h[1] $heat.>,$t[Start of battle:] Gain $h[1] $heat.,$t[Kampfbeginn:] Erhalte $h[1] $heat.,$t[战斗开始时：]获得$h[1]层$heat。,$t[バトル開始時：]$h[1] $heat を獲得する,$t[전투 시작 시:] $heat를 $h[1] 획득합니다.,$t[戰鬥開始時：]獲得$h[1]層$heat。,$t[Au début du combat :] gagnez $h[1] $heat.,$t[Начало боя:] добавляет $h[1] $heat.,$t[Início da batalha:] Ganhe $h[1] $heat.,$t[Al comienzo de la batalla:] Obtiene $h[1] $heat.
<!MissingKey:141:$t[Every $cds:] Use $p_luck $lucky to gain $p_buffs buffs of the type of which you have the most.>,$t[Every $cds:] Use $p_luck $lucky to gain $p_buffs buffs of the type of which you have the most.,"$t[Alle $cds:] Nutze $p_luck $lucky, um $p_buffs von dem Buff zu erhalten, von dem du am meisten besitzt.",$t[每$cds：]消耗$p_luck点$lucky获得$p_buffs层你现有层数最多的增益效果。,$t[$cd秒毎：]$p_luck $lucky を消費して、一番多いバフを$p_buffs獲得する,$t[$cd초마다:] $lucky을 $p_luck 사용해 보유한 버프 중 가장 많은 버프를 $p_buffs 획득합니다.,$t[每$cd秒：]消耗$p_luck點$lucky獲得$p_buffs層你現有層數最多的增益效果。,$t[Toutes les $cd s :] utilisez $p_luck $lucky pour gagner $p_buffs bonus du type dont vous disposez le plus.,"$t[Раз в $cd сек.:] использует $p_luck $lucky, чтобы добавить до $p_buffs усилений того типа, которых у героя больше всего.",$t[A cada $cd s:] Gasta $p_luck $lucky para ganhar $p_buffs buffs do tipo que você mais tiver.,$t[Cada $cd s:] Usa $p_luck $lucky para obtener $p_buffs ventajas del tipo que más tengas.
"<!MissingKey:142:$t[Health drops below $p_healtht%:] Gain $p_luck $lucky, \~$p_empower $empower, and $block $bl. Reduce $ranged/$effect-damage taken by $p_damreduction% for $p5s (once).>","$t[Health drops below $p_healtht%:] Gain $p_luck $lucky, \~$p_empower $empower, and $block $bl. Reduce $ranged/$effect-damage taken by $p_damreduction% for $p5s (once).","$t[Leben fällt unter $p_healtht%:] Erhalte $p_luck $lucky, \~$p_empower $empower, und $block $bl. Reduziere eingehenden $ranged/$effect-Schaden um $p_damreduction% für $p5s (einmalig).",$t[当生命值低于$p_healtht%时：]获得$p_luck点$lucky，$p_empower层$empower，还有$block点$bl。$p5s内，来自$ranged/$effect的伤害减少$p_damreduction%（单次触发）。,$t[体力が$p_healtht%未満に低下時：]$p_luck $lucky と$p_empower $empower と$block $bl を獲得する。$p5秒間、受ける $ranged/$effect ダメージが$p_damreduction%減る（1回のみ）,"$t[체력이 $p_healtht% 아래로 떨어질 시:] $lucky을 $p_luck, $empower를 $p_empower, $bl를 $block 획득합니다. $p5초 동안 받는 $ranged/$effect 피해가 $p_damreduction%만큼 감소합니다 (한 번).",$t[當生命值低於$p_healtht%時：]獲得$p_luck點$lucky，$p_empower層$empower，還有$block點$bl。$p5s內，來自$ranged/$effect的傷害減少$p_damreduction%（單次觸發）。,"$t[PV inférieurs à $p_healtht % :] gagnez $p_luck $lucky, $p_empower $empower, et $block $bl. Réduisez les dégâts $ranged/$effect subis à hauteur de $p_damreduction % pendant $p5 s (une fois).","$t[При здоровье ниже $p_healtht%:] добавляет $p_luck $lucky, $p_empower $empower и $block $bl. Снижает получаемый героем $ranged/$effect урон $p_damreduction% на $p5 сек. (один раз за бой).","$t[Vida cai abaixo de $p_healtht%:] Ganha $p_luck $lucky, $p_empower $empower, e $block $bl. Reduz o dano de $ranged/$effect recebido em $p_damreduction% por $p5 s (uma vez).","$t[PS por debajo del $p_healtht %:] Obtiene $p_luck $lucky, $p_empower $empower, y $block $bl. Reduce daño de $ranged/$effect recibido un $p_damreduction % durante $p5 s (una vez)."
<!MissingKey:143:Elephant Rune>,Elephant Rune,Elefantenrune,大象符文,ゾウのルーン,코끼리의 룬,大象符文,Rune d'éléphant,Руна слона,Runa de Elefante,Runa de elefante
<!MissingKey:144:Add $h[9] backpack slots. $t[Shop entered:] Spend $h[1] $gold to generate a $h[Flame]. $t[Start of battle:] Gain $p1 maximum health for each $fire-item inside.>,Add $h[9] backpack slots. $t[Shop entered:] Spend $h[1] $gold to generate a $h[Flame]. $t[Start of battle:] Gain $p1 maximum health for each $fire-item inside.,"Fügt $h[9] Rucksackplätze hinzu. $t[Laden betreten:] Nutze $h[1] $gold, um eine $h[Flamme] zu erhalten. $t[Kampfbeginn:] Erhalte $p1 Maximalleben pro $fire-Gegenstand darin.",增加$h[9]格背包槽位。$t[进入商店时：]花费$h[1]枚$gold生成一团$h[火焰]。$t[战斗开始时：]火坑里每有一个$fire物品，获得$p1点最大生命值。,バックパックのスロットを$h[9]追加する $t[ショップ入店時：]$h[1] $gold を消費して、$h[フレイム]1個を生成する $t[バトル開始時：]中にある $fire アイテム1個につき体力最大値が$p1増える,배낭 슬롯을 $h[9]개 추가합니다. $t[상점 진입 시:] $gold를 $h[1] 소모해 $h[불꽃]을 생성합니다. $t[전투 시작 시:] 내부에 위치한 $fire 아이템마다 최대 체력을 $p1 획득합니다.,增加$h[9]格背包槽位。$t[進入商店時：]花費$h[1]枚$gold生成一團$h[火焰]。$t[戰鬥開始時：]火坑裏每有一個$fire物品，獲得$p1點最大生命值。,Ajoutez $h[9] emplacements de sac à dos. $t[En entrant dans la boutique :] dépensez $h[1] $gold pour générer une $h[Flamme]. $t[Au début du combat :] gagnez $p1 des PV max pour chaque objet $fire à l'intérieur.,Добавляет $h[9] слотов к рюкзаку. $t[Переход в магазин:] тратит $h[1] $gold и создает $h[пламя]. $t[Начало боя:] повышает максимальное здоровье на $p1 ед. за каждый $fire предмет внутри.,Adiciona $h[9] espaços à mochila. $t[Ao entrar na loja:] Gasta $h[1] $gold para gerar uma $h[Chama]. $t[Início da batalha:] Ganha $p1 de vida máxima por cada item-$fire dentro.,Añade $h[9] espacios a la mochila. $t[Al entrar en la tienda:] Gasta $h[1] $gold para generar una $h[Llama]. $t[Al comienzo de la batalla:] Obtiene $p1 PS máx. por cada objeto de $fire en el interior.
"<!MissingKey:145:$affected $ranged-$h[Weapons] deal +$p_dam% damage, attack +$p_speed% faster and have +$p_acc% accuracy.>","$affected $ranged-$h[Weapons] deal +$p_dam% damage, attack +$p_speed% faster and have +$p_acc% accuracy.","$affected $ranged-$h[Waffen] verursachen +$p_dam% Schaden, greifen +$p_speed% schneller an und haben +$p_acc% Genauigkeit.",$affected的$ranged $h[武器]造成的伤害+$p_dam%，攻击速度+$p_speed%，且命中率+$p_acc%。,$affectedにある $ranged $h[武器]の与ダメージ +$p_dam%、使用速度 +$p_speed%、命中率 +$p_acc%,"$affected에 위치한 $ranged $h[무기]의 피해량이 $p_dam% 증가하고, $p_speed% 빠르게 공격하고, $p_acc%의 추가 명중률을 지닙니다.",$affected的$ranged $h[武器]造成的傷害+$p_dam%，攻擊速度+$p_speed%，且命中率+$p_acc%。,"Les $h[Armes] $ranged $affected infligent +$p_dam % de dégâts, attaquent +$p_speed % plus vite et ont +$p_acc % de précision.","$affected $ranged-$h[оружие] наносит +$p_dam% урона, атакует на $p_speed% чаще, а точность +$p_acc%.","$h[Armas]-$ranged $affected causam +$p_dam% de dano, atacam +$p_speed% mais rápido e têm +$p_acc% de precisão.","Las $affected $h[Armas] $ranged infligen un $p_dam % más de daño, atacan un $p_speed % más rápido y tienen un $p_acc % más de precisión."
"<!MissingKey:146:$t[Every $cds:] Gain $p_regen $regen or $p_empower $empower, depending on which you have \~less of. >","$t[Every $cds:] Gain $p_regen $regen or $p_empower $empower, depending on which you have \~less of. 

 Triggers $p_speed% faster for each $h[distinct] $affected $h[Class] item.","$t[Alle $cds:] Erhalte $p_regen $regen oder $p_empower $empower, je nachdem wovon du weniger hast. 

 Aktiviert $p_speed% schneller pro $h[Art von] $affected $h[Klassen]gegenstand.","$t[每$cds：]获得$p_regen层$regen或$p_empower层$empower，取决于已拥有哪种增益效果较少。

每有一个$affected的$h[不重复]的$h[职业]物品，触发速度快$p_speed%。","$t[$cd秒毎：]$p_regen $regen または$p_empower $empower のうち最も少ないものを獲得する 

$affectedにある$h[クラス固有アイテム]1$h[種類]につき使用速度が$p_speed%上がる","$t[$cd초마다:] $regen과 $empower 중 더 적은 것을 $regen은 $p_regen, $empower는 $p_empower 획득합니다.

$affected에 위치한 $h[개별] $h[직업] 아이템마다 $p_speed% 빠르게 발동합니다.","$t[每$cds：]獲得$p_regen層$regen或$p_empower層$empower，取決於已擁有哪種增益效果較少。

每有一個$affected的$h[不重複]的$h[職業]物品，觸發速度快$p_speed%。","$t[Toutes les $cd s :] gagnez $p_regen $regen ou $p_empower $empower, en fonction de ce que vous avez le moins. 

 Se déclenche $p_speed % plus vite pour chaque objet de $h[Classe] $affected $h[distinct].","$t[Раз в $cd сек.:] добавляет $p_regen $regen или $p_empower $empower в зависимости от того, какого эффекта у героя меньше. 

 Срабатывает на $p_speed% чаще за каждый $h[отдельный] предмет $affected $h[класса].","$t[A cada $cd s:] Ganha $p_regen $regen ou $p_empower $empower, dependendo de qual você tem menos. 

 Aciona $p_speed% mais rápido para cada item $h[distinto] de $h[Classe] $affected.","$t[Cada $cd s:] Obtiene $p_regen $regen o $p_empower $empower, dependiendo de cuál tengas menos. 

 Se activa un $p_speed % más rápido por cada objeto de $h[Clase] $affected $h[distinta]."
<!MissingKey:147:Jimbo>,Jimbo,Jimbo,小丑牌,ジョーカー,짐보,小丑牌,Joker,«Джимбо»,Jimbo,Comodón
<!MissingKey:148:Star of Courage>,Star of Courage,Tapferkeitsstern,勇气之星,勇気の星,용기의 별,勇氣之星,Étoile de courage,Звезда мужества,Estrela da Coragem,Estrella del valor
<!MissingKey:149:Unstable Recombobulator>,Unstable Recombobulator,Instabiler Rekombinator,不稳定重组器,不安定な再構築器,불안정한 재결합기,不穩定重組器,Recombobulateur instable,Нестабильный рекомбинатор,Recombinador Instável,Recombobulador inestable
<!MissingKey:150:Smithing For Dummies>,Smithing For Dummies,Schmieden für Dummbatze,铁匠入门指南,サルでもわかる鍛冶,바보들을 위한 대장기술,鐵匠入門指南,Le forgeage pour les nuls,Начинающий кузнец,Forja para Iniciantes,Forja para tontos
<!MissingKey:151:Add $h[6] backpack slots. $t[Start of battle:] Gain $block $bl for each $h[Neutral] item inside.>,Add $h[6] backpack slots. $t[Start of battle:] Gain $block $bl for each $h[Neutral] item inside.,Fügt $h[6] Rucksackplätze hinzu. $t[Kampfbeginn:] Erhalte $block $bl pro $h[neutralem] Gegenstand darin.,增加$h[6]背包槽位。$t[战斗开始时：]旅行袋内每有一个$h[通用物品]，获得$block点$bl。,バックパックのスロットを$h[6]追加する $t[バトル開始時：]中にある$h[共通]アイテム1個につき$block $bl を獲得する,배낭 슬롯을 $h[6]개 추가합니다. $t[전투 시작 시:] 내부에 위치한 $h[중립] 아이템마다 $bl를 $block 획득합니다.,增加$h[6]背包槽位。$t[戰鬥開始時：]旅行袋內每有一個$h[通用物品]，獲得$block點$bl。,Ajoutez $h[6] emplacements de sac à dos. $t[Au début du combat :] gagnez $block $bl pour chaque objet $h[Neutre] à l'intérieur.,Добавляет $h[6] слотов к рюкзаку. $t[Начало боя:] добавляет $block $bl за каждый предмет типа $h[нейтральный] внутри.,Adiciona $h6 espaços de mochila. $t[Início da batalha:] Ganha $block $bl para cada item $h[Neutro] dentro.,Añade $h[6] espacios a la mochila. $t[Al comienzo de la batalla:] Obtiene $block $bl por cada objeto $h[neutral] en su interior.
<!MissingKey:152:Deal $p_unhealing% of your healing as \~$effect-damage. $t[Every $cds:] Use a random buff to heal for $p_heal.>,Deal $p_unhealing% of your healing as \~$effect-damage. $t[Every $cds:] Use a random buff to heal for $p_heal.,"Verursache +$p_unhealing% deiner Heilung als $effect-Schaden. $t[Alle $cds:] Nutze einen zufälligen Buff, um für $p_heal zu heilen.",以你恢复量的$p_unhealing%作为$effect伤害。$t[每$cds：]消耗一个随机增益效果来恢复生命值$p_heal点。,回復量の$p_unhealing%分の $effect ダメージを与える $t[$cd秒毎：]1バフを消費して、体力を$p_heal回復する,회복량의 $p_unhealing%를 $effect 피해로 가합니다. $t[$cd초마다:] 무작위 버프를 사용해 체력을 $p_heal 회복합니다.,以你恢復量的$p_unhealing%作為$effect傷害。$t[每$cd秒：]消耗一個隨機增益效果來恢復生命值$p_heal點。,Infligez +$p_unhealing % de votre guérison en tant que dégâts $effect. $t[Toutes les $cd s :] utilisez un bonus aléatoire pour guérir de $p_heal.,"Наносит $effect-урон в размере $p_unhealing% от восстановленного здоровья героя. $t[Раз в $cd сек.:] использует случайное усиление, чтобы восстановить герою $p_heal ед. здоровья.",Causa $p_unhealing% da sua cura como dano de $effect. $t[A cada $cd s:] gasta um buff aleatório para restaurar $p_heal de vida.,Inflige un $p_unhealing % de tu curación en forma de daño de $effect. $t[Cada $cd s:] Usa una ventaja al azar para recuperar $p_heal PS.
"<!MissingKey:153:$t[$p1 $affected item activations:] Gain $p2 maximum health, $block $bl, $p3 $vampirism and \~$p4 random buffs, inflict $p_blind $blind, and \~$affected $h[Weapons] gain $p5 damage.>","$t[$p1 $affected item activations:] Gain $p2 maximum health, $block $bl, $p3 $vampirism and \~$p4 random buffs, inflict $p_blind $blind, and \~$affected $h[Weapons] gain $p5 damage.","$t[$p1 $affected Gegenstands-aktivierungen:] Erhalte $p2 Maximalleben, $block $bl, $p3 $vampirism und $p4 zufällige Buffs, verursache $p_blind $blind, und erhöhe den Schaden von $affected $h[Waffen] um $p5.",$t[$affected的物品激活达到$p1次：]获得$p2点最大生命值、$block点$bl、$p3层$vampirism和$p4层随机增益效果，向对手施加$p_blind层$blind，$affected的$h[武器]伤害+$p5。,$t[$affectedにあるアイテム$p1回発動時：]体力最大値を$p2増やし、$block $bl と$p3 $vampirism と$p4バフを獲得し、$p_blind $blind を付与する。さらに$affectedにある$h[武器]のダメージ値が$p5増える,"$t[$affected에 위치한 아이템이 $p1회 발동 시:] 최대 체력을 $p2, $bl를 $block, $vampirism을 $p3, 무작위 버프를 $p4개 획득하고, $blind을 $p_blind 부여하고, $affected에 위치한 $h[무기]가 가하는 피해가 $p5 증가합니다.",$t[$p1個$affected物品發動時：]獲得$p2點最大生命值、$block點$bl、$p3層$vampirism和$p4層隨機增益效果，向對手施加$p_blind層$blind，$affected的$h[武器]傷害+$p5點。,"$t[En activant l'objet $affected $p1 fois :] gagnez $p2 des PV max, $block $bl, $p3 $vampirism et $p4 bonus aléatoires, infligez $p_blind $blind, et donnez aux $h[Armes] $affected +$p5 de dégâts.","$t[При срабатывании $p1 $affected предметов:] повышает максимальное здоровье на $p2 ед., добавляет $block $bl, $p3 $vampirism и до $p4 случайных усилений. Также накладывает на противника $p_blind $blind и добавляет $affected $h[оружию] +$p5 ед. урона.","$t[$p1 ativações de item $affected:] Ganhe $p2 de vida máxima, $block $bl, $p3 $vampirism e $p4 buffs aleatórios, inflige $p_blind $blind e aumenta o dano das $affected $h[Armas] em$p5.","$t[Al activar $p1 $affected objetos:] Obtiene $p2 PS máx., $block $bl, $p3 $vampirism y $p4 ventajas al azar, inflige $p_blind $blind y las $affected $h[Armas] infligen $p5 más de daño."
<!MissingKey:154:Mega Clover>,Mega Clover,Megaklee,巨大四叶草,メガ・クローバー,대왕 클로버,巨大四葉草,Méga trèfle,Мега-клевер,Trevo Gigante,Supertrébol
Rainbow Orb_Counter, ($num), ($num),($num),($num),($num),($num),($num),($num),($num),($num)
<!MissingKey:156:Happy Bomb>,Happy Bomb,Spaßbombe,开心炸弹,ハッピーボム,행복 폭탄,開心炸彈,Bombe du bonheur,Бомбочка удачи,Bomba Alegre,Bomba de felicidad
<!MissingKey:157:Heart of the Cards>,Heart of the Cards,Herz der Karten,卡牌之心,カードの心臓,카드와의 유대,卡牌之心,Cœur des cartes,«Черви»,Coração das Cartas,Corazón de cartas
<!MissingKey:158:Piggy Piñata>,Piggy Piñata,Kramschwein,存钱罐皮纳塔,ブタちゃんピニャータ,돼지 피냐타,存錢罐皮納塔,Tirelire piñata,Свинка-пиньята,Piñata de Porquinho,Piñata de cerdo
<!MissingKey:159:$t[Every $cds:] Heal for $p_heal and protect \~$h[1] buff from removal. $t[Use $p_mana $mana:] Become invulnerable for $p4s (once). >,"$t[Every $cds:] Heal for $p_heal and protect \~$h[1] buff from removal. $t[Use $p_mana $mana:] Become invulnerable for $p4s (once). 

 Effects of $h[Gemstones] socketed in this are increased by $p_gempower%. ","$t[Alle $cds:] Heile um $p_heal und beschütze $h[1] Buff davor, entfernt zu werden. $t[Nutze $p_mana $mana:] Werde für $p4s unverwundbar (einmalig). 

 $h[Edelsteine] in diesem Gegenstand sind $p_gempower% effektiver. ","$t[每$cds：]恢复$p_heal点生命值，并保护$h[1]层增益效果不被移除。$t[消耗$p_mana点$mana：]在$p4s内无敌（单次触发）。
镶嵌的$h[宝石]获得$p_gempower%效果增强。","$t[$cd秒毎：]体力を$p_heal回復し、$h[1]バフを除去効果から保護する $t[$p_mana $mana 消費：]$p4秒間、無敵状態になる（1回のみ） 

このアイテムに装着した$h[宝石]の効果は$p_gempower%強化される","$t[$cd초마다:] 체력을 $p_heal 회복하고 버프가 제거되는 것을 $h[1]번 막습니다. $t[$mana를 $p_mana 사용:] $p4초 동안 무적 상태가 됩니다 (한 번).
이 아이템의 소켓에 꽂은 $h[보석]의 효과가 $p_gempower% 증가합니다.","$t[每$cd秒：]恢復$p_heal點生命值，並保護$h[1]層增益效果不被移除。$t[消耗$p_mana點$mana：]在$p4s內無敵（單次觸發）。
鑲嵌的$h[寶石]獲得$p_gempower%效果增強。","$t[Toutes les $cd s :] guérissez de $p_heal et protégez $h[1] bonus retrait. $t[En utilisant $p_mana $mana :] devenez invulnérable pendant $p4 s (une fois). 
 Les effets des $h[Pierres précieuses] incrustées dedans augmentent de $p_gempower %.","$t[Раз в $cd сек.:] восстанавливает $p_heal ед. здоровья и защищает от снятия $h[1] усиления. $t[Использует $p_mana $mana:] герой получает неуязвимость на $p4 сек. (один раз за бой). 
 Эффекты $h[Самоцветов] в слотах данного предмета повышены на $p_gempower%.","$t[A cada $cd s:] Restaura $p_heal de vida e impede que $h[1] buff seja removida. $t[Gasto de $p_mana $mana:] Ganhe invulnerabilidade por $p4 s (uma vez). 
 Os efeitos das $h[Gemas] encaixadas neste item aumentam $p_gempower%.","$t[Cada $cd s:] Recupera $p_heal PS y protege de perder $h[1] ventaja. $t[Al usar $p_mana $mana:] Se vuelve invulnerable durante $p4 s (una vez). 
 Los efectos de las $h[Gemas] engarzadas dentro aumentan en un $p_gempower %."
"<!MissingKey:160:Add $h[4] backpack slots. $t[Shop entered:] If this has at least $p1 $godly[Godly] or $unique[Unique] items inside, generate a chipped $h[Gemstone]. >","Add $h[4] backpack slots. $t[Shop entered:] If this has at least $p1 $godly[Godly] or $unique[Unique] items inside, generate a chipped $h[Gemstone]. ","Fügt $h[4] Rucksackplätze hinzu. $t[Laden betreten:] Wenn sich in diesem Gegenstand mindestens $p1 $godly[göttliche] oder $unique[einzigartige] Gegenstände befinden, erzeuge einen lädierten $h[Edelstein]. ",增加$h[4]背包槽位。$t[进入商店时：]如果有$p1个$godly[神级]/$unique[特别]物品在盒子里，产生一个$h[宝石]碎片。,バックパックのスロットを$h[4]追加する $t[ショップ入店時：]中に$godly[ゴッド]または$unique[ユニーク]アイテムが$p1以上ある場合、欠けた$h[宝石]1個を生成する,"배낭 슬롯을 $h[4]개 추가합니다. $t[상점 진입 시:] 내부에 $godly[신화]와 $unique[유니크] 아이템이 $p1개 이상 위치할 시, 깨진 $h[보석]을 생성합니다.",增加$h[4]背包槽位。$t[進入商店時：]如果有$p1個$godly[神級]/$unique[特別]物品在盒子裏，產生一個$h[寶石]碎片。,"Ajoutez $h[4] emplacements de sac à dos $t[En entrant dans la boutique :] s'il y a au moins $p1 objets $godly[Divins] ou $unique[Uniques] à l'intérieur, une $h[pierre précieuse] fragmentée est générée.","Добавляет $h[4] слота к рюкзаку. $t[Переход в магазин:] если в коробке не менее $p1 $godly[божественных] или $unique[уникальных] предметов, создает осколок $h[самоцвета].","Adiciona $h[4] espaços à mochila. $t[Ao entrar na loja:] Se houver ao menos $p1 itens $godly[Divinos] ou $unique[Únicos] dentro, gera uma $h[Gema] lascada.","Añade $h[4] espacios a la mochila. $t[Al entrar en la tienda:] Si esta contiene al menos $p1 objetos $godly[Gloriosos] o $unique[Únicos], genera una $h[Gema] rota."
<!MissingKey:161:Amulet of Alchemy>,Amulet of Alchemy,Amulett der Alchemie,炼金护符,秘術のアミュレット,연금술의 아뮬렛,煉金護符,Amulette d'alchimie,Амулет алхимии,Amuleto da Alquimia,Amuleto de la alquimia
<!MissingKey:162:$t[On hit:] Gain $p1 damage. $t[$rage[Battle Rage] entered:] Trigger extra attack. Damage gain increased to $p2.>,$t[On hit:] Gain $p1 damage. $t[$rage[Battle Rage] entered:] Trigger extra attack. Damage gain increased to $p2.,$t[Bei Treffer:] Erhöhe Schaden um $p1. $t[$rage[Kampfrausch] beginnt:] Führe einen zusätzliche Angriff aus. Schaden wird nun um $p2 erhöht.,$t[击中对手时：]获得+$p1伤害。$t[进入$rage[狂战士之怒]时：]触发一次额外攻击。伤害加成增加到$p2。,$t[ヒット時：]ダメージ値が$p1増える $t[$rage[バーサク]突入時：]追加攻撃を行う。ダメージ値が$p2増えるようになる,$t[적중 시:] 가하는 피해가 $p1 증가합니다. $t[$rage[전투 격노]에 돌입했다면:] 추가 공격을 가합니다. 가하는 피해가 $p2씩 증가하도록 변합니다.,$t[命中對手時：]獲得+$p1點的傷害加成。$t[進入$rage[戰鬥狂怒]時：]觸發一次額外攻擊。傷害加成增加到$p2點。,$t[Par coup :] gagnez +$p1 de dégâts. $t[En mode $rage[Rage de combat] :] déclenchez une attaque supplémentaire. Les dégâts augmentent de $p2.,$t[При попадании:] добавляет +$p1 ед. к урону. $t[При активации эффекта $rage[ярость]:] наносит дополнительную атаку. Дополнительный урон повышается до $p2 ед.,$t[Ao acertar:] Ganhe +$p1 de dano. $t[Ao entrar em $rage[Fúria de Combate]:] ativa um ataque adicional. Aumenta o dano ganho para $p2.,$t[Al golpear:] Inflige $p1 más de daño. $t[Al entrar en $rage[Rabia de batalla]:] Activa un ataque adicional. El aumento de daño sube a $p2.
<!MissingKey:163:$t[$affected items gained $p_gained buffs:] \~Heal for $p_heal. $t[$affected items used $p_used buffs:] \~Gain $p_luck $lucky and $p_mana $mana. $t[Every $cds:] Gain $p_luck2 $lucky and $p_mana2 $mana.>,$t[$affected items gained $p_gained buffs:] \~Heal for $p_heal. $t[$affected items used $p_used buffs:] \~Gain $p_luck $lucky and $p_mana $mana. $t[Every $cds:] Gain $p_luck2 $lucky and $p_mana2 $mana.,$t[$affected Gegenstände erzeugen $p_gained Buffs:] Heile um $p_heal. $t[$affected Gegenstände nutzen $p_used Buffs:] Erhalte $p_luck $lucky und $p_mana $mana. $t[Alle $cds:] Erhalte $p_luck2 $lucky und $p_mana2 $mana.,$t[$affected的物品获得$p_gained层增益效果时：]恢复$p_heal点生命。$t[$affected的物品消耗掉$p_used层增益效果时：]获得$p_luck点$lucky和$p_mana层$mana。$t[每$cds：]获得$p_luck2点$lucky和$p_mana2层$mana。,$t[$affectedにあるアイテムが$p_gainedバフ獲得毎：]体力を$p_heal回復する $t[$affectedにあるアイテムが$p_usedバフ消費毎：]$p_luck $lucky と$p_mana $mana を獲得する $t[$cd秒毎：]$p_luck2 $lucky と$p_mana2 $mana を獲得する,"$t[$affected에 위치한 아이템이 버프를 $p_gained 획득 시:] 체력을 $p_heal 회복합니다. $t[$affected에 위치한 아이템이 버프를 $p_used 사용 시:] $lucky를 $p_luck, $mana를 $p_mana 획득합니다. $t[$cd초마다:] $lucky를 $p_luck2, $mana를 $p_mana2 획득합니다.",$t[$affected的物品獲得$p_gained層增益效果時：]恢復$p_heal點生命。$t[$affected的物品消耗掉$p_used層增益效果時：]獲得$p_luck點$lucky和$p_mana層$mana。$t[每$cd秒：]獲得$p_luck2點$lucky和$p_mana2層$mana。,$t[Les objets $affected gagnent $p_gained bonus :] guérissez de $p_heal. $t[Les objets $affected utilisent $p_used bonus :] gagnez $p_luck $lucky et $p_mana $mana. $t[Toutes les $cd s :] gagnez $p_luck2 $lucky et $p_mana2 $mana.,$t[Когда $affected предметы накапливают $p_gained усилений:] восстанавливает $p_heal ед. здоровья. $t[Когда $affected используют $p_used усилений:] добавляет $p_luck $lucky и $p_mana $mana. $t[Раз в $cd сек.:] добавляет $p_luck2 $lucky и $p_mana2 $mana.,$t[Itens $affected ganharam $p_gained buffs:] restaura $p_heal de vida. $t[Itens $affected usaram $p_used buffs:] Ganhe $p_luck $lucky e $p_mana $mana. $t[A cada $cd s:] Ganhe $p_luck2 $lucky e $p_mana2 $mana.,$t[Si los $affected objetos ganan $p_gained ventajas:] Recupera $p_heal PS. $t[Si los $affected objetos usan $p_used ventajas:] Obtiene $p_luck $lucky y $p_mana $mana. $t[Cada $cd s:] Obtiene $p_luck2 $lucky y $p_mana2 $mana.
<!MissingKey:164:$t[On hit:] Gain $p_empower $empower. $chance% chance to stun for $p2s. $t[Use $p_regen $regen:] Reduce cooldown to $p4s and gain $block $bl (once). >,"$t[On hit:] Gain $p_empower $empower. $chance% chance to stun for $p2s. $t[Use $p_regen $regen:] Reduce cooldown to $p4s and gain $block $bl (once). 

 Deals +$p_bonusdam damage for each $affected $h[Bag of Stones]. ","$t[Bei Treffer:] Erhalte $p_empower $empower. $chance% Chance, $p2s lang Benommenheit auszulösen. $t[Nutze $p_regen $regen:] Reduziere die Abklingzeit auf $p4s und erhalte $block $bl (einmalig). 

 Verursacht +$p_bonusdam Schaden pro $affected $h[Sack voll Steine]). ","$t[击中对手时：]获得$p_empower层$empower。有$chance%的几率眩晕对手$p2s。$t[消耗$p_regen层$regen：]冷却时间降低到$p4s并且获得$block点$bl（单次触发）。

每个$affected的$h[一袋石头]造成+$p_bonusdam伤害。","$t[ヒット時：]$p_empower $empower を獲得する。$chance%の確率で相手を$p2秒間スタンさせる $t[$p_regen $regen 消費：]クールダウンが$p4秒に減り、$block $bl を獲得する（1回のみ） 

$affectedにある$h[石入り袋]1個につき与ダメージ +$p_bonusdam","$t[적중 시:] $empower를 $p_empower 획득합니다. $chance%의 확률로 $p2초 동안 기절시킵니다. $t[$regen $p_regen 사용 시:] 재사용 대기 시간이 $p4(으)로 감소하고, $bl를 $block 획득합니다 (한 번).

$affected에 위치한 $h[돌이 든 자루]마다 가하는 피해가 $p_bonusdam 증가합니다.","$t[擊中對手時：]獲得$p_empower層$empower。有$chance%的幾率眩暈對手$p2s。$t[消耗$p_regen層$regen：]冷卻時間降低到$p4s並且獲得$block點$bl（單次觸發）。

每個$affected的$h[一袋石頭]造成+$p_bonusdam傷害。","$t[Par coup :] gagnez $p_empower $empower. $chance % de chances d'étourdir pendant $p2 s. $t[Utilisez $p_regen $regen :] réduisez le temps de recharge de $p4 s et gagnez $block $bl (une fois). 

 Infligez +$p_bonusdam de dégâts pour chaque $affected $h[Sac de pierres].","$t[При попадании:] добавляет $p_empower $empower. Шанс $chance% оглушить противника на $p2 сек. $t[Использует $p_regen $regen:] снижает время перезарядки до $p4 сек. и добавляет $block $bl (один раз за бой). 

 Наносит +$p_bonusdam ед. урона за каждый $affected $h[мешок с камнями].","$t[Ao acertar:] Ganha $p_empower $empower. $chance% de chance de atordoar por $p2 s. $t[Usar $p_regen $regen:] Diminui a recarga para $p4 s e ganha $block $bl (uma vez). 

 Causa +$p_bonusdam de dano por cada $h[Saco de Pedras] $affected.","$t[Al golpear:] Obtiene $p_empower $empower. $chance % de probabilidad de aturdir durante $p2 s. $t[Al usar $p_regen $regen:] Reduce la recarga a $p4 s y obtiene $block $bl (una vez). 

 Inflige $p_bonusdam más de daño por cada $affected $h[Bolsa con piedras]."
<!MissingKey:165:$t[Both characters drop below $p1% health:] Consume this and gain $p2 $vampirism and deal $p3 $effect-damage with $p_lifesteal% lifesteal.>,$t[Both characters drop below $p1% health:] Consume this and gain $p2 $vampirism and deal $p3 $effect-damage with $p_lifesteal% lifesteal.,"$t[Beide Charaktere fallen unter $p1% Leben:] Trinke aus, erhalte $p2 $vampirism und verursache $p3 $effect-Schaden mit $p_lifesteal% Lebensraub.",$t[你和对手都生命值都低于$p1%时：]消耗此魔药获得$p2层$vampirism并造成带有$p_lifesteal%生命偷取效果的$p3点$effect伤害。,$t[自分と相手の体力が両方とも$p1%未満に低下時：]このアイテムを消費して、$p2 $vampirism を獲得し、体力吸収率$p_lifesteal%の$p3 $effect ダメージを与える,"$t[두 캐릭터의 체력이 모두 $p1% 아래로 떨어질 시:] 포션을 소모해, $vampirism을 $p2 획득하고 $p_lifesteal%의 생명력을 흡수하는 $effect 피해를 $p3 가합니다.",$t[你和對手都生命值都低於$p1%時：]消耗此魔藥獲得$p2層$vampirism並造成帶有$p_lifesteal%生命偷取效果的$p3點$effect傷害。,$t[PV des deux personnages inférieurs à $p1 % :] consommez ceci et gagnez $p2 $vampirism et infligez $p3 de dégâts $effect avec $p_lifesteal de vol de vie.,"$t[Если показатели здоровья героя и противника ниже $p1%:] расходуется, чтобы добавить $p2 $vampirism, нанести $p3 $effect-урона и украсть $p_lifesteal% здоровья противника.",$t[Ambos os personagens caem abaixo de $p1% de vida:] Consome isto e ganha $p2 $vampirism e causa $p3 de dano de $effect com $p_lifesteal% de roubo de vida.,$t[PS de ambos personajes por debajo del $p1 %:] Consume la poción y obtiene $p2 de $vampirism e inflige $p3 de daño de $effect con un $p_lifesteal % de drenaje vital.
"<!MissingKey:166:The $affected item triggers $p_speed% faster \~+ $p_speed2% for each $affected2 $unique[Unique] item, $h[Customer Card] or $h[Platinum Customer Card]. >","The $affected item triggers $p_speed% faster \~+ $p_speed2% for each $affected2 $unique[Unique] item, $h[Customer Card] or $h[Platinum Customer Card]. 

 Chance to find $treasure-items +$p_uniques%. 
 You can obtain +$p_uniquest $treasure-items.","Der $affected Gegenstand aktiviert $p_speed% schneller + $p_speed2% pro $affected2 $unique[einzigartigem] Gegenstand, $h[Kundenkarte] oder $h[Platin-Kundenkarte]. 

 Chance, einen $treasure-Gegenstand zu finden +$p_uniques%. 
 Du kannst +$p_uniquest $treasure-Gegenstände besitzen.","$affected的$h[物品]触发快$p_speed%。每有一个$affected2的$unique[特别]物品、$h[会员卡]或者$h[白金会员卡]，触发速度+$p_speed2%。

 找到$treasure物品的几率+$p_uniques%。
 你可持有+$p_uniquest件$treasure物品。","$affectedにある$h[アイテム]の使用速度が$p_speed%上がり、$affected2にある$unique[ユニーク]アイテムまたは$h[ショップ会員カード]または$h[プラチナ会員カード]1個につき$p_speed2%上がる 

 $treasure アイテムの出現率 +$p_uniques% 
所持できる $treasure アイテム数 +$p_uniquest","$affected에 위치한 아이템이 $p_speed% 빠르게 발동하며, $affected2에 위치한 $unique[유니크] 아이템, $h[회원 카드], $h[플래티넘 회원 카드]마다 추가로 $p_speed2% 빠르게 발동합니다.

$treasure 아이템을 발견할 확률이 $p_uniques% 증가합니다.
$treasure 아이템을 $p_uniquest개 더 획득할 수 있습니다.","$affected的$h[物品]觸發快$p_speed%。每有一個$affected2的$unique[特別]物品、$h[會員卡]或者$h[白金會員卡]，觸發速度+$p_speed2%。

 找到$treasure物品的幾率+$p_uniques%。
 你可持有+$p_uniquest件$treasure物品。","L'$h[objet] $affected se déclenche $p_speed % plus vite + $p_speed2 % pour chaque objet $unique[Unique] $affected2, $h[Carte de fidélité] ou $h[Carte de fidélité de platine]. 

 Chance de trouver des objets $treasure +$p_uniques %. 
 Vous pouvez obtenir +$p_uniquest objets $treasure.","$affected $h[предмет] срабатывает на $p_speed% чаще и еще на $p_speed2% чаще за каждый $affected2 $unique[уникальный] предмет, $h[VIP-карту] или $h[Платиновую VIP-карту]. 

 Шанс обнаружить $treasure предметы +$p_uniques%. 
 Вы сможете получить +$p_uniquest $treasure предметов.","O $h[item] $affected aciona $p_speed% mais rápido + $p_speed2% para cada item $unique[Único] $affected2, $h[Cartão de Cliente] ou $h[Cartão de Cliente Platina]. 

 Chance de encontrar itens-$treasure +$p_uniques%. 
 Você pode obter +$p_uniquest itens-$treasure.","El $h[objeto] $affected se activa un $p_speed % más rápido +$p_speed2% por cada objeto $unique[Único] $affected2, $h[Carnet de socio] o $h[Carnet de socio platino]. 

 Probabilidad de objetos $treasure +$p_uniques%. 
 Puedes obtener +$p_uniquest objetos $treasure."
<!MissingKey:167:Stone Badge>,Stone Badge,Steinabzeichen,石头徽章,ストーンバッジ,석재 배지,石頭徽章,Insigne de pierre,Значок камня,Broche de Pedra,Medalla de piedra
<!MissingKey:168:$t[On hit:] Use $p1 $heat to gain $p2 damage. $t[On stun:] Triggers extra attack.>,$t[On hit:] Use $p1 $heat to gain $p2 damage. $t[On stun:] Triggers extra attack.,"$t[Bei Treffer:] Nutze $p1 $heat, um den Schaden um $p2 zu erhöhen. $t[Gegner benommen:] Löse einen zusätzlichen Angriff aus.",$t[眩晕对手时：]触发一次额外攻击。$t[击中对手时：]消耗$p1层$heat来获得$p2点伤害。,$t[ヒット時：]$p1 $heat を消費して、ダメージ値が$p2増える $t[スタン時：]追加攻撃を行う,$t[적중 시:] $heat를 $p1 사용해 가하는 피해가 $p2 증가합니다. $t[기절 시:] 추가 공격을 가합니다.,$t[暈眩對手時：]觸發一次額外攻擊。$t[命中對手時：]消耗$p1層$heat來獲得$p2點傷害。,$t[Par étourdissement :] déclenche une attaque supplémentaire. $t[Par coup :] utilisez $p1 $heat pour gagner $p2 de dégâts.,"$t[При оглушении:] наносит дополнительную атаку. $t[При попадании:] использует $p1 $heat, чтобы добавить $p2 ед. урона.",$t[Ao atordoar:] Ativa um ataque adicional. $t[Ao acertar:] Gasta $p1 $heat para ganhar +$p2 de dano.,$t[Al aturdir:] Activa un ataque adicional. $t[Al golpear:] Usa $p1 $heat para causar $p2 de daño.
<!MissingKey:169:Buy the Holy Light>,Buy the Holy Light,Heilige Preise und leuchtende Angebote,神圣特卖,神の光も金次第,빚의 이름으로,神聖特賣,Achetez la Sainte Lumière,Ваше Преосвященство,Compre a Luz Sagrada,Por la Luz Sagrada
<!MissingKey:170:Forging Hammer>,Forging Hammer,Schmiedehammer,锻造锤,鍛冶屋のハンマー,대장간 망치,鍛造錘,Marteau de forge,Кузнечный молот,Martelo de Ferraria,Martillo de forja
<!MissingKey:171:Sack of Surprises>,Sack of Surprises,Überraschungsbeutel,惊喜袋,びっくりサック,놀라움의 자루,驚喜袋,Sac de surprises,Сумка-сюрприз,Saco de Surpresas,Bolsa de sorpresas
<!MissingKey:172:Skull Badge>,Skull Badge,Schädelabzeichen,骷髅徽章,スカルバッジ,해골 배지,骷髏徽章,Insigne tête de mort,Значок черепа,Broche de Caixão,Medalla calavera
<!MissingKey:173:$t[On attack:] Use $p1 $mana and $p2 $heat to gain $p3 damage.>,$t[On attack:] Use $p1 $mana and $p2 $heat to gain $p3 damage.,"$t[Bei Angriff:] Nutze $p1 $mana und $p2 $heat, um den Schaden um +$p3 zu erhöhen.",$t[攻击时：]消耗$p1点$mana和$p2层$heat来获得+$p3伤害。,$t[攻撃時：]$p1 $mana と$p2 $heat を消費して、ダメージ値が$p3増える,"$t[공격 시:] $mana를 $p1, $heat를 $p2 사용해 가하는 피해가 $p3 증가합니다.",$t[攻擊時：]消耗$p1點$mana和$p2層$heat來獲得+$p3點傷害。,$t[Par attaque :] utilisez $p1 $mana et $p2 $heat pour gagner +$p3 de dégâts.,"$t[При атаке:] использует $p1 $mana и $p2 $heat, чтобы повысить урон на $p3 ед.",$t[Ao atacar:] Gasta $p1 $mana e $p2 $heat para ganhar +$p3 de dano.,$t[Al atacar:] Usa $p1 $mana y $p2 $heat para infligir $p3 más de daño.
<!MissingKey:174:Dark Ritual>,Dark Ritual,Finstere Beschwörung,黑暗仪式,闇の儀式,어둠의 의식,黑暗儀式,Rituel sombre,Темный ритуал,Ritual Sombrio,Ritual oscuro
Mr Struggles_Plushies,Plushies are offered in the shop.,Plüschtiere werden im Laden angeboten.,填充玩具现在将在商店中出售。,ぬいぐるみがショップで売られるようになる,인형이 상점에 등장합니다.,絨毛玩偶現在商店有出售。,Des peluches sont disponibles dans la boutique.,В магазине будут продаваться игрушки.,Pelúcias são disponibilizadas na loja.,Los peluches se venden en la tienda.
"<!MissingKey:176:$t[Every $cds:] Gain $p1 $heat and heal $p2. \~If you have at least $p3 $heat, cleanse \~$h[1] debuff.>","$t[Every $cds:] Gain $p1 $heat and heal $p2. \~If you have at least $p3 $heat, cleanse \~$h[1] debuff.","$t[Alle $cds:] Erhalte $p1 $heat und heile um $p2. Wenn du mindstens $p3 $heat hast, entferne $h[1] Debuff.",$t[每$cds：]获得$p1层$heat并恢复$p2点生命值。当你至少有$p3层$heat时，还会净化$h[1]层减益效果。,$t[$cd秒毎：]$p1 $heat を獲得し、体力を$p2回復する。$p3 $heat 以上ある場合、$h[1]デバフを解除する,"$t[$cd초마다:] $heat를 $p1 획득하고, 체력을 $p2 회복합니다. $p3 이상의 $heat를 보유 시, 디버프를 $h[1]개 정화합니다.",$t[每$cd秒：]獲得$p1層$heat並恢復$p2點生命值。當你至少有$p3層$heat時，淨化$h[1]層減益效果。,"$t[Toutes les $cd s :] gagnez $p1 $heat et guérissez de $p2. Lorsque vous avez au moins $p3 $heat, purgez $h[1] malus.","$t[Раз в $cd сек.:] добавляет $p1 $heat и восстанавливает $p2 ед. здоровья. Если у героя не менее $p3 $heat, снимает $h[1] негативный эффект.","$t[A cada $cd s:] Ganhe $p1 $heat e restaura $p2 de vida. Se você tiver ao menos $p3 $heat, purifica $h[1] debuff.","$t[Cada $cd s] Obtiene $p1 $heat y recupera $p2 PS. Al tener al menos $p3 $heat, elimina $h[1] desventaja."
<!MissingKey:177:$t[After $cds:] Trigger the $affected $h[Pet] and gain $p_spikes $spikes. >,"$t[After $cds:] Trigger the $affected $h[Pet] and gain $p_spikes $spikes. 

 Return damage limit of $spikes against $melee and $ranged attacks +$p_spikedam%.","$t[Nach $cds:] Aktiviere den $affected $h[Gefährten] und erhalte $p_spikes $spikes. 

 Das Schadensmaximum von $spikes gegen $melee- und $ranged-Angriffe ist um +$p_spikedam% erhöht.","$t[$cds后：]触发$affected的$h[宠物]效果，并获得$p_spikes层$spikes。

 $melee和$ranged攻击触发的$spikes最高伤害增加+$p_spikedam%。","$t[$cd秒後：]$affectedにある$h[ペット]を発動し、$p_spikes $spikes を獲得する 

$melee と $ranged に対する $spikes のダメージ上限 +$p_spikedam%","$t[$cd초 후:] $affected에 위치한 $h[펫]을 발동시키고 $spikes를 $p_spikes 획득합니다.

$melee와 $ranged 공격을 대상으로 가할 수 있는 $spikes의 최대 피해가 $p_spikedam% 증가합니다.","$t[$cds後：]觸發$affected的$h[寵物]效果，並獲得$p_spikes層$spikes。

 $melee和$ranged攻擊觸發的$spikes最高傷害增加+$p_spikedam%。","$t[Après $cd s :] déclenchez le $h[Familier] $affected et gagnez $p_spikes $spikes. 

 Limite de dégâts rendus de $spikes contre les attaques $melee et $ranged +$p_spikedam %.","$t[Через $cd сек.:] активирует $affected предметы типа $h[питомец] и добавляет $p_spikes $spikes. 

 Лимит возвращаемого $spikes урона после $melee и $ranged атак противника +$p_spikedam%.","$t[Após $cd s:] Ativa o $h[Animal] $affected e ganha $p_spikes $spikes. 

 O limite de dano refletido de $spikes contra ataques de $melee e de $ranged +$p_spikedam%.","$t[Tras $cd s:] Activa la $h[Mascota] $affected y obtiene $p_spikes $spikes. 

 El límite de daño devuelto de $spikes contra ataques $melee y $ranged +$p_spikedam %."
<!MissingKey:178:Molten Spear>,Molten Spear,Glutspeer,炽热长矛,ヒートスピア,작열의 창,熾熱長矛,Lance en fusion,Раскаленное копье,Lança Incandescente,Lanza incandescente
<!MissingKey:179:$chance2% chance to duplicate any $heat you gain. $t[$affected $h[Sun Shield] blocked damage:] >,"$chance2% chance to duplicate any $heat you gain. $t[$affected $h[Sun Shield] blocked damage:] 
 $chance% chance to gain $p_heat $heat. $t[$affected $h[Sun Armor] uses $heat:] Gain $block $bl.","$chance2% Chance, $heat zu duplizieren. $t[$affected $h[Sonnenschild] blockt Schaden:] 
$chance% Chance, $p_heat $heat zu erhalten. $t[$affected $h[Sonnenrüstung] nutzt $heat:] 
Erhalte $block $bl.","有$chance2%的几率复制你获得的$heat层数。$t[$affected的$h[日曜盾牌]抵挡伤害时：]
有$chance%的几率获得$p_heat层$heat。$h[$affected的$h[日曜护甲]消耗$heat时：
]获得$block点$bl。","$chance2%の確率で $heat を追加獲得する $t[$affectedにある$h[太陽の盾]がダメージを防いだ時：]
$chance%の確率で$p_heat $heat を獲得する $t[$affectedにある$h[太陽の鎧]が $heat 消費時：]
$block $bl を獲得する","$chance2%의 확률로 획득하는 $heat를 복제합니다. $t[$affected에 위치한 태양의 방패가 피해를 막을 시:] 
$chance%의 확률로 $heat를 $p_heat 획득합니다. $t[$affected에 위치한 $h[태양의 갑옷]이 $heat를 사용 시:]
 $bl를 $block 획득합니다.","有$chance2%的幾率複製你獲得的$heat層數。$t[$affected的$h[日曜盾牌]抵擋傷害時：]
有$chance%的幾率獲得$p_heat層$heat。$h[$affected的$h[日曜護甲]消耗$heat時：
]獲得$block點$bl。","$chance2 % de chance de dupliquer tout $heat que vous gagnez. $t[Dégâts bloqués de $affected[Bouclier de soleil] $h :] 
$chance % de chance de gagner $p_heat $heat. $t[$affected[Armure de soleil] $h utilise $heat :] gagnez $block $bl.","Герой получает $chance2% шанса удвоить любой полученный эффект $heat. $t[При блоке урона $affected $h[Солнечным щитом]:] 
 $chance% шанс добавить $p_heat $heat. $t[Когда $affected $h[Солнечный доспех] использует $heat:] добавляет $block $bl.","$chance2% de chance de duplicar qualquer $heat que você ganhar. $t[Quando o $h[Escudo Solar] $affected bloquear dano:] 
 $chance% de chance de ganhar $p_heat $heat. $t[Quando a $h[Armadura Solar] $affected usar $heat:] Ganha $block $bl.","$chance2 % de probabilidad de duplicar cualquier $heat que obtengas. $t[Al bloquear daño con $affected $h[Escudo solar]:] 
 $chance % de probabilidad de obtener $p_heat $heat. $t[Al usar $heat con $affected $h[Armadura solar]:] Obtiene $block $bl."
<!MissingKey:180:Enchanted Weapons>,Enchanted Weapons,Verzauberte Waffen,附魔武器,武器エンチャント,마법이 부여된 무기,附魔武器,Armes enchantées,Зачарованное оружие,Armas Encantadas,Armas encantadas
<!MissingKey:181:$t[On hit:] Inflict $p_cold $cold. $t[Opponent reaches $p_coldt $cold:] Gain $block $bl. You take -$p_damfactor% $effect-damage.>,$t[On hit:] Inflict $p_cold $cold. $t[Opponent reaches $p_coldt $cold:] Gain $block $bl. You take -$p_damfactor% $effect-damage.,$t[Bei Treffer:] Verursache $p_cold $cold. $t[Gegner erreicht $p_coldt $cold:] Erhalte $block $bl. Du erhältst -$p_damfactor% $effect-Schaden.,$t[击中对手时：]向对手施加$p_cold层$cold。$t[对手的$cold达到$p_coldt层时:]获得$block点$bl。你受到的$effect伤害-$p_damfactor%。,$t[ヒット時：]$p_cold $cold を付与する $t[相手が$p_coldt $cold 到達時：]$block $bl を獲得する。受ける $effect ダメージ -$p_damfactor%,$t[적중 시:] $cold를 $p_cold 부여합니다. $t[상대의 $cold가 $p_coldt에 도달 시:] $bl를 $block 획득합니다. 받는 $effect 피해가 $p_damfactor% 감소합니다.,$t[擊中對手時：]向對手施加$p_cold層$cold。$t[對手的$cold達到$p_coldt層時:]獲得$block點$bl。你受到的$effect傷害-$p_damfactor%。,$t[Par coup :] infligez $p_cold $cold. $t[L'adversaire atteignant $p_coldt $cold :] gagnez $block $bl. Vous subissez $p_damfactor % de dégâts $effect.,$t[При попадании:] накладывает на противника $p_cold $cold. $t[Если у противника не менее $p_coldt $cold:] герой получает $block $bl и снижает получаемый $effect-урон на $p_damfactor%.,$t[Ao acertar:] Inflige $p_cold $cold. $t[Oponente alcança $p_coldt $cold:] Ganha $block $bl. Você recebe -$p_damfactor% de dano de $effect.,$t[Al golpear:] Inflige $p_cold $cold. $t[Si el rival alcanza $p_coldt $cold:] Obtiene $block $bl. Recibes -$p_damfactor % de daño de $effect.
<!MissingKey:182:Relic Case>,Relic Case,Reliktkasten,遗物箱,レリックケース,유물 케이스,遺物箱,Étui reliquaire,Таинственный футляр,Estojo de Relíquias,Bolsarcófago
<!MissingKey:183:Frostbite>,Frostbite,Frostbiss,霜冻之剑,フロストバイト,서리이빨,霜凍之劍,Lame de givre,Клинок мороза,Congelante,Escarcha
"<!MissingKey:184:$t[After $cds:] Inflict $p_debuffs debuffs, gain \~$p_vampirism $vampirism. >","$t[After $cds:] Inflict $p_debuffs debuffs, gain \~$p_vampirism $vampirism. 

 Triggers $p_speed% faster for each \~$affected $dark-item.","$t[Nach $cds:] Verursache $p_debuffs Debuffs, erhalte $p_vampirism $vampirism. 

 Aktiviert $p_speed% schneller pro \~$affected $dark-Gegenstand.","$t[$cds后：]向对手施加$p_debuffs层减益效果，获得$p_vampirism层$vampirism。

每有一个$affected的$dark物品，黑暗仪式的触发快$p_speed%。","$t[$cd秒後：]$p_debuffsデバフを付与し、$p_vampirism $vampirism を獲得する 

$affectedにある $dark アイテム1個につき使用速度が$p_speed%上がる","$t[$cd초 후:] 디버프를 $p_debuffs번 부여한 뒤, $vampirism을 $p_vampirism 획득합니다.
$affected에 $dark 아이템마다 $p_speed% 빠르게 발동합니다.","$t[$cds後：]向對手施加$p_debuffs層減益效果，獲得$p_vampirism層$vampirism。

每有一個$affected的$dark物品，黑暗儀式的觸發快$p_speed%。","$t[Après $cd s :] infligez $p_debuffs malus, gagnez $p_vampirism $vampirism. 

 Se déclenche $p_speed % plus vite pour chaque objet $dark $affected.","$t[Через $cd сек.:] накладывает на противника до $p_debuffs негативных эффектов и добавляет герою $p_vampirism $vampirism. 

 Срабатывает на $p_speed% чаще за каждый $affected $dark предмет.","$t[Após $cd s:] Inflige $p_debuffs debuffs, ganha $p_vampirism $vampirism. 

 Ativa $p_speed% mais rápido para cada item-$dark $affected.","$t[Tras $cd s:] Inflige $p_debuffs desventajas, obtiene $p_vampirism $vampirism. 

 Se activa un $p_speed % más rápido por cada objeto $dark $affected."
<!MissingKey:185:Spell Scroll: Frostbolt>,Spell Scroll: Frostbolt,Schriftrolle: Frostschwall,魔法卷轴：冰霜箭,呪文の巻物：霜撃,주문 스크롤: 서리화살,魔法卷軸：冰霜箭,Parchemin de sort : Éclair de givre,Свиток заклятия: ледяная стрела,Pergaminho de Feitiço: Virote de Gelo,Pergamino de conjuros: Rayo gélido
<!MissingKey:186:$t[Every $cds:] Randomly gain $p1 $lucky \~$m[or] $p2 $regen $m[or] $p3 $empower. >,"$t[Every $cds:] Randomly gain $p1 $lucky \~$m[or] $p2 $regen $m[or] $p3 $empower. 

 Triggers $p4% faster for each $affected $h[Pet].","$t[Alle $cds:] Erhalte zufällig $p1 $lucky $m[oder] $p2 $regen $m[oder] $p3 $empower. 

 Aktiviert $p4% schneller pro $affected $h[Gefährte].","$t[每$cds：]随机获得以下加成中的一种，$p1点$lucky、$p2层$regen、$p3层$empower。

每有一个$affected的$h[宠物]，效果触发快$p4%。","$t[$cd秒毎：]$p1 $lucky $m[または]$p2 $regen $m[または]$p3 $empower をランダムに獲得する 

$affectedにある$h[ペット]1体につき使用速度が$p4%上がる","$t[$cd초마다:] $lucky $p1 $m[혹은] $regen $p2 $m[혹은] $empower $p3 중 하나를 무작위로 획득합니다.

$affected에 위치한 $h[펫]마다 $p4% 빠르게 발동합니다.","$t[每$cd秒：]隨機獲得以下加成中的一種，$p1點$lucky、$p2層$regen、$p3層$empower。

每有一個$affected的$h[寵物]，效果觸發快$p4%。","$t[Toutes les $cd s :] gagnez aléatoirement $p1 $lucky $m[ou] $p2 $regen $m[ou] $p3 $empower. 

 Se déclenche $p4 % plus vite pour chaque $h[Familier] $affected.","$t[Раз в $cd сек.:] Случайным образом добавляет $p1 $lucky $m[или] $p2 $regen $m[или] $p3 $empower. 

 Срабатывает на $p4% чаще за каждый $affected предмет типа $h[питомец].","$t[A cada $cd s:] Ganha aleatoriamente $p1 $lucky $m[ou] $p2 $regen $m[ou] $p3 $empower. 

 Ativa $p4% mais rápido por cada $h[Animal] $affected.","$t[Cada $cd s:] Obtiene al azar $p1 $lucky $m[o] $p2 $regen $m[o] $p3 $empower. 

 Se activa un $p4 % más rápido por cada $h[Mascota] $affected."
<!MissingKey:187:Snowcake>,Snowcake,Eistorte,雪人蛋糕,スノーケーキ,눈 케이크,雪人蛋糕,Gâteau de neige,Ледяной торт,Bolo de Neve,Pastel de nieve
<!MissingKey:188:Heavy Drinking>,Heavy Drinking,Tranktrunk,开怀畅饮,ガブ飲み,과음,開懷暢飲,Abus de boisson,Жаждо-утолитель,Bebedeira,Alcohol excesivo
<!MissingKey:189:$t[$affected $h[Banana] activates:] $chance% chance to gain $p_heat $heat. $t[$p_stamina stamina used:] Heal for $p_heal.>,$t[$affected $h[Banana] activates:] $chance% chance to gain $p_heat $heat. $t[$p_stamina stamina used:] Heal for $p_heal.,"$t[$affected $h[Banane] aktiviert:] $chance% Chance, $p_heat $heat zu erhalten. $t[$p_stamina Ausdauer genutzt:] Heile um $p_heal.",$t[$affected的$h[香蕉]激活时：]有$chance%的几率获得$p_heat层$heat。$t[每消耗$p_stamina点耐力：]恢复$p_heal点生命值。,$t[$affectedにある$h[バナナ]発動時：]$chance%の確率で$p_heat $heat を獲得する $t[$p_staminaスタミナ消費毎：]体力を$p_heal回復する,$t[$affected에 위치한 $h[바나나] 발동 시:] $chance%의 확률로 $heat를 $p_heat 획득합니다. $t[스태미나를 $p_stamina 사용 시:] 체력을 $p_heal 회복합니다.,$t[$affected的$h[香蕉]啟動時：]有$chance%的幾率獲得$p_heat層$heat。$t[每消耗$p_stamina點耐力：]回復$p_heal點生命值。,$t[En activant une $h[Banane] $affected :] $chance % de chance de gagner $p_heat $heat. $t[En utilisant $p_stamina d'endurance :] guérissez de $p_heal.,$t[$affected $h[бананы] получают:] $chance% шанс добавить герою $p_heat $heat. $t[При использовании $p_stamina ед. энергии:] восстанавливает $p_heal ед. здоровья.,$t[$affected $h[Banana] ativa:] $chance% de chance de ganhar $p_heat $heat. $t[$p_stamina vigor usado:] Cura por $p_heal.,$t[Al activar $affected $h[plátano]:] $chance % de probabilidad de obtener $p_heat $heat. $t[Al usar $p_stamina de resistencia:] Recupera $p_heal PS.
<!MissingKey:190:Double Rainbow>,Double Rainbow,Doppelregenbogen,双重彩虹,ダブルレインボー,쌍무지개,雙重彩虹,Double arc-en-ciel,Двойная радуга,Arco-íris Duplo,Arcoíris doble
<!MissingKey:191:$t[On buy:] Generate a $h[Whetstone]. $t[Start of battle:] $affected $h[Crafted Weapons] gain $p_dam damage and use -$p_stamina% stamina.>,$t[On buy:] Generate a $h[Whetstone]. $t[Start of battle:] $affected $h[Crafted Weapons] gain $p_dam damage and use -$p_stamina% stamina.,$t[Bei Kauf:] Erzeuge einen $h[Wetzstein]. $t[Kampfbeginn:] $affected $h[Hergestellte Waffen] erhalten +$p_dam Schaden und nutzen -$p_stamina% Ausdauer.,"$t[购买此物品时：]生成一个$h[磨刀石]。

 $affected的$h[打造类武器]伤害+$p_dam，且耐力消耗-$p_stamina%。","$t[購入時：]$h[砥石]1個を生成する 

$t[バトル開始時：]$affectedにある$h[クラフト武器]の与ダメージ +$p_dam、スタミナ消費値 -$p_stamina%","$t[구매 시:] $h[숫돌]을 생성합니다.

$affected에 위치한 $h[제작된 무기]가 가하는 피해가 $p_dam 증가하고 스태미나를 $p_stamina% 적게 사용합니다.","$t[購買此物品時：]生成一個$h[磨刀石]。

 $affected的$h[打造類武器]傷害+$p_dam，且耐力消耗-$p_stamina%。","$t[À l'achat :] générez une $h[Pierre à aiguiser]. 

 Les $h[Armes fabriquées] $affected infligent +$p_dam de dégâts et utilisent -$p_stamina % d'endurance.","$t[При покупке:] создает $h[точильный камень]. 

 $affected $h[созданное оружие] наносит +$p_dam ед. урона и расходует на $p_stamina% меньше энергии.","$t[Ao comprar:] Gera uma $h[Pedra de Amolar]. 

 $h[Armas Forjadas] $affected causam +$p_dam dano e usam -$p_stamina% de vigor.","$t[Al comprar:] Crea una $h[Piedra de afilar]. 

 Las $h[Armas fabricadas] $affected infligen $p_dam más de daño y gastan un $p_stamina % menos de resistencia."
<!MissingKey:192:Wolf Badge>,Wolf Badge,Wolfsabzeichen,狼徽章,ウルフバッジ,늑대 배지,狼徽章,Insigne de loup,Значок волка,Broche de Lobo,Medalla de lobo
<!MissingKey:193:Unidentified Amulet>,Unidentified Amulet,Unidentifiziertes Amulett,未知护符,未鑑定のアミュレット,정체불명의 아뮬렛,未知護符,Amulette non identifiée,Таинственный амулет,Amuleto Desconhecido,Amuleto sin identificar
<!MissingKey:194:$h[Mana Orbs] gain +$p_buffs random buffs. $t[Every $cds:] Gain $p_mana $mana. >,"$h[Mana Orbs] gain +$p_buffs random buffs. $t[Every $cds:] Gain $p_mana $mana. 

 Triggers $p_speed% faster for each \~$affected $magic-item.","$h[Manamurmeln] erzeugen +$p_buffs zufällige Buffs. $t[Alle $cds:] Erhalte $p_mana $mana. 

 Aktiviert $p_speed% schneller pro \~$affected $magic-Gegenstand.","$h[魔法球]获得$p_buffs层随机增益效果。$t[每$cds：]获得$p_mana点$mana。

每有一个$affected的$magic物品，魔法大师的效果触发快$p_speed%。","$h[マナオーブ]の獲得バフ +$p_buffs $t[$cd秒毎：]$p_mana $mana を獲得する 

$affectedにある $magic アイテム1個につき使用速度が$p_speed%上がる","$h[마나 오브]가 무작위 버프 $p_buffs개를 추가로 제공합니다. $t[$cd초마다:] $mana를 $p_mana 획득합니다.

$affected에 위치한 $magic 아이템마다 $p_speed% 빠르게 발동합니다.","$h[魔法球]獲得$p_buffs層隨機增益效果。$t[每$cd秒：]獲得$p_mana點$mana。

每有一個$affected的$magic物品，魔法大師的效果觸發快$p_speed%。","Les $h[Orbes de mana] gagnent +$p_buffs bonus aléatoires. $t[Toutes les $cd s :] gagnez $p_mana $mana. 

 Se déclenche $p_speed % plus vite pour chaque objet $magic $affected.","$h[Шары маны] добавляют герою до $p_buffs случайных усилений. $t[Раз в $cd сек.:] добавляет $p_mana $mana. 

 Срабатывает на $p_speed% чаще за каждый $affected $magic предмет.","$h[Orbes de Mana] ganham + $p_buffs buffs aleatórios. $t[A cada $cd s:] Ganha $p_mana $mana. 

 Ativa $p_speed% mais rápido por cada item-$magic $affected.","Los $h[Orbes de maná] obtienen $p_buffs ventajas al azar más. $t[Cada $cd s:] Obtiene $p_mana $mana. 

 Se activa un $p_speed % más rápido por cada objeto $magic $affected."
<!MissingKey:195:$t[Start of battle:] Lose $p1% health. $t[Before defeat:] $h[Reincarnate] with \~$p2% health and become invulnerable for $p3s (once). $t[On reincarnation:] \~Deal $dam $effect-damage for each \~$affected $fire-item and inflict $p5 debuffs for each $affected2 $dark-item.>,$t[Start of battle:] Lose $p1% health. $t[Before defeat:] $h[Reincarnate] with \~$p2% health and become invulnerable for $p3s (once). $t[On reincarnation:] \~Deal $dam $effect-damage for each \~$affected $fire-item and inflict $p5 debuffs for each $affected2 $dark-item.,$t[Kampfbeginn:] Opfere $p1% deines Lebens. $t[Vor Niederlage:] $h[Reinkarniere] mit $p2% Leben und $p3s Unverwundbarkeit (einmalig). $t[Bei Reinkarnation:] Verursache \~$dam $effect-Schaden pro $affected $fire- Gegenstand und verursache \~$p5 Debuffs pro $affected2 $dark-Gegenstand.,$t[战斗开始时：]失去$p1%生命值。$t[被打败时：]以$p2%的生命值$h[复活]，并在$p3s内无敌。$t[复活时：]每有一个$affected的$fire物品造成$dam点$effect伤害，每有一个$affected2的$dark物品向对手施加$p5层减益效果。,$t[バトル開始時：]体力を$p1%失う $t[敗北直前：] 体力$p2%の状態で$h[復活]し、$p3秒間無敵状態になる $t[復活時：]$affectedにある $fire アイテム1個につき$dam $effect ダメージを与え、$affected2にある $dark アイテム1個につき$p5デバフを付与する,"$t[전투 시작 시:] 체력을 $p1% 잃습니다. $t[패배 전:] $p2%의 체력을 지닌 상태로 $h[부활]하며, $p3초 동안 무적 상태가 됩니다. $t[부활 시:] $affected에 위치한 $fire 아이템마다 $effect 피해를 $dam 가하고, $affected2에 위치한 $dark 아이템마다 무작위 디버프를 $p5개 부여합니다.",$t[戰鬥開始時：]失去$p1%生命值。$t[被打敗時：]以$p2%的生命值$h[復活]，並在$p3s內無敵。$t[復活時：]每有一個$affected的$fire物品造成$dam點$effect傷害，每有一個$affected2的$dark物品向對手施加$p5層減益效果。,$t[Au début du combat :] perdez $p1 % de PV. $t[Avant la défaite :] $h[Ressuscitez] avec $p2 % de PV et devenez invulnérable pendant $p3 s. $t[Par résurrection :] infligez $dam de dégâts $effect pour chaque objet $fire $affected et infligez $p5 malus pour chaque objet $dark $affected2.,$t[Начало боя:] герой теряет $p1% здоровья. $t[Перед поражением:] герой $h[возрождается] с $p2%-ми здоровья и становится неуязвимым на $p3 сек. $t[При возрождении:] наносит $dam ед. $effect-урона за каждый $affected $fire предмет и накладывает на противника $p5 негативных эффектов за каждый $affected2 $dark предмет.,$t[Início da batalha:] Perde $p1% de vida. $t[Antes de sofrer derrota:] $h[Revive] com $p2% de vida e se torna invulnerável por $p3 s. $t[Ao reviver:] Causa $dam de dano de $effect por cada item-$fire $affected e inflige $p5 debuffs por cada item-$dark $affected2.,"$t[Al comienzo de la batalla:] Pierde $p1 % de salud. $t[Antes de perder:] $h[Resucita] con $p2 % de salud y se vuelve invulnerable durante $p3 s. $t[Al resucitar:] Inflige $dam de daño de $effect por cada objeto de $fire $affected, e inflige $p5 desventajas por cada objeto $dark $affected2."
<!MissingKey:196:Cheese Goobert>,Cheese Goobert,Käseschlotzbert,奶酪黏黏,チーズ・スラバート,치즈 슬돌이,乳酪黏呼呼,Viskeu fromage,Сырный Слаймер,Gosberto de Queijo,Viscosino quesero
<!MissingKey:197:Strong Mana Potion>,Strong Mana Potion,Starker Manatrank,强力魔法魔药,ハイマナポーション,강력한 마나 포션,強效魔法魔藥,Potion de mana forte,Усиленное зелье маны,Poção de Mana Potente,Poción de maná potente
<!MissingKey:198:$t[$p1 $affected item activations:] Gain $p2 maximum health and $p3 random buffs.>,$t[$p1 $affected item activations:] Gain $p2 maximum health and $p3 random buffs.,$t[$p1 $affected Gegenstand-Aktivierungen:] Erhalte $p2 Maximalleben und $p3 zufällige Buffs.,$t[$affected的物品激活达到$p1次：]获得$p2点最大生命值和$p3层随机增益效果。,$t[$affectedにあるアイテム$p1回発動時：]体力最大値が$p2増え、$p3バフを獲得する,"$t[$affected에 위치한 아이템이 $p1회 발동 시:] 최대 체력을 $p2 획득하고, 무작위 버프를 $p3개 획득합니다.",$t[$p1個$affected的物品被發動時：]獲得$p2點最大生命值和$p3層隨機增益效果。,$t[En activant l'objet $affected $p1 fois :] gagnez $p2 des PV max et $p3 bonus aléatoires.,$t[При срабатывании $p1 $affected предметов:] повышает максимальное здоровье на $p2 ед. и добавляет до $p3 случайных усилений.,$t[$p1 ativações de item $affected:] Ganhe $p2 de vida máxima e $p3 buffs aleatórios.,$t[Al activar $p1 $affected objetos:] Obtiene $p2 PS máx. y $p3 ventajas al azar.
<!MissingKey:199:Blood Manipulation>,Blood Manipulation,Blutkontrolle,鲜血支配,血操術,혈액 조작,鮮血支配,Manipulation de sang,Управление кровью,Manipulação de Sangue,Manipulación de la sangre
<!MissingKey:200:$t[$h[Stone] or $h[Stone Golem] dealt damage:] \~Gain $p_blockfordam% of the damage as $bl. $t[While you have $bl:] You take -$p_damreduction% damage.>,$t[$h[Stone] or $h[Stone Golem] dealt damage:] \~Gain $p_blockfordam% of the damage as $bl. $t[While you have $bl:] You take -$p_damreduction% damage.,$t[$h[Stein] oder $h[Steingolem] verursacht Schaden:] Erhalte $p_blockfordam% des Schadens als $bl. $t[Während du $bl hast:] Du erleidest -$p_damreduction% Schaden.,$t[当使用$h[石头]或者$h[巨石像]造成伤害时：]获得伤害的$p_blockfordam%作为$bl。$t[当你拥有$bl时：]受到的伤害-$p_damreduction%。,$t[$h[石]または$h[ストーンゴーレム]で与ダメージ時：]与ダメージの$p_blockfordam%を $bl として獲得する $t[$bl がある間：]受けるダメージ -$p_damreduction%,$t[$h[돌멩이]나 $h[돌 골렘]이 피해를 가할 시:] 가한 피해의 $p_blockfordam%만큼 $bl를 획득합니다. $t[$bl를 보유한 동안:] 받는 피해가 $p_damreduction% 감소합니다.,$t[當使用$h[石頭]或者$h[巨石像]造成傷害時：]獲得傷害的$p_blockfordam%作為$bl。$t[當你擁有$bl時：]受到的傷害-$p_damreduction%。,$t[$h[Pierre] ou $h[Golem de pierre] infligent des dégâts :] gagnez $p_blockfordam % des dégâts en tant que $bl. $t[Tant que vous avez $bl :] vous subissez $p_damreduction % de dégâts en moins.,$t[Когда $h[камень] или $h[Каменный голем] наносят урон:] конвертирует $p_blockfordam% урона в $bl. $t[Когда у героя есть $bl:] герой получает на $p_damreduction% меньше урона.,$t[Quando $h[Pedra] ou $h[Golem de Pedra] causar dano:] Ganha $p_blockfordam% do dano como $bl. $t[Enquanto tiver $bl:] Você recebe -$p_damreduction% de dano.,$t[Al infligir daño con $h[piedra] o $h[gólem de piedra]:] Obtiene un $p_blockfordam % del daño como $bl. $t[Mientras se tiene $bl:] -$p_damreduction % de daño recibido.
<!MissingKey:201:$t[Start of battle:] Gain $p_heat $heat. >,"$t[Start of battle:] Gain $p_heat $heat. 

 Effect durations of $affected items are increased by $p_bonusdur%.","$t[Bei Kampfbeginn:] Erhalte $p_heat $heat. 

 Effektdauern der $affected Gegenstände sind $p_bonusdur% länger.","$t[战斗开始时：]获得$p_heat层$heat。

 $affected的物品效果持续时间增加$p_bonusdur%。","$t[バトル開始時：]$p_heat $heat を獲得する 

$affectedにあるアイテムの効果時間 +$p_bonusdur%","$t[전투 시작 시:] $heat를 $p_heat 획득합니다.

$affected에 위치한 아이템의 효과 지속 시간이 $p_bonusdur% 증가합니다.","$t[戰鬥開始時：]獲得$p_heat層$heat。

 $affected的物品效果持續時間增加$p_bonusdur%。","$t[Au début du combat :] gagnez $p_heat$heat. 

 Les durées d'effet des objets $affected augmentent de $p_bonusdur %.","$t[Начало боя:] добавляет $p_heat $heat. 

 Длительность действия эффектов $affected предметов увеличивается на $p_bonusdur%.","$t[Início da batalha:] Ganha $p_heat $heat. 

 A duração dos efeitos dos itens $affected aumenta em $p_bonusdur%.","$t[Al comienzo de la batalla:] Obtiene $p_heat de $heat. 

 La duración de los efectos de los $affected objetos aumenta un $p_bonusdur %."
<!MissingKey:202:$h[Daggers] attack $p_speed% faster. $t[After $cds:] Your $h[Weapons] deal +$p_dam% damage. >,"$h[Daggers] attack $p_speed% faster. $t[After $cds:] Your $h[Weapons] deal +$p_dam% damage. 

 Triggers $p_speed2% faster for each \~$affected $h[Dagger].","$h[Dolche] greifen $p_speed% schneller an. $t[Nach $cds:] Deine $h[Waffen] verursachen +$p_dam% Schaden. 

 Aktiviert $p_speed2% schneller pro $affected $h[Dolch].","$h[匕首武器]攻击速度快$p_speed%。$t[$cds后：]你的$h[武器]造成的伤害+$p_dam%。

每有一个$affected的$h[匕首]，刀刀见血的效果触发快$p_speed2%。","$h[ダガー]の使用速度が$p_speed%が上がる $t[$cd秒後：]$h[武器]の与ダメージ +$p_dam% 

$affectedにある$h[ダガー]1個につき使用速度が$p_speed2%上がる","$h[단검]이 $p_speed% 빠르게 공격합니다. $t[$cd초 후:] 내 $h[무기]의 피해량이 $p_dam% 증가합니다.

$affected에 위치한 $h[단검]마다 $p_speed2% 빠르게 발동합니다.","$h[匕首武器]攻擊速度快$p_speed%。$t[$cds後：]你的$h[武器]造成的傷害+$p_dam%。

每有一個$affected的$h[匕首]，刀刀見血的效果觸發快$p_speed2%。","Les $h[Dagues] attaquent $p_speed % plus vite. $t[Après $cd s :] vos $h[Armes] infligent +$p_dam % de dégâts. 

 Se déclenche $p_speed2 % plus vite pour chaque $h[Dague] $affected.","$h[Кинжалы] атакуют на $p_speed% чаще. $t[Через $cd сек.:] $h[оружие] героя наносит +$p_dam% урона. 

 Срабатывает на $p_speed2% чаще за каждый $affected $h[кинжал].","$h[Adagas] atacam $p_speed% mais rápido. $t[Após $cd s:] Suas $h[Armas] causam +$p_dam% de dano. 

 Ativa $p_speed2% mais rápido para cada $h[Adaga] $affected.","Las $h[dagas] atacan un $p_speed % más rápido. $t[Tras $cd s:] Tus $h[armas] infligen +$p_dam % de daño. 

 Se activa un $p_speed2 % más rápido por cada $h[daga] $affected."
<!MissingKey:203:$t[On reveal:] >,"$t[On reveal:] 
 Reflect $p_reflect debuffs. 
 If there are no duplicate cards before, steal $p_steal buffs.","$t[Beim Aufdecken:] Reflektiere \~$p_reflect Debuffs. 
 Wenn die vorhergehenden Karten keine Duplikate haben, stehle $p_steal Buffs.","$t[翻开时：]
反弹$p_reflect层减益效果。
如果之前没有重复的卡牌，偷取$p_steal层增益效果。","$t[めくる時：]
$p_reflectデバフを反射する
前にめくったカードが重複していない場合、$p_stealバフを奪う","$t[공개 시:]
디버프를 $p_reflect개 반사합니다.
이전에 있었던 카드 중 중복되는 카드가 없을 경우, 버프를 $p_steal개 빼앗습니다.","$t[翻開時：]
反彈$p_reflect層減益效果。
如果之前沒有重複的卡牌，偷取$p_steal層增益效果。","$t[Par tirage :] 
 renvoyez $p_reflect malus. 
 S'il n'y a pas de cartes en double avant, volez $p_steal bonus.","$t[При раскрытии:] 
 Отражает до $p_reflect негативных эффектов. 
 Если карты в предшествующей цепочке не повторяются, крадет до $p_steal усилений.","$t[Ao revelar:] 
 Reflete $p_reflect debuffs. 
 Se não houver cartas repetidas antes, rouba $p_steal buffs.","$t[Al revelarse:] 
 Devuelve $p_reflect desventajas. 
 Si no hay cartas duplicadas antes, roba $p_steal ventajas."
<!MissingKey:204:Solaris>,Solaris,Solaris,太阳之力,ソラリス,솔라리스,太陽之力,Solaris,Солнце,Solaris,Solaris
<!MissingKey:205:Fortuna's Hope>,Fortuna's Hope,Fortunas Hoffnung,天命短弓,フォルトゥナの願い弓,포르투나의 희망,天命短弓,Espoir de Fortuna,Лук Фортуны,Esperança de Fortuna,Esperanza de la Fortuna
<!MissingKey:206:Damage taken reduced by $p1%. >,"Damage taken reduced by $p1%. 

 $rage[Battle Rage] lasts $p2s longer for each $affected $nature-item. $t[Every $cds during $rage[Battle Rage]:] Heal for $p3 and gain $p4 $mana.","Eingehender Schaden ist um $p1% reduziert. 

 $rage[Kampfrausch] hält $p2s länger an für jeden $affected $nature-Gegenstand. $t[Alle $cds während $rage[Kampfrausch]:] Heile um $p3 und erhalte $p4 $mana.","受到的伤害减少$p1%。

每有一个$affected的$nature物品，$rage[狂战士之怒]持续时间加长$p2s。$t[$rage[狂战士之怒]期间每$cds：]恢复$p3点生命值并获得$p4点$mana。","受けるダメージが$p1%減る 

 $affectedにある $nature アイテム1個につき$rage[バーサク]持続時間 +$p2秒 $t[$rage[バーサク]中$cd秒毎：]体力を$p3回復し、$p4 $mana を獲得する","받는 피해가 $p1% 감소합니다.

$affected에 위치한 $nature 아이템마다 $rage[전투 격노]가 $p2초 더 길게 지속됩니다. $t[$rage[전투 격노] 동안 $cd초마다:] 체력을 $p3 회복하고 $mana를 $p4 획득합니다.","受到的傷害減少$p1%。

每有一個$affected的$nature物品，$rage[狂戰士之怒]持續時間加長$p2s。$t[$rage[狂戰士之怒]期間每$cds：]恢復$p3點生命值並獲得$p4點$mana。","Dégâts subis réduits de $p1 %. 

 Le mode $rage[Rage de combat] dure $p2 s plus longtemps pour chaque objet $nature $affected. $t[Toutes les $cd s pendant le mode $rage[Rage de combat] :] guérissez de $p3 et gagnez $p4 $mana.","Получаемый героем урон сжижается на $p1%. 

 $rage[Ярость] длится на $p2 сек. дольше за каждый $affected $nature предмет. $t[Раз в $cd сек. во время $rage[ярости]:] восстанавливает $p3 ед. здоровья и добавляет $p4 $mana.","Diminui o dano sofrido em $p1%. 

 $rage[Fúria de Combate] dura $p2 s a mais por cada item-$nature $affected. $t[A cada $cd s durante $rage[Fúria de Combate]:] Restaura $p3 de vida e ganha $p4 $mana.","El daño recibido se reduce en un $p1 %. 

 La $rage[Rabia de batalla] dura $p2 s más por cada objeto $nature $affected. $t[Cada $cd s durante la $rage[Rabia de batalla]:] Recupera $p3 PS y obtiene $p4 $mana."
<!MissingKey:207:Cubert>,Cubert,Eckbert,方块黏黏,キューバート,각돌이,方塊黏呼呼,Cubeu,Кубер,Quaberto,Cuadradino
<!MissingKey:208:$t[Start of battle:] Inflict $p_cold $cold. >,"$t[Start of battle:] Inflict $p_cold $cold. 

 Your opponent gains $p_healthreduction% less maximum health from items. ","$t[Kampfbeginn:] Verursache $p_cold $cold. 

 Dein Gegner erhält $p_healthreduction% weniger Maximalleben von Gegenständen.","$t[战斗开始时：]向对手施加$p_cold层$cold。

对手物品的最大生命值提升效果降低$p_healthreduction%。 ","$t[バトル開始時：]$p_cold $cold を付与する 

相手のアイテムによる体力最大値増加が$p_healthreduction%少なくなる","$t[전투 시작 시:] $cold를 $p_cold 부여합니다.

상대가 아이템을 통해 얻는 최대 체력이 $p_healthreduction% 감소합니다.","$t[戰鬥開始時：]向對手施加$p_cold層$cold。 

對手物品的最大生命值提升效果降低$p_healthreduction%。 ","$t[Au début du combat :] infligez $p_cold $cold. 

 Votre adversaire gagne $p_healthreduction % de PV max en moins des objets.","$t[Начало боя:] накладывает на противника $p_cold $cold. 

 Противник получает на $p_healthreduction% меньше здоровья от предметов.","$t[Início da batalha:] Inflige $p_cold $cold. 

 Seu oponente ganha $p_healthreduction% menos de vida máxima de itens.","$t[Al comienzo de la batalla:] Inflige $p_cold $cold. 

 Tu rival gana un $p_healthreduction % menos de PS máx. de los objetos."
<!MissingKey:209:$t[On hit:] Gain $p1 damage.>,$t[On hit:] Gain $p1 damage.,$t[Bei Treffer:] Erhöhe Schaden um $p1.,$t[击中对手时：]获得+$p1伤害加成。,$t[ヒット時：]ダメージ値が$p1増える,$t[적중 시:] 가하는 피해가 $p1 증가합니다.,$t[命中對手時：]獲得+$p1點的傷害加成。,$t[Par coup :] gagnez +$p1 de dégâts.,$t[При попадании:] добавляет +$p1 ед. к урону.,$t[Ao acertar:] Ganhe +$p1 de dano.,$t[Al golpear:] Inflige $p1 más de daño.
<!MissingKey:210:$chance% chance to resist $poison. $t[During $rage[Battle Rage]:] $affected items trigger $p1% faster.>,$chance% chance to resist $poison. $t[During $rage[Battle Rage]:] $affected items trigger $p1% faster.,"$chance% Chance, $poison zu widerstehen. $t[Während $rage[Kampfrausch]:] $affected Gegenstände aktivieren $p1% schneller.",有$chance%的几率抵抗$poison。$t[$rage[狂战士之怒]期间：]$affected的物品触发快$p1%。,$chance%の確率で $poison を無効化する $t[$rage[バーサク]中：]$affectedにあるアイテムの使用速度が$p1%上がる,$chance%의 확률로 $poison에 저항합니다. $t[$rage[전투 격노] 동안:] $affected에 위치한 아이템이 $p1% 빠르게 발동합니다.,有$chance%的機率抵抗$poison。$t[$rage[戰鬥狂怒]期間：]$affected的物品觸發速度加快$p1%。,$chance % de chance de résister à $poison. $t[En mode $rage[Rage de combat] :] les objets $affected se déclenchent $p1% plus vite.,Шанс $chance% игнорировать $poison. $t[Во время $rage[ярости]:] $affected предметы срабатывают на $p1% чаще.,$chance% de chance de resistir a $poison. $t[Durante $rage[Fúria de Combate]:] os itens $affected ativam-se $p1% mais rápido.,$chance % de probabilidad de resistir $poison. $t[Durante la $rage[Rabia de batalla]:] Los $affected objetos se activan un $p1 % más rápido.
<!MissingKey:211:Wisdom Puppy>,Wisdom Puppy,Welpe der Weisheit,睿智狼崽,聡明な子狼,현명한 멍멍이,睿智狼崽,Louveteau de sagesse,Мудрый щенок,Filhote da Sabedoria,Cachorro de la sabiduría
<!MissingKey:212:$t[On hit:] Steal a random buff. >,"$t[On hit:] Steal a random buff. 

 Triggers $p1% faster for each $affected $h[Pet] or $h[Food].","$t[Bei Treffer:] Stehle einen zufälligen Buff. 

 Aktiviert $p1% schneller pro \~$affected $h[Gefährte] und $h[Essen].","$t[击中对手：]随机偷取对手一个增益效果。

每有一个$affected的$h[宠物]或者$h[食物]，松鼠射手的效果触发快$p1%。","$t[ヒット時：]1バフを奪う 

$affectedにある$h[ペット]または$h[食べ物]1つにつき使用速度が$p1%上がる","$t[적중 시:] 무작위 버프를 빼앗습니다.

$affected에 위치한 $h[펫]이나 $h[음식]마다 $p1% 빠르게 발동합니다.","$t[擊中對手：]隨機偷取對手一個增益效果。

每有一個$affected的$h[寵物]或者$h[食物]，松鼠射手的效果觸發快$p1%。","$t[Par coup :] volez un bonus aléatoire. 

 Se déclenche $p1 % plus vite pour chaque $h[Familier] ou $h[Nourriture] $affected.","$t[При попадании:] крадет случайное усиление. 

 Срабатывает на $p1% чаще за каждый $affected предмет типа $h[питомец] или $h[еда].","$t[Ao acertar:] Rouba um buff aleatório. 

 Ativa $p1% mais rápido por cada $h[Animal] ou $h[Alimento] $affected.","$t[Al golpear:] Roba una ventaja al azar. 

 Se activa un $p1 % más rápido por cada $h[mascota] o $h[comida] $affected."
<!MissingKey:213:$t[On attack:] Use $p_mana $mana to gain $p_dam damage and inflict $p_poison $poison for each $p_damforpoison damage dealt. >,"$t[On attack:] Use $p_mana $mana to gain $p_dam damage and inflict $p_poison $poison for each $p_damforpoison damage dealt. 

 You have $chance% chance to duplicate $poison you inflict.","$t[Bei Angriff:] Nutze $p_mana $mana, um den Schaden um $p_dam zu erhöhen und pro $p_damforpoison verursachter Schadenpunkte $p_poison $poison zu verursachen.

 Du hast $chance% Chance, verursachtes $poison zu duplizieren.","$t[攻击时：]消耗$p_mana点$mana来获得$p_dam点伤害加成。每造成$p_damforpoison点伤害，向对手施加$p_poison层$poison。

你有$chance%的几率施加双倍的$poison。","$t[攻撃時：]$p_mana $mana を消費して、ダメージ値が$p_dam増え、$p_damforpoisonダメージを与えるごとに$p_poison $poison を付与する

$poison を付与する時、$chance%の確率で追加の $poison を付与する","$t[공격 시:] $mana를 $p_mana 사용해 가하는 피해가 $p_dam 증가하고 피해를 $p_damforpoison 가할 때마다 $poison을 $p_poison 부여합니다.

$chance%의 확률로 부여한 $poison을 복제합니다.","$t[攻擊時：]消耗$p_mana點$mana來獲得$p_dam點傷害加成。每造成$p_damforpoison點傷害，向對手施加$p_poison層$poison。

你有$chance%的幾率施加雙倍的$poison。","$t[Par attaque :] utilisez $p_mana $mana pour gagner $p_dam de dégâts et infliger $p_poison $poison pour chaque dégât $p_damforpoison infligé.

 Vous avez $chance % de chances de dupliquer le $poison que vous infligez.","$t[При атаке:] использует $p_mana $mana, чтобы повысить урон на $p_dam ед. и наложить на противника $p_poison $poison за каждые $p_damforpoison ед. нанесенного урона. 

 Шанс $chance% повторно наложить на противника столько же $poison.","$t[Ao atacar:] Gasta $p_mana $mana para ganhar $p_dam de dano e infligir $p_poison $poison por cada $p_damforpoison de dano causado. 

 Você tem $chance% de chance de duplicar a $poison que você inflige.","$t[Al atacar:] Usa $p_mana $mana para ganar $p_dam de daño e infligir $p_poison $poison por cada $p_damforpoison de daño causado. 

 El rival tiene un $chance % menos de probabilidad de resistir a $poison."
<!MissingKey:214:Amulet of Steel>,Amulet of Steel,Stahlamulett,钢之护符,鋼鉄のアミュレット,강철 아뮬렛,鋼之護符,Amulette d'acier,Стальной амулет,Amuleto de Aço,Amuleto de acero
<!MissingKey:215:Deerwood Guardian>,Deerwood Guardian,Hirschtotem,鹿木守护,シカ神のトーテム,디어우드 수호자,鹿木守護,Gardien du bois aux cerfs,Хранитель леса,Cervo Guardião,Guardián forestal
<!MissingKey:216:Sale chance +$p_sales%. >,"Sale chance +$p_sales%. 

 $c[Value of $affected items > $p_gold1 $gold:] $chance% chance to resist critical hits. 
 $c[Value of $affected items > $p_gold2 $gold:] $godly[Godly] and $unique[Unique] items trigger \~$p_speed% faster.","Chance auf ein Angebot +$p_sales%. 

 $c[Wert der $affected Gegenstände > $p_gold1 $gold:] $chance% Chance, einen kritischen Treffer zu vermeiden. 
 $c[Wert der $affected Gegenstände > $p_gold2 $gold:] $godly[Göttliche] und $unique[einzigartige] Gegenstände aktivieren $p_speed% schneller.","商店打折几率+$p_sales%。

 $c[$affected的物品价值>$p_gold1 $gold时：]将有$chance%的几率抵挡暴击。
 $c[$affected的物品价值>$p_gold2 $gold时：] $godly[神级]/$unique[特别]物品触发快$p_speed%。","セール発生確率 +$p_sales% 

 $c[$affectedにあるアイテムの価値 > $p_gold1 $gold ]$chance%の確率でクリティカルを防止する 
 $c[$affectedにあるアイテムの価値 > $p_gold2 $gold ]$godly[ゴッド]および$unique[ユニーク]アイテムの使用速度が$p_speed%上がる","할인 확률이 $p_sales% 증가합니다.

$c[$affected에 위치한 아이템의 가치가 $p_gold1 $gold보다 높을 경우:] $chance%의 확률로 치명타에 저항합니다.
$c[$affected에 위치한 아이템의 가치가 $p_gold2 $gold보다 높을 경우:] $godly[신화]와 $unique[유니크] 아이템이 $p_speed% 빠르게 발동합니다.","商店打折幾率+$p_sales%。

 $c[$affected的物品價值>$p_gold1 $gold時：]將有$chance%的幾率抵擋暴擊。
 $c[$affected的物品價值>$p_gold2 $gold時：] $godly[神級]/$unique[特別]物品觸發快$p_speed%。","Chance de promotion +$p_sales %. 

 $c[Valeur des objets $affected > $p_gold1 $gold :] $chance % de chances de résister aux coups critiques. 
 $c[Valeur des objets $affected > $p_gold2 $gold :] les objets $godly[Divins] et $unique[Uniques] se déclenchent $p_speed % plus vite.","Шанс появления предметов со скидкой +$p_sales%. 

 $c[Если общая ценность $affected предметов > $p_gold1 $gold:] Шанс $chance% игнорировать критический урон. 
 $c[Если общая ценность $affected предметов > $p_gold2 $gold:] $godly[Божественные] и $unique[уникальные] предметы срабатывают на $p_speed% чаще.","Chance de promoção +$p_sales%. 

 $c[Preço dos itens $affected > $p_gold1 $gold:] $chance% de chance de resistir a acertos críticos. 
 $c[Preço dos itens $affected > $p_gold2 $gold:] Itens $godly[Divinos] e $unique[Únicos] se ativam $p_speed% mais rápido.","Hay un $p_sales % más de probabilidad de oferta. 

 $c[Valor de los $affected objetos > $p_gold1 $gold:] $chance % de probabilidad de resistir golpes críticos. 
 $c[Valor de los $affected objetos > $p_gold2 $gold:] Los objetos $godly[Gloriosos] y $unique[Únicos] se activan un $p_speed % más rápido."
<!MissingKey:217:$t[Start of battle:] Gain $block $bl + $p1 $bl for each $affected $magic-item. $t[Every $cds:] Gain $p2 $mana and reflect \~$p3 debuffs.>,$t[Start of battle:] Gain $block $bl + $p1 $bl for each $affected $magic-item. $t[Every $cds:] Gain $p2 $mana and reflect \~$p3 debuffs.,$t[Kampfbeginn:] Erhalte $block $bl + $p1 $bl für jeden $affected $magic-Gegenstand. $t[Alle $cds:] Erhalte $p2 $mana und reflektiere $p3 Debuffs.,$t[战斗开始时：]获得$block点$bl，每有一个$affected的$magic物品，获得$p1点$bl。$t[每$cds：]获得$p2点$mana并反弹$p3层减益效果。,$t[バトル開始時：]$block $bl を獲得する（$affectedにある $magic アイテム1個につき +$p1 $bl ） $t[$cd秒毎：]$p2 $mana を獲得し、$p3デバフを反射する,"$t[전투 시작 시:] $bl를 $block 획득하며, $affected에 위치한 $magic 아이템마다 $p1의 $bl를 추가로 획득합니다. $t[$cd초마다:] $mana를 $p2 획득하고 디버프를 $p3개 반사합니다.",$t[戰鬥開始時：]獲得$block點$bl，每有一個$affected的$magic物品，獲得$p1點$bl。$t[每$cd秒：]獲得$p2點$mana並反彈$p3層減益效果。,$t[Au début du combat :] gagnez $block $bl + $p1 $bl pour chaque objet $magic $affected. $t[Toutes les $cd s :] gagnez $p2 $mana et renvoyez $p3 malus.,$t[Начало боя:] добавляет $block $bl + $p1 $bl за каждый $affected $magic предмет. $t[Раз в $cd сек.:] добавляет $p2 $mana и отражает до $p3 негативных эффектов.,$t[Início da batalha:] Ganha $block $bl + $p1 $bl por cada item-$magic $affected. $t[A cada $cd s:] Ganha $p2 $mana e reflete $p3 debuffs.,$t[Al comienzo de la batalla:] Obtiene $block $bl + $p1 $bl por cada objeto $magic $affected. $t[Cada $cd s:] Obtiene $p2 $mana y devuelve $p3 desventajas.
<!MissingKey:218:Cleanse effects have $chance% chance to cleanse an additional debuff. $t[Every $cds:] Cleanse $p_debuffs debuffs and heal for $p_heal. >,"Cleanse effects have $chance% chance to cleanse an additional debuff. $t[Every $cds:] Cleanse $p_debuffs debuffs and heal for $p_heal. 

 Triggers $p_speed% faster for each \~$affected $h[Potion].","Debuffs zu entfernen hat $chance% Chance, einen weiteren Debuff zu entfernen. $t[Alle $cds:] Entferne $p_debuffs Debuffs und heile $p_heal. 

 Aktiviert $p_speed% schneller pro $affected $h[Trank].","净化类效果触发时有$chance%的几率再额外净化一层减益效果。$t[每$cds：]净化$p_debuffs层减益效果并恢复$p_heal点生命值。

每有一个$affected的$h[魔药]，效果触发快$p_speed%。","$chance%の確率でデバフ解除効果で解除できるデバフが1増える $t[$cd秒毎：]$p_debuffsデバフを解除し、体力を$p_heal回復する 

$affectedにある$h[ポーション]1個につき使用速度が$p_speed%上がる","정화 효과가 $chance% 확률로 추가로 디버프를 제거할 수 있게 됩니다. $t[$cd초마다:] 디버프를 $p_debuffs개 제거하고 체력을 $p_heal 회복합니다.

$affected에 위치한 $h[포션]마다 $p_speed% 빠르게 발동합니다.","淨化類效果觸發時有$chance%的幾率再額外淨化一層減益效果。$t[每$cds：]淨化$p_debuffs層減益效果並恢復$p_heal點生命值。

每有一個$affected的$h[魔藥]，效果觸發快$p_speed%。","Les effets de purge ont $chance % de chance de purger un malus supplémentaire. $t[Toutes les $cd s :] purgez $p_debuffs malus et guérissez de $p_heal. 

 Se déclenche $p_speed % plus vite pour chaque $h[Potion] $affected.","Снятие негативного эффекта получает шанс $chance% удалить доп. эффект. $t[Раз в $cd сек.:] снимает до $p_debuffs негативных эффектов и восстанавливает герою $p_heal здоровья. 

 Срабатывает на $p_speed% чаще за каждое $affected $h[зелье].","Efeitos de purificação têm $chance% de chance de purificar um debuff adicional. $t[A cada $cd s:] Purifica $p_debuffs debuffs e cura por $p_heal. 

 Aciona $p_speed% mais rápido para cada $h[Poção] $affected.","Los efectos de eliminación tienen un $chance % probabilidad de eliminar una desventaja adicional. $t[Cada $cd s:] Elimina $p_debuffs y cura $p_heal. 

 Se activa un $p_speed % más rápido por cada $h[poción] $affected."
<!MissingKey:219:Brass Knuckles>,Brass Knuckles,Schlagring,铜指虎,ブラスナックル,황동 너클,銅指虎,Jarret en cuivre,Медный кастет,Soco-inglês,Puño de acero
<!MissingKey:220:Extra Angy>,Extra Angy,Extra Ärger,愤怒加倍,さらなる怒り,분노 연장,憤怒加倍,Extra colérique,Запас злости,Extra Nervoso,Megaenfado
<!MissingKey:221:Frozen Flame>,Frozen Flame,Frostflamme,永冻之火,フローズンフレイム,얼어붙은 불꽃,永凍之火,Flamme de gel,Застывшее пламя,Chama Congelada,Llama congelada
<!MissingKey:222:Thornbloom>,Thornbloom,Dornenblüte,荆棘之花,ローズウィップ,가시꽃,荊棘之花,Bouton d'épines,Шипоцвет,Roseira,Flor con espinas
<!MissingKey:223:Dragonscale Armor>,Dragonscale Armor,Drachenpanzer,龙鳞护甲,竜鱗の鎧,용비늘 갑옷,龍鱗護甲,Armure d'écailles de dragon,Доспех драконоборца,Armadura de Escama de Dragão,Armadura draconiana
<!MissingKey:224:Attacks $p_speed% faster for each $mana (up to $p_max%).>,Attacks $p_speed% faster for each $mana (up to $p_max%).,Greift $p_speed% schneller an pro $mana (maximal $p_max%).,每有一点 $mana，攻击速度快$p_speed%（最高可达 $p_max%）。,$mana 1スタックにつき使用速度が$p_speed%上がる（最大$p_max%まで）,$mana마다 $p_speed% 빠르게 공격합니다 (최대 $p_max%).,每有一點 $mana，攻擊速度快$p_speed%（最高可達 $p_max%）。,Attaque $p_speed % plus vite pour chaque $mana (jusqu'à $p_max %).,Атакует на $p_speed% чаще за каждый эффект $mana (макс. до $p_max%),Ataca $p_speed% mais rápido para cada $mana (até $p_max%).,Ataca un $p_speed % más rápido por cada $mana (máximo $p_max %).
<!MissingKey:225:$t[Start of battle:] Inflict $p1 random debuffs. >,"$t[Start of battle:] Inflict $p1 random debuffs. 

 Hatches after $p2 rounds in your backpack.","$t[Kampfbeginn:] Verursache $p1 Debuffs. 

 Schlüpft nach $p2 Runden im Rucksack.","$t[战斗开始时：]向对手施加$p1层随机减益效果。

在你的背包中$p2回合后孵化。","$t[バトル開始時：]$p1デバフを付与する 

 バックパックに入れておくと$p2ラウンド後にふ化する","$t[전투 시작 시:] 무작위 디버프를 $p1개 부여합니다.

배낭 안에서 $p2 라운드 경과 시 부화합니다.","$t[戰鬥開始時：]向對手施加$p1層隨機減益效果。

在你的背包中$p2回合後孵化。","$t[Au début du combat :] infligez $p1 malus aléatoires. 

 Éclot après $p2 tours dans votre sac à dos.","$t[Начало боя:] накладывает на противника до $p1 случайных негативных эффектов. 

 Вылупляется после $p2 раундов в рюкзаке.","$t[Início da batalha:] Inflige $p1 debuffs aleatórios. 

 Choca-se após $p2 rodadas na sua mochila.","$t[Al comienzo de la batalla:] Inflige $p1 desventajas al azar. 

 Eclosiona tras $p2 rondas en la mochila."
<!MissingKey:226:$t[Every $cds:] $stun[Stun] for $p1s and gain \~$p_spikes $spikes (up to $p_max times). >,"$t[Every $cds:] $stun[Stun] for $p1s and gain \~$p_spikes $spikes (up to $p_max times). 

 Triggers $p_speed% faster for each $spikes.","$t[Alle $cds:] Verursache $p1s $stun[Benommenheit] und erhalte \~$p_spikes $spikes (bis zu $p_max mal). 

 Aktiviert $p_speed% schneller pro $spikes.","$t[每$cds：] $stun[眩晕]对手$p1s并获得$p_spikes层$spikes（最高$p_max次）。

 每有一层$spikes，触发快$p_speed%。","$t[$cd秒毎：]$p1秒間$stun[スタン]させ、$p_spikes $spikes を獲得する（最大$p_max回まで） 

 $spikes 1スタックにつき使用速度が$p_speed%上がる","$t[$cd초마다:] $p1초 동안 $stun[기절]시키고 $spikes를 $p_spikes 획득합니다 (최대 $p_max번).

$spikes마다 $p_speed% 빠르게 발동합니다.","$t[每$cds：] $stun[眩暈]對手$p1s並獲得$p_spikes層$spikes（最高$p_max次）。

 每有一層$spikes，觸發快$p_speed%。","$t[Toutes les $cd s :] réalisez $stun[Étourdissement] pendant $p1 s et gagnez $p_spikes $spikes (jusqu'à $p_max fois). 

 Se déclenche $p_speed % plus vite pour chaque $spikes.","$t[Раз в $cd сек.:] $stun[оглушает] противника на $p1 сек. и добавляет$p_spikes $spikes (не более $p_max раз). 

 Срабатывает на $p_speed% чаще за каждый эффект $spikes.","$t[A cada $cd s:] $stun[Atordoa] por $p1 s e ganha $p_spikes $spikes (até $p_max vezes). 

 Aciona $p_speed% mais rápido para cada $spikes.","$t[Cada $cd s:] Provoca $stun[Aturdimiento] durante $p1  s y obtiene $p_spikes $spikes (hasta $p_max veces). 

 Se activa $p_speed % más rápido con cada $spikes."
<!MissingKey:227:Dragon Nest>,Dragon Nest,Drachennest,龙的巢穴,ドラゴンの寝床,용의 둥지,龍的巢穴,Nid de dragon,Гнездо дракона,Ninho de Dragão,Nido de dragón
<!MissingKey:228:$h[Burning Swords] and $h[Burning Blades] use -$p_stamina% stamina. $t[After $cds:] Gain $p_heat $heat for each $h[Flame].>,$h[Burning Swords] and $h[Burning Blades] use -$p_stamina% stamina. $t[After $cds:] Gain $p_heat $heat for each $h[Flame].,$h[Flammenschwerter] und $h[Flammenschneiden] nutzen -$p_stamina% Ausdauer. $t[Nach $cds:] Erhalte $p_heat $heat pro $h[Flamme].,$h[火焰短剑]和$h[火焰剑]的耐力消耗-$p_stamina%。$t[$cds后：]每有一团$h[火焰]，获得$p_heat层$heat。,$h[炎の剣]と$h[灼炎の剣]のスタミナ消費値 -$p_stamina% $t[$cd秒後：]$h[フレイム]1個につき$p_heat $heat を獲得する,$h[불타는 검]과 $h[타오르는 칼날]이 스태미나를 $p_stamina% 적게 사용합니다. $t[$cd초 후:] $h[불꽃]마다 $heat를 $p_heat 획득합니다.,$h[火焰短劍]和$h[火焰劍]的耐力消耗-$p_stamina%。$t[$cds後：]每有一團$h[火焰]，獲得$p_heat層$heat。,$h[Épée brûlante] et $h[Lame brûlante] utilisent -$p_stamina % d'endurance. $t[Après $cd s :] gagnez $p_heat $heat pour chaque $h[Flamme].,$h[Горящий меч] и $h[горящий клинок] расходуют на $p_stamina% меньше энергии. $t[Через $cd сек.:] добавляет герою $p_heat $heat за каждое $h[пламя].,$h[Espada Incendiada] e $h[Lâmina Incendiada] usam -$p_stamina% de vigor. $t[Após $cd s:] Ganha $p_heat $heat para cada $h[Chama].,$h[Espada ardiente] y $h[Filo ardiente] gastan un $p_stamina % menos de resistencia. $t[Tras $cd s:] Obtiene $p_heat $heat por cada $h[llama].
<!MissingKey:229:Flame Badge>,Flame Badge,Flammenabzeichen,火焰徽章,フレイムバッジ,불꽃 배지,火焰徽章,Insigne de flamme,Значок пламени,Broche de Chama,Medalla de llamas
<!MissingKey:230:Ice Armor>,Ice Armor,Eisrüstung,冰霜护甲,氷の鎧,얼음 갑옷,冰霜護甲,Armure de glace,Ледяной доспех,Armadura de Gelo,Armadura glacial
<!MissingKey:231:Pop>,Pop,Pop,啵啵,ポポ,팝,啵啵,Pop,Поп,Pop,Estallido
"<!MissingKey:232:$t[After $cds:] Use all your buffs, your opponent takes +$p_dam% damage for each buff used. Deal $dam $effect-damage.>","$t[After $cds:] Use all your buffs, your opponent takes +$p_dam% damage for each buff used. Deal $dam $effect-damage.","$t[Nach $cds:] Nutze all deine Buffs, dein Gegner nimmt +$p_dam% Schaden pro genutzem Buff. Verursache \~$dam $effect-Schaden.",$t[$cds后：]消耗你所有的增益效果，你的对手每消耗一个增益效果就会多受到+$p_dam%的伤害。造成$dam点$effect伤害。,$t[$cd秒後：]すべてのバフを消費して、消費したバフ1スタックにつき相手の受けるダメージ +$p_dam%。$dam $effect ダメージを与える,"$t[$cd초 후:] 모든 버프를 사용해, 사용한 버프마다 상대가 피해를 추가로 $p_dam% 입습니다. $effect 피해를 $dam 가합니다.",$t[$cds後：]消耗你所有的增益效果，你的對手每消耗一個增益效果就會多受到+$p_dam%的傷害。造成$dam點$effect傷害。,"$t[Après $cd s :] utilisez tous vos bonus, votre adversaire subit $p_dam % de dégâts en plus pour chaque bonus utilisé. Infligez $dam de dégâts $effect en moins.",$t[Через $cd сек.:] использует все усиления героя и противник получает +$p_dam% урона за каждое использованное усиление. Наносит $dam $effect-урона.,"$t[Após $cd s:] Consome todos os seus buffs, e o oponente recebe +$p_dam% de dano por cada buff usado. Causa $dam dano-$effect.","$t[Tras $cd s:] Usa todas tus ventajas, tu rival recibe +$p_dam % de daño por cada ventaja usada. Inflige $dam de daño-$effect."
<!MissingKey:233:Wolf Emblem>,Wolf Emblem,Zeichen des Wolfs,狼印记,狼の紋章,늑대 엠블럼,狼印記,Emblème de loup,Эмблема волка,Emblema de Lobo,Emblema de lobo
<!MissingKey:234:Rainbow Goobert Epicglob Uberviscous>,Rainbow Goobert Epicglob Uberviscous,Regenbogen- Schlotzbert Ultraviskos,彩虹终极圆圆浓稠黏黏,レインボー・スラバート・エピック・ウーバー,레인보우 슬돌이 위대한 끈적 덩어리,彩虹終極圓圓濃稠黏呼呼,Viskeu arc-en-ciel super-visqueux épique,Радужный гипер-вязкий гига-Слаймер,Gosberto Arco-Íris Hiperviscoso Geleiépico,Viscosino arcoíris epicúnico tremebundo
<!MissingKey:235:Duffle Bag>,Duffle Bag,Ragetasche,旅行包,ダッフルバッグ,더플백,旅行包,Sac fourre-tout,Походная сумка,Bolsa de Lona,Saco marinero
<!MissingKey:236:$t[After $cds:] Repeat the $h[Start of battle] effects of the $affected items.>,$t[After $cds:] Repeat the $h[Start of battle] effects of the $affected items.,$t[Nach $cds:] Wiederhole die $h[Kampfbeginn]-Effekte aller \~$affected Gegenstände.,$t[$cds后：]再次触发$affected物品的$h[战斗开始时：]效果。,$t[$cd秒後：]$affectedにあるアイテムの$h[バトル開始時]効果が再発動する,$t[$cd초 후:] $affected에 위치한 아이템의 $h[전투 시작 시] 효과를 반복합니다.,$t[$cds後：]再次觸發$affected物品的$h[戰鬥開始時：]效果。,$t[Après $cd s :] répétez les effets de $h[Début du combat] des objets $affected.,$t[Через $cd сек.:] повторяет эффекты $h[начала боя] $affected предметов.,$t[Após $cd s:] Repete os efeitos de $h[Início da batalha] dos itens $affected.,$t[Después de $cd s:] repite los efectos $h[del comienzo de la batalla] de los $affected objetos.
<!MissingKey:237:Katana>,Katana,Katana,武士刀,カタナ,카타나,武士刀,Katana,Катана,Katana,Katana
<!MissingKey:238:$t[$p1 $heat reached:] Your next $p2 hits are critical. $t[Every $cds:] Remove $p3 $spikes from your opponent and gain $p4 $heat per removed $spikes.>,$t[$p1 $heat reached:] Your next $p2 hits are critical. $t[Every $cds:] Remove $p3 $spikes from your opponent and gain $p4 $heat per removed $spikes.,$t[$p1 $heat erreicht:] Deine nächsten $p2 Treffer sind kritisch. $t[Alle $cds:] Entferne $p3 $spikes von deinem Gegner und erhalte $p4 $heat pro entferntem $spikes.,$t[$heat层数达到$p1时：]你之后$p2次攻击为暴击。$t[每$cds：]移除对手$p3层$spikes，每移除对手一层$spikes获得$p4层$heat。,$t[$p1 $heat 到達時：]次の$p2回のヒットがクリティカルになる $t[$cd秒毎：]相手から$p3 $spikes を除去し、除去した $spikes 1スタックにつき$p4 $heat を獲得する,"$t[$heat가 $p1에 도달 시:] 다음 $p2번의 공격이 치명타가 됩니다. $t[$cd초마다:] 상대의 $spikes를 $p3 제거하고, 제거한 $spikes마다 $heat를 $p4 획득합니다.",$t[$heat層數達到$p1時：]你後續的$p2次攻擊為暴擊。$t[每$cd秒：]移除對手$p3層$spikes，每移除對手一層$spikes獲得$p4層$heat。,$t[En atteignant $p1 $heat :] vos $p2 prochains coups sont critiques. $t[Toutes les $cd s :] retirez $p3 $spikes de votre adversaire et gagnez $p4 $heat par retrait de $spikes.,$t[Если у героя $p1 $heat:] следующие $p2 удара героя будут критическими. $t[Раз в $cd сек.:] снимает с противника $p3 $spikes и добавляет $p4 $heat за каждый снятый эффект $spikes.,$t[$p1 $heat alcançados:] seus próximos $p2 acertos serão críticos. $t[A cada $cd s:] Remove $p3 $spikes do oponente e ganhe $p4 $heat por $spikes removido.,$t[Al alcanzar $p1 $heat:] Los siguientes $p2 golpes son críticos. $t[Cada $cd s:] Elimina $p3 $spikes del rival y obtiene $p4 $heat por cada $spikes eliminado.
<!MissingKey:239:Double Axe>,Double Axe,Doppelaxt,双刃斧,ダブルアックス,양날 도끼,雙刃斧,Hache double,Двойной топор,Machado de Lâmina Dupla,Hacha doble
<!MissingKey:240:Items give +$p_healthamp% maximum health. $t[Overhealed:] Gain the overheal as maximum health. $t[Every $cds:] Heal for $p_heal + $p_heal_dark for each \~$affected $dark-item.>,Items give +$p_healthamp% maximum health. $t[Overhealed:] Gain the overheal as maximum health. $t[Every $cds:] Heal for $p_heal + $p_heal_dark for each \~$affected $dark-item.,Gegenstände geben +$p_healthamp% Maximalleben. $t[Überheilung:] Erhalte jegliche Überheilung als Maximalleben. $t[Alle $cds:] Heile um $p_heal + $p_heal_dark pro $affected $dark-Gegenstand.,物品的最大生命值提升效果+$p_healthamp%。$t[过量治疗时：]过量治疗的生命值增加为最大生命值。$t[每$cds：]恢复$p_heal点生命值，且每有一个$affected的$dark物品，生命值恢复+ $p_heal_dark。,アイテムによる体力最大値増加 +$p_healthamp% $t[過剰回復時：]過剰回復量を体力最大値として獲得する $t[$cd秒毎：] $p_healの体力を回復する（$affectedにある $dark アイテム1個につき +$p_heal_dark）,"아이템이 최대 체력을 $p_healthamp% 추가로 제공합니다. $t[초과 치유 시:] 초과 치유된 만큼 최대 체력을 얻습니다. $t[$cd초마다:] 체력을 $p_heal 회복하며, $affected에 위치한 $dark 아이템마다 회복량이 $p_heal_dark씩 증가합니다.",物品的最大生命值提升效果+$p_healthamp%。$t[過量治療時：]過量治療的生命值增加為最大生命值。$t[每$cds：]恢復$p_heal點生命值，且每有一個$affected的$dark物品，生命值恢復+ $p_heal_dark。,Les objets donnent +$p_healthamp % de PV max. $t[Surguérison :] gagnez la surguérison à hauteur de vos PV max. $t[Toutes les $cd s :] guérissez de $p_heal + $p_heal_dark pour chaque objet $dark $affected.,Предметы добавляют +$p_healthamp% макс. здоровья. $t[Избыточное здоровье:] преобразовывает избыточное здоровье в максимальное. $t[Раз в $cd сек.:] восстанавливает $p_heal + $p_heal_dark здоровья за каждый $affected $dark-предмет.,Os itens concedem +$p_healthamp% de vida máxima. $t[Cura excessiva:] Ganha a cura excessiva como vida máxima. $t[A cada $cd s:] Cura $p_heal + $p_heal_dark para cada item $affected $dark.,Los objetos dan +$p_healthamp % de PS máx. $t[Cuando tienes curación de más:] conviertes el exceso de curación en PS máx. $t[Cada $cd s:] te curas $p_heal + $p_heal_dark por cada $affected objeto $dark.
<!MissingKey:241:$t[Start of battle:] Gain $block $bl for each \~$affected $ice-item. $t[$p_heat $heat gained:] Inflict $p_cold $cold. >,"$t[Start of battle:] Gain $block $bl for each \~$affected $ice-item. $t[$p_heat $heat gained:] Inflict $p_cold $cold. 

 For each $cold of your opponent, the \~$affected2 item has +$chance% critical hit chance and +$p_critdam% critical damage. 

 Additional $ice-items are offered in the shop.","$t[Kampfbeginn:] Erhalte $block $bl pro \~$affected $ice-Gegenstand. $t[$p_heat $heat erhalten:] Verursache $p_cold $cold. 

 Pro $cold auf deinem Gegner hat der $affected2 Gegenstand +$chance% kritische Trefferchance und +$p_critdam% kritischen Schaden. 

 Zusätzliche $ice-Gegenstände werden im Laden angeboten.","$t[战斗开始时：]每有一个$affected的$ice物品获得$block点$bl。$t[每获得$p_heat点$heat：]向对手施加$p_cold层$cold。

对手每有一层$cold，$affected2的物品获得+$chance%暴击几率和+$p_critdam%暴击伤害。

商店会出售更多的$ice物品。","$t[バトル開始時：]$affectedにある $ice アイテム1個につき$block $bl を獲得する $t[$p_heat $heat 獲得毎：]$p_cold $cold を付与する 

 相手の $cold 1スタックにつき、$affected2にあるアイテムのクリティカル率 +$chance%、クリティカルダメージ +$p_critdam% 

 追加の $ice アイテムがショップで売られるようになる","$t[전투 시작 시:] $affected에 위치한 $ice 아이템마다 $bl를 $block 획득합니다. $t[$heat를 $p_heat 획득 시:] $cold를 $p_cold 부여합니다.

상대에게 부여된 $cold마다 $affected2에 위치한 아이템이 $chance%의 추가 치명타 확률을 지니고 치명타 피해가 $p_critdam% 증가합니다.

$ice 아이템이 상점에 추가로 등장합니다.","$t[戰鬥開始時：]每有一個$affected的$ice物品獲得$block點$bl。$t[每獲得$p_heat點$heat：]向對手施加$p_cold層$cold。

對手每有一層$cold，$affected2的物品獲得+$chance%暴擊幾率和+$p_critdam%暴擊傷害。

商店會出售更多的$ice物品。","$t[Au début du combat :] gagnez $block $bl pour chaque objet $ice $affected. $t[En gagnant $p_heat $heat :] infligez $p_cold $cold. 

 Pour chaque $cold de votre adversaire, l'objet $affected2 a +$chance % de chance de coup critique et +$p_critdam % de dégâts critiques. 

 Des objets $ice supplémentaires sont disponibles dans la boutique.","$t[Начало боя:] добавляет $block $bl за каждый $affected $ice предмет. $t[Если у героя не менее $p_heat $heat:] накладывает на противника $p_cold $cold. 

 За каждый эффект $cold на противнике, $affected2 предмет повышает шанс критического удара на $chance% и критический урон на $p_critdam%. 

 $iceпредметы типа будут продаваться в магазине.","$t[Início da batalha:] Ganha $block $bl por cada item-$ice $affected. $t[$p_heat $heat ganhos:] Inflige $p_cold $cold. 

 Por cada $cold do oponente, o item $affected2 tem +$chance% de chance de acerto crítico e +$p_critdam% de dano crítico. 

 Itens-$ice adicionais são oferecidos na loja.","$t[Al comienzo de la batalla:] Obtiene $block $bl por cada objeto de $ice $affected. $t[Al obtener $p_heat $heat:] Inflige $p_cold $cold. 

 Por cada $cold del rival, el objeto $affected2 tiene un $chance % más de probabilidad de golpe crítico y un $p_critdam % más de daño crítico. 

 Los objetos de $ice adicionales se venden en la tienda."
<!MissingKey:242:Snow Stick>,Snow Stick,Schneestock,雪杖,雪の棒,눈 막대기,雪杖,Bâton neigeux,Повелитель снега,Cajado de Neve,Bastón de nieve
<!MissingKey:243:Vampiric Potion>,Vampiric Potion,Vampirtrank,吸血魔药,吸血のポーション,흡혈 포션,吸血魔藥,Potion vampirique,Зелье вампиризма,Poção Vampírica,Poción vampírica
<!MissingKey:244:$t[$affected items gained $p3 $bl:] \~Deal $p4 $effect-damage. $t[On attacked ($melee/$ranged):] $chance% chance to prevent $p1 damage and remove \~$p2 stamina from your opponent. >,$t[$affected items gained $p3 $bl:] \~Deal $p4 $effect-damage. $t[On attacked ($melee/$ranged):] $chance% chance to prevent $p1 damage and remove \~$p2 stamina from your opponent. ,"$t[$affected Gegenstand erzeugt $p3 $bl:] Verursache $p4 $effect-Schaden. $t[Bei Angriff ($melee/$ranged):] $chance% Chance, \~$p1 Schaden zu vermeiden und \~$p2 Ausdauer von Gegner zu entfernen. ",$t[$affected的物品每获得$p3点$bl：]造成$p4点$effect伤害。$t[被攻击时（($melee/$ranged）：]有$chance%的几率抵挡$p1点伤害并移除对手$p2点耐力。,$t[$affectedにあるアイテムが$p3 $bl 獲得毎：]$p4 $effect ダメージを与える$t[被攻撃時（$melee/$ranged）：]$chance%の確率で$p1ダメージを防ぎ、相手から$p2スタミナを除去する,"$t[$affected에 위치한 아이템이 $bl를 $p3 획득 시:] $effect 피해를 $p4 가합니다. $t[공격 받을 시 ($melee/$ranged):] $chance%의 확률로 피해를 $p1 막고, 상대의 스태미나를 $p2 제거합니다. ",$t[$affected的物品每獲得$p3點$bl：]造成$p4點$effect傷害。$t[被攻擊時（($melee/$ranged）：]有$chance%的幾率抵擋$p1點傷害並移除對手$p2點耐力。,$t[Les objets $affected gagnent $p3 $bl :] inflige $p4 dégâts $effect.$t[En recevant une attaque ($melee/$ranged) :] $chance % de chance d'empêcher $p1 dégâts et de retirer $p2 d'endurance à l'adversaire.,$t[$affected предметы получают $p3 $bl:] наносит $p4 $effect-урона. $t[При входящей атаке ($melee/$ranged):] шанс $chance% игнорировать $p1 ед. урона и отнять $p2 ед. энергии у противника.,$t[Itens $affected ganharam $p3 $bl:] Causa $p4 de dano de $effect. $t[Ao sofrer ataque ($melee/$ranged):] $chance% de chance de prevenir $p1 de dano e remover $p2 de vigor do oponente.,$t[$affected objetos obtenidos $p3 $bl:] Inflige $p4 de daño de $effect. $t[Al recibir un ataque ($melee/$ranged):] $chance % de probabilidad de evitar $p1 de daño y eliminar $p2 de resistencia del rival.
<!MissingKey:245:Rainbow Goobert Deathslushy Mansquisher>,Rainbow Goobert Deathslushy Mansquisher,Regenbogen- Schlotzbert Todesplörre,彩虹杀戮者黏黏,レインボー・スラバート・デス・マンイーター,레인보우 슬돌이 질척한 죽음의 으깸이,彩虹殺戮者黏呼呼,Viskeu arc-en-ciel écrabouilleur de la mort,Радужный смертоносный супер-Слаймер,Gosberto Arco-Íris Grudagente Malmeleco,Viscosino arcoíris aniquiladorable
"<!MissingKey:246:$t[Health drops below $p_healtht%:] Gain $p_empower $empower, cleanse $p_cleanse debuffs and dodge the next $p_dodge $melee/$ranged-attacks (once).>","$t[Health drops below $p_healtht%:] Gain $p_empower $empower, cleanse $p_cleanse debuffs and dodge the next $p_dodge $melee/$ranged-attacks (once).","$t[Leben fällt unter $p_healtht%:] Erhalte $p_empower $empower, entferne $p_cleanse Debuffs und weiche den nächsten $p_dodge $melee/$ranged-Angriffen aus (einmalig).",$t[当生命值低于$p_healtht%时：]获得$p_empower层$empower，净化$p_cleanse层减益效果。躲开$p_dodge次$melee/$ranged攻击（单次触发）。,$t[体力が$p_healtht%未満に低下時：]$p_empower $empower を獲得し、$p_cleanseデバフを解除する。次の$p_dodge回の $melee/$ranged 攻撃を回避する,"$t[체력이 $p_healtht% 아래로 떨어질 시:] $empower를 $p_empower 획득하고, 디버프를 $p_cleanse개 정화하고, 다음 $p_dodge번의 $melee/$ranged 공격을 회피합니다 (한 번).",$t[當生命值低於$p_healtht%時：]獲得$p_empower層$empower，淨化$p_cleanse層減益效果。躲開$p_dodge次$melee/$ranged攻擊（單次觸發）。,"$t[PV inférieurs à $p_healtht % :] gagnez $p_empower $empower, purgez $p_cleanse malus et esquivez les $p_dodge attaques $melee/$ranged suivantes (une fois).","$t[При здоровье ниже $p_healtht%:] добавляет $p_empower $empower, снимает до $p_cleanse негативных эффектов и позволяет герою уклониться от следующих $p_dodge $melee/$ranged атак (один раз за бой).","$t[Vida abaixo de $p_healtht%:] Ganha $p_empower $empower, remove debuffs $p_cleanse e esquiva os próximos $p_dodge ataques $melee/$ranged (uma vez).","$t[PS por debajo del $p_healtht %:] Obtiene $p_empower $empower, elimina $p_cleanse desventajas y esquiva los siguientes $p_dodge ataques-$melee/$ranged (una vez)."
<!MissingKey:247:Unsettling Presence>,Unsettling Presence,Beunruhigende Erscheinung,不恐怖幽灵,不気味な存在,기묘한 존재,不恐怖幽靈,Présence inquiétante,Блуждающий призрак,Presença Inquietante,Presencia que da yuyu
<!MissingKey:248:$t[Start of battle:] $affected $h[Weapons] gain \~$p_dam damage. >,"$t[Start of battle:] $affected $h[Weapons] gain \~$p_dam damage. 

 $chance% chance to protect your buffs from removal. 

 $chance2% chance to resist $blind and $cold.","$t[Kampfbeginn:] $affected $h[Waffen] verursachen +$p_dam Schaden. 

 $chance% Chance, Buffs vor dem Entfernen zu schützen. 

 $chance2% Chance, $blind und $cold zu widerstehen.","$t[战斗开始时：]$affected的$h[武器]获得$p_dam点伤害。

有$chance%的几率保护你的增益效果不被移除。

还有$chance2%的几率抵抗$blind和$cold。","$t[バトル開始時：]$affectedにある$h[武器]のダメージ値が$p_dam増える 

$chance%の確率でバフを除去効果から保護する 

$chance2%の確率で $blind と $cold を無効化する","$t[전투 시작 시:] $affected에 위치한 $h[무기]가 가하는 피해가 $p_dam 증가합니다.

$chance%의 확률로 내 버프가 제거되는 것을 막습니다.

$chance2%의 확률로 $blind과 $cold에 저항합니다.","$t[戰鬥開始時：]$affected的$h[武器]獲得$p_dam點傷害。

有$chance%的幾率保護你的增益效果不被移除。

還有$chance2%的幾率抵抗$blind和$cold。","$t[Au début du combat :] les $h[Armes] $affected gagnent $p_dam de dégâts. 

 $chance % de chance de protéger vos bonus du retrait. 

 $chance2 % de chance de résister $blind et $cold.","$t[Начало боя:] $affected $h[оружие] получает +$p_dam ед. урона. 

 Шанс $chance% не допустить снятия усилений с героя. 

 Шанс $chance2% игнорировать эффекты $blind и $cold.","$t[Início da batalha:] $h[Armas] $affected ganham $p_dam de dano. 

 $chance% de chance de proteger seus buffs de remoção. 

 $chance2% de chance de resistir a $blind e $cold.","$t[Al comienzo de la batalla:] Las $h[Armas] $affected consiguen $p_dam de daño. 

 $chance % de probabilidad de evitar perder ventajas. 

 $chance2% de probabilidad de resistir $blind y $cold."
<!MissingKey:249:$t[On hit:] $chance% chance to gain $h[1] $lucky.>,$t[On hit:] $chance% chance to gain $h[1] $lucky.,"$t[Bei Treffer:] $chance% Chance, $h[1] $lucky zu erhalten.",$t[击中对手时：]$chance%的几率获得$h[1]点$lucky。,$t[ヒット時：]$chance%の確率で$h[1] $lucky を獲得する,$t[적중 시:] $chance%의 확률로 $lucky을 $h[1] 획득합니다.,$t[命中對手時：]有$chance%的機率獲得$h[1]點$lucky。,$t[Par coup :] $chance % de chance de gagner $h[1] $lucky.,$t[При попадании:] $chance% шанс добавить $h[1] $lucky.,$t[Ao acertar:] $chance% de chance de ganhar $h[1] $lucky.,$t[Al golpear:] $chance % de probabilidad de obtener $h[1] $lucky.
<!MissingKey:250:$c[Weapon sockets:] $m[On hit:] Attack $p_attackspeed% faster. $c[Armor & other sockets:] $m[During $rage[Battle Rage]]: \~ Reduce $melee/$ranged damage taken by $p_damreduction. $c[Backpack:] Items use -$p_stamina% stamina.>,$c[Weapon sockets:] $m[On hit:] Attack $p_attackspeed% faster. $c[Armor & other sockets:] $m[During $rage[Battle Rage]]: \~ Reduce $melee/$ranged damage taken by $p_damreduction. $c[Backpack:] Items use -$p_stamina% stamina.,$c[Waffensockel:] $m[Bei Treffer:] Aktiviere $p_attackspeed% schneller. $c[Rüstung & andere Sockel:] $m[Während $rage[Kampfrausch]]: Reduziere eingehenden Schaden um $p_damreduction. $c[Rucksack:] Gegenstände verbrauchen -$p_stamina% Ausdauer.,$c[放入武器槽：] $m[击中对手时：]攻击速度快$p_attackspeed%。$c[放入护甲或其他槽：] $m[在$rage[狂战士之怒]期间]：受到的$melee/$ranged伤害减少$p_damreduction。$c[放入背包：]物品耐力消耗减少$p_stamina%。,$c[武器に装着：]$m[ヒット時：]使用速度が$p_attackspeed%上がる $c[非武器に装着：] $m[$rage[バーサク]中]： $melee/$ranged ダメージを$p_damreduction減らす $c[バックパックに配置：]アイテムのスタミナ消費値 -$p_stamina%,$c[무기 소켓:] $m[적중 시:] $p_attackspeed% 빠르게 공격합니다. $c[방어구 및 기타 소켓:] $m[$rage[전투 격노] 동안]: 받는 $melee/$ranged 피해가 $p_damreduction만큼 감소합니다. $c[배낭:] 아이템이 스태미나를 $p_stamina% 적게 사용합니다.,$c[放入武器槽：] $m[擊中對手時：]攻擊速度快$p_attackspeed%。$c[放入護甲或其他槽：] $m[在$rage[狂戰士之怒]期間]：受到的$melee/$ranged傷害減少$p_damreduction。$c[放入背包：]物品耐力消耗減少$p_stamina%。,$c[Emplacements d'armes :] $m[Par coup :] attaquez $p_attackspeed % plus vite. $c[Armure et autres emplacements :] $m[Pendant le mode $rage[Rage de combat]] : dégâts $melee/$ranged subis réduits de $p_damreduction. $c[Sac à dos :] les objets utilisent $p_stamina % d'endurance en moins.,$c[В слоте оружия:] $m[При попадании:] срабатывает на $p_attackspeed% чаще. $c[В слоте брони/в другом слоте:] $m[Во время $rage[ярости]]: снижает получаемый героем $melee/$ranged урон на $p_damreduction ед. $c[В рюкзаке:] Предметы расходуют -$p_stamina% энергии.,$c[Engastes de armas:] $m[Ao acertar:] Ataca $p_attackspeed% mais rápido. $c[Demais engastes:] $m[Durante $rage[Fúria de Combate]]: Diminui o dano de $melee/$ranged sofrido em $p_damreduction. $c[Mochila:] Itens gastam -$p_stamina% de vigor.,$c[Ranuras de arma:] $m[Al golpear:] Se activa un $p_attackspeed % más rápido. $c[Ranuras de armadura y otras:] $m[Durante la $rage[Rabia de batalla]:] Reduce el daño recibido por ataques $melee/$ranged en $p_damreduction. $c[Mochila:] Los objetos gastan un $p_stamina % menos de resistencia.
<!MissingKey:251:$h[Reaper] items are offered in the shop. $t[Every $cds:] Inflict a random debuff.>,$h[Reaper] items are offered in the shop. $t[Every $cds:] Inflict a random debuff.,$h[Sensenfrau]-Gegenstände werden im Laden angeboten. $t[Alle $cds:] Verursache einen zufälligen Debuff.,可获得$h[收割者]物品。$t[每$cds：]向对手施加一层随机减益效果。,$h[リーパー]固有アイテムがショップで売られるようになる $t[$cd秒毎：]1デバフを付与する,$h[리퍼] 아이템이 상점에 등장합니다. $t[$cd초마다:] 무작위 디버프를 부여합니다.,可獲得$h[收割者]物品。 $t[每$cd秒：]向對手施加一層隨機減益效果。,Les objets de $h[Nécromancien] sont disponibles dans la boutique. $t[Toutes les $cd s :] infligez un malus aléatoire.,Предметы $h[жнеца] будут продаваться в магазине. $t[Раз в $cd сек.:] накладывает на противника случайный негативный эффект.,Itens da $h[Ceifadora] são disponibilizados na loja. $t[A cada $cd s:] Inflige um debuff aleatória.,Los objetos de $h[Nigromante] se venden en la tienda. $t[Cada $cd s]: Inflige una desventaja al azar.
<!MissingKey:252:Fire Pit>,Fire Pit,Feuerschale,火坑,たき火台,불구덩이,火坑,Foyer,Огненная яма,Fogueira,Fosa ardiente
<!MissingKey:253:$t[Every $cds:] Repeat a random $affected $h[Start of battle] effect (once per item). >,"$t[Every $cds:] Repeat a random $affected $h[Start of battle] effect (once per item). 

 Triggers $p_speed% faster for each $affected $h[Start of battle] item.","$t[Alle $cds:] Wiederhole einen zufälligen $affected $h[Kampfbeginn]-Effekt (einmal pro Gegenstand). 

 Aktiviert $p_speed% schneller pro \~$affected $h[Kampfbeginn]-Gegenstand.","$t[每$cds：]触发一个随机$affected物品的$t[战斗开始时]效果（每个物品触发一次）。

 每有一个$affected的带有$h[战斗开始时]效果的物品，回响战嚎的触发速度快$p_speed%。","$t[$cd秒毎：]$affectedにあるランダムな$h[バトル開始時]アイテム1個の効果が再発動する（各アイテム1回まで）

$affectedにある$h[バトル開始時]アイテム1個につき使用速度が$p_speed%上がる","$t[$cd초마다:] $affected에 위치한 무작위 $h[전투 시작 시] 효과를 반복합니다 (아이템당 한 번).

$affected에 위치한 $h[전투 시작 시] 아이템마다 $p_speed% 빠르게 발동합니다.","$t[每$cds：]觸發一個隨機$affected物品的$t[戰鬥開始時]效果（每個物品觸發一次）。

 每有一個$affected的帶有$h[戰鬥開始時]效果的物品，迴響戰嚎的觸發速度快$p_speed%。","$t[Toutes les $cd s :] répétez un effet de $h[Début du combat] $affected (une fois par objet). 

 Se déclenche $p_speed % plus vite pour chaque objet de $h[Début du combat] $affected.","$t[Раз в $cd сек.:] повышает случайный $affected эффект типа $h[начало боя] (один раз за бой для каждого предмета). 

 Срабатывает на $p_speed% чаще за каждый $affected предмет типа $h[начало боя].","$t[A cada $cd s:] Repete um efeito aleatório de $h[Início da batalha] $affected (uma vez por item). 

 Ativa $p_speed% mais rápido por cada item $h[Início da batalha] $affected.","$t[Cada $cd s:] Repite un $affected efecto aleatorio de tipo $h[al comienzo de la batalla] (una vez por objeto). 

 Se activa un $p_speed % más rápido por cada $affected objeto de $h[al comienzo de la batalla]."
<!MissingKey:254:$t[Both characters drop below $p1% health:] Consume this and gain $p2 $vampirism and $p3% lifesteal for $p4s.>,$t[Both characters drop below $p1% health:] Consume this and gain $p2 $vampirism and $p3% lifesteal for $p4s.,"$t[Beide Charaktere fallen unter $p1% Leben:] Trinke aus, erhalte $p2 $vampirism und $p3% Lebensraub für $p4s.",$t[你和对手都生命值都低于$p1%时：]消耗此魔药获得$p2层$vampirism并在$p4s内获得$p3%生命值偷取。,$t[自分と相手の体力が両方とも$p1%未満に低下時：]このアイテムを消費して、$p2 $vampirism を獲得し、$p4秒間体力吸収率 +$p3%,"$t[두 캐릭터의 체력이 모두 $p1% 아래로 떨어질 시:] 포션을 소모해, $vampirism을 $p2 획득하고 $p4초 동안 가한 피해의 $p3%만큼 체력을 회복합니다.",$t[你和對手都生命值都低於$p1%時：]消耗此魔藥獲得$p2層$vampirism並在$p4秒內獲得$p3%生命值竊取。,$t[PV des deux personnages inférieurs à $p1 % :] consommez ceci et gagnez $p2 $vampirism et $p3 % de vol de vie pendant $p4 s.,"$t[Если показатели здоровья героя и противника ниже $p1%:] расходуется, чтобы добавить $p2 $vampirism и повысить кражу жизни на $p3% на $p4 сек.",$t[Você e oponente com vida abaixo de $p1%:] Consuma isto e ganhe $p2 $vampirism e $p3% de roubo de vida por $p4 s.,$t[PS de ambos personajes por debajo del $p1 %:] Consume esto y obtiene $p2 $vampirism y $p3 de drenaje vital durante $p4 s.
<!MissingKey:255:$t[Start of battle:] Gain $block $bl and inflict $p1 $cold. $t[Every $cds:] Use $p2 $heat to inflict $p3 $cold and gain $p4 $bl. >,$t[Start of battle:] Gain $block $bl and inflict $p1 $cold. $t[Every $cds:] Use $p2 $heat to inflict $p3 $cold and gain $p4 $bl. ,"$t[Kampfbeginn:] Erhalte $block $bl und verursache $p1 $cold. $t[Alle $cds:] Nutze $p2 $heat, um $p3 $cold zu verursachen und $p4 $bl zu erhalten.",$t[战斗开始时：]获得$block点$bl并向对手施加$p1层$cold。$t[每$cds：]消耗$p2层$heat向对手施加$p3层$cold，并获得$p4点$bl。,$t[バトル開始時：]$block $bl を獲得し、$p1 $cold を付与する $t[$cd秒毎：]$p2 $heat を消費して、$p3 $cold を付与し、$p4 $bl を獲得する,$t[전투 시작 시:] $bl를 $block 획득하고 $cold를 $p1 부여합니다. $t[$cd초마다:] $heat를 $p2 사용해 $cold를 $p3 부여하고 $bl를 $p4 획득합니다.,$t[戰鬥開始時：]獲得$block點$bl並向對手施加$p1層$cold。$t[每$cd秒：]消耗$p2層$heat向對手施加$p3層$cold，並獲得$p4點$bl。,$t[Au début du combat :] gagnez $block $bl et infligez $p1 $cold. $t[Toutes les $cd s :] utilisez $p2 $heat pour infliger $p3 $cold et gagnez $p4 $bl.,"$t[Начало боя:] добавляет $block $bl и накладывает на противника $p1 $cold. $t[Раз в $cd сек.:] использует $p2 $heat, чтобы наложить на противника $p3 $cold и добавить герою $p4 $bl.",$t[Início da batalha:] Ganhe $block $bl e inflige $p1 $cold. $t[A cada $cd s:] Gasta $p2 $heat para infligir $p3 $cold e ganhar $p4 $bl.,$t[Al comienzo de la batalla:] Obtiene $block $bl e inflige $p1 $cold. $t[Cada $cd s:] Usa $p2 $heat para infligir $p3 $cold y obtener $p4 $bl.
<!MissingKey:256:Investment Opportunity>,Investment Opportunity,Investitions​möglichkeiten,投资机会,投資機会,투자 기회,投資機會,Opportunité d'investissement,Выгодная инвестиция,Oportunidade de Investimento,Oportunidad de inversión
<!MissingKey:257:Prismatic Orb>,Prismatic Orb,Schimmerkugel,彩虹球,プリズムオーブ,프리즘 오브,彩虹球,Orbe prismatique,Радужная сфера,Orbe Prismático,Orbe prismático
<!MissingKey:258:Frozen Buckler>,Frozen Buckler,Gefrorener Schild,冰霜盾牌,凍てつく盾,얼어붙은 버클러,冰霜盾牌,Bouclier de gel,Замороженный щит,Broquel Congelado,Escudo congelado
<!MissingKey:259:Badger Rune>,Badger Rune,Dachsrune,獾符文,アナグマのルーン,오소리의 룬,獾符文,Rune de mouffette,Руна барсука,Runa de Texugo,Runa de tejón
<!MissingKey:260:Time Dilator>,Time Dilator,Zeitverzwirbler,时间扩大器,時間膨張時計,시간 팽창기,時間擴大器,Dilatateur temporel,Расширитель времени,Dilatador Temporal,Motor temporal
<!MissingKey:261:$h[Pyromancer] items are offered in the shop. $t[Shop entered:] $shopchance% chance to spend \~$h[1] $gold and generate a $h[Flame]. $t[Start of battle:] Gain $p1 $heat.>,$h[Pyromancer] items are offered in the shop. $t[Shop entered:] $shopchance% chance to spend \~$h[1] $gold and generate a $h[Flame]. $t[Start of battle:] Gain $p1 $heat.,"$h[Pyromanen]-Gegenstände werden im Laden angeboten. $t[Laden betreten:] $shopchance% Chance, $h[1] $gold zu nutzen, um eine $h[Flamme] zu erzeugen. $t[Bei Kampfbeginn:] Erhalte $p1 $heat.",可获得$h[火焰魔导士]物品。$t[进入商店时：]有$shopchance%的几率花费$h[1]枚$gold来生成一团$h[火焰]。$t[战斗开始时：]获得$p1层$heat。,$h[パイロマンサー]固有アイテムがショップで売られるようになる $t[ショップ入店時：]$shopchance%の確率で$h[1] $gold を消費して、$h[フレイム]1個を生成する $t[バトル開始時：]$p1 $heat を獲得する,$h[파이로맨서] 아이템이 상점에 등장합니다. $t[상점 진입 시:] $shopchance%의 확률로 $gold를 $h[1] 소모해 $h[불꽃]을 생성합니다. $t[전투 시작 시:] $heat를 $p1 획득합니다.,可獲得$h[火焰魔導士]物品。 $t[進入商店時：]有$shopchance%的幾率花費$h[1]枚$gold來生成一團$h[火焰]。 $t[戰鬥開始時：]獲得$p1層$heat。,Les objets de $h[Pyromancien] sont disponibles dans la boutique. $t[En entrant dans la boutique :] $shopchance % de chance de dépenser $h[1] $gold et de générer une $h[Flamme]. $t[Au début du combat :] gagnez $p1 $heat.,Предметы $h[пироманта] будут продаваться в магазине. $t[Переход в магазин:] шанс $shopchance% потратить $h[1] $gold и создать $h[пламя]. $t[Начало боя:] добавляет $p1 $heat.,Itens da $h[Piromante] são disponibilizados na loja. $t[Ao entrar na loja:] $shopchance% de chance de gastar $h[1] $gold e gerar uma $h[Chama]. $t[Início da batalha:] Ganhe $p1 $heat.,Los objetos de $h[Piromante] se venden en la tienda. $t[Al entrar en la tienda:] $shopchance % de probabilidad de gastar $h[1] $gold y crear una $h[Llama]. $t[Al comienzo de la batalla:] Obtiene $p1 $heat.
<!MissingKey:262:Triggers $p3% faster during $h[Battle Rage] ($bag).>,Triggers $p3% faster during $h[Battle Rage] ($bag).,Aktiviert $p3% schneller während $h[Kampfrausch] ($bag).,在$h[狂战士之怒]期间触发快$p3%（$bag）。,$h[バーサク]中、使用速度が$p3%上がる（$bag）,$h[전투 격노] 동안 $p3% 빠르게 발동합니다 ($bag).,在$h[戰鬥狂怒]期間觸發速度加快$p3%（$bag）。,Se déclenche $p3 % plus vite pendant la $h[Rage de combat] ($bag).,"Когда герой под эффектом $h[ярость], срабатывает на $p3% чаще ($bag).",Ativa-se $p3% mais rápido durante $h[Fúria de Combate] ($bag).,Se activa un $p3 % más rápido durante la $h[Rabia de batalla] ($bag).
<!MissingKey:263:$t[Every $cds:] Remove $h[1] buff of each type from your opponent. >,"$t[Every $cds:] Remove $h[1] buff of each type from your opponent. 

 Triggers $p1% faster for each \~$affected $dark-item. ","$t[Alle $cds:] Entferne $h[1] Buff jeder Art von deinem Gegner. 

 Aktiviert $p1% schneller pro \~$affected $dark-Gegenstand.","$t[每$cds：]移除对手每种增益效果$h[1]层。

每有一个$affected的$dark物品，贴贴女士效果触发快 $p1%。","$t[$cd秒毎：]相手のバフを全種類$h[1]ずつ除去する 

 $affectedにある $dark アイテム1個につき使用速度が$p1%上がる","$t[$cd초마다:] 상대의 모든 버프를 $h[1]씩 제거합니다.

$affected에 위치한 $dark 아이템마다 $p1% 빠르게 발동합니다.","$t[每$cd秒：]移除對手每種增益效果$h[1]層。

每有一個$affected的$dark物品，貼貼女士效果觸發快 $p1%。","$t[Toutes les $cd s :] retirez $h[1] bonus de chaque type à votre adversaire. 

 Se déclenche $p1 % plus vite pour chaque objet $dark $affected.","$t[Раз в $cd сек.:] снимает с противника $h[1] усиление каждого типа. 

 Срабатывает на $p1% чаще за каждый $affected $dark предмет.","$t[A cada $cd s:] Remove $h[1] buff de cada tipo do oponente. 

 Ativa $p1% mais rápido por cada item-$dark $affected.","$t[Cada $cd s:] Elimina $h[1] ventaja de cada tipo del rival. 

 Se activa un $p1 % más rápido por cada objeto $dark $affected."
<!MissingKey:264:Full Body Protection>,Full Body Protection,Vollpanzerung,全身防护,全身防備,전신 보호,全身防護,Protection intégrale du corps,Полная защита,Proteção Corporal Completa,Protección corporal total
<!MissingKey:265:Attack effects of the $affected $h[Weapons] have a $chance% chance to repeat. $t[Every $cds:] Gain $p_buffs of the buff you have least of.>,Attack effects of the $affected $h[Weapons] have a $chance% chance to repeat. $t[Every $cds:] Gain $p_buffs of the buff you have least of.,"$chance% Chance, Angriffseffekte von \~$affected $h[Waffen] zu wiederholen. $t[Alle $cds:] Erhalte $p_buffs des Buffs, von dem du am wenigsten hast.",$affected的$h[武器]的攻击效果有$chance%的几率再次触发。$t[每$cds：]获得$p_buffs层你现有层数最少的增益效果。,$affectedにある$h[武器]の攻撃時効果が$chance%の確率で再発動する $t[$cd秒毎：]最も少ないバフを$p_buffs獲得する,$affected에 위치한 $h[무기]의 공격 효과가 $chance%의 확률로 반복됩니다. $t[$cd초마다:] 보유한 버프 중 가장 적은 버프를 $p_buffs 획득합니다.,$affected的$h[武器]的攻擊效果有$chance%的幾率再次觸發。$t[每$cds：]獲得$p_buffs層你現有層數最少的增益效果。,Les effets d'attaque des $h[Armes] $affected ont $chance % de chance de se répéter. $t[Toutes les $cd s :] gagnez $p_buffs du bonus que vous avez le moins.,"Атаки $affected $h[оружия] получают шанс $chance% повторной активации. $t[Раз в $cd сек.:] добавляет +$p_buffs к усилению, которого у героя меньше всего.",Os efeitos de ataque das $h[Armas] $affected têm $chance% de chance de se repetir. $t[A cada $cd s:] Ganha $p_buffs do buff que você tem em menor quantidade.,Los efectos de ataque de las $affected $h[armas] tienen un $chance % de probabilidad de repetirse. $t[Cada $cd s:] Obtiene $p_buffs de la ventaja que tengas menos.
<!MissingKey:266:Axe>,Axe,Axt,战斧,オノ,도끼,戰斧,Hache,Топор,Machado,Hacha
<!MissingKey:267:Rainbow Badge>,Rainbow Badge,Regenbogenabzeichen,彩虹徽章,レインボーバッジ,무지개 배지,彩虹徽章,Insigne arc-en-ciel,Значок радуги,Broche de Arco-íris,Medalla arcoíris
<!MissingKey:268:Sun Shield>,Sun Shield,Sonnenschild,日耀盾牌,太陽の盾,태양의 방패,日耀盾牌,Bouclier de soleil,Солнечный щит,Escudo Solar,Escudo solar
<!MissingKey:269:Shelly>,Shelly,Gerdi,小蜗,シェリー,깍지,小蝸,Carapacie,Шэлли,Shelly,Caparacín
<!MissingKey:270:Cheese>,Cheese,Käse,奶酪,チーズ,치즈,乳酪,Fromage,Сыр,Queijo,Queso
<!MissingKey:271:Add $h[8] backpack slots. >,"Add $h[8] backpack slots. 

 $h[Weapons] inside deal +$p_dambonus% damage but $red[attack $p_speedreduction% slower]. $t[After $cds:] Enter $rage[Battle Rage] for $p3s. $t[During $rage[Battle Rage]:] +$p_lifesteal% lifesteal.","Fügt $h[8] Rucksackplätze hinzu. 

 $h[Waffen] darin verursachen +$p_dambonus% Schaden, aber $red[greifen $p_speedreduction% langsamer an]. $t[Nach $cds:] Verfalle in $rage[Kampfrausch] für $p3s. $t[Während $rage[Kampfrausch]:] +$p_lifesteal% Lebensraub.","增加$h[8]背包槽位。

袋内$h[武器]造成的伤害+$p_dambonus%，但$red[攻击速度变慢$p_speedreduction%]。$t[$cds后：]进入$rage[狂战士之怒]状态$p3s。$t[$rage[狂战士之怒]期间：]+$p_lifesteal%吸血。","バックパックのスロットを$h[8]追加する 

中にある$h[武器]の与ダメージ +$p_dambonus%、$red[使用速度が$p_speedreduction%下がる] $t[$cd秒後：]$p3秒間$rage[バーサク]状態に突入する $t[$rage[バーサク]中：]体力吸収率 +$p_lifesteal%","배낭 슬롯을 $h[8]개 추가합니다.

내부에 위치한 $h[무기]의 피해량이 $p_dambonus% 증가하지만, $red[$p_speedreduction% 느리게 공격합니다]. $t[$cd초 후:] $p3초 동안 $rage[전투 격노] 상태에 돌입합니다. $t[$rage[전투 격노] 동안:] 생명력 흡수가 $p_lifesteal% 증가합니다.","增加$h[8]背包槽位。

袋內$h[武器]造成的傷害+$p_dambonus%，但$red[攻擊速度變慢$p_speedreduction%]。$t[$cds後：]進入$rage[狂戰士之怒]狀態$p3s。$t[$rage[狂戰士之怒]期間：]+$p_lifesteal%吸血。","Ajoutez $h[8] emplacements de sac à dos. 

 Les $h[Armes] à l'intérieur infligent +$p_dambonus % de dégâts mais $red[attaquent $p_speedreduction % moins vite]. $t[Après $cd s :] entrez en mode $rage[Rage de combat] pendant $p3 s. $t[En mode $rage[Rage de combat] :] +$p_lifesteal % de vol de vie.","Добавляет $h[8] слотов к рюкзаку. 

 $h[Оружие] внутри наносит +$p_dambonus% урона, но $red[атакует на $p_speedreduction% медленнее]. $t[Через $cd сек.:] активирует эффект $rage[ярость] на $p3 сек. $t[Во время $rage[ярости]]: кража жизни +$p_lifesteal%.","Adiciona $h[8] espaços à mochila. 

 $h[Armas] dentro causam +$p_dambonus% de dano, mas $red[atacam $p_speedreduction% mais devagar]. $t[Após $cd s:] Induz $rage[Fúria de Combate] por $p3 s. $t[Durante $rage[Fúria de Combate]:] +$p_lifesteal% de roubo de vida.","Añade $h[8] espacios a la mochila. 

 Las $h[Armas] dentro infligen un $p_dambonus % más de daño pero $red[ataca un $p_speedreduction % más lentamente]. $t[Tras $cd s:] Entra en $rage[Rabia de batalla] durante $p3 s. $t[Durante la $rage[Rabia de batalla]:] Drenaje vital +$p_lifesteal %."
<!MissingKey:272:Armored Courage Puppy>,Armored Courage Puppy,Panzerwelpe des Mutes,护甲勇敢狼崽,武装した勇敢な子狼,무장한 용감한 멍멍이,護甲勇敢狼崽,Louveteau de courage blindé,Бронированный отважный щенок,Filhote da Bravura de Armadura,Cachorro del valor acorazado
<!MissingKey:273:Superspacious>,Superspacious,Beutelschema,超大容量,大容量,널찍한 공간,超大容量,Superspacieux,Супер-пространство,Superespaçoso,Superespacioso
<!MissingKey:274:Amplifies healing by $p_ampbonus% ($bag).>,Amplifies healing by $p_ampbonus% ($bag).,Erhöht die Effektivität von Heileffekten um $p_ampbonus% ($bag).,恢复效果增强$p_ampbonus%（$bag）。,回復量 +$p_ampbonus%（$bag）,회복량이 $p_ampbonus% 증가합니다 ($bag).,恢復效果增強$p_ampbonus%（$bag）。,Augmente la guérison de $p_ampbonus % ($bag).,Эффекты исцеления повышаются на $p_ampbonus% ($bag).,Aumenta a cura em $p_ampbonus% ($bag).,Aumenta la curación en un $p_ampbonus % ($bag).
<!MissingKey:275:Sir Sand>,Sir Sand,Mr. Sand,沙包先生,サンドバッグ卿,샌드 경,沙包先生,Messire Sable,Мистер Песчаный мешок,Senhor Areia,Sr. Sacoarenoso
<!MissingKey:276:$t[Every $cds:] Deal $dam $effect-damage + $p2 for each $spikes. $t[Health drops below $p3%:] Gain $p4 $spikes and $block $bl (once). >,"$t[Every $cds:] Deal $dam $effect-damage + $p2 for each $spikes. $t[Health drops below $p3%:] Gain $p4 $spikes and $block $bl (once). 

 Triggers $p1% faster for each $affected $h[Pet] or $h[Food].","$t[Alle $cds:] Verursache $dam $effect-Schaden + $p2 pro $spikes. $t[Leben fällt unter $p3%:] Erhalte $p4 $spikes und $block $bl (einmalig). 

 Aktiviert $p1% schneller pro \~$affected $h[Gefährte] und $h[Essen].","$t[每$cds：]造成$dam点$effect伤害（每层$spikes增加$p2点伤害）。 $t[当生命值低于$p3%时：]获得$p4层$spikes和$block点$bl（单次触发）。

每有一个$affected的$h[宠物]或$h[食物]，效果触发速度快$p1%。","$t[$cd秒毎：]$dam $effect ダメージを与える（$spikes 1スタックにつき +$p2ダメージ） $t[体力が$p3%未満に低下時：]$p4 $spikes と$block $bl を獲得する（1回のみ） 

 $affectedにある$h[ペット]または$h[食べ物] 1つにつき使用速度が$p1%上がる","$t[$cd초마다:] $effect 피해를 $dam 가합니다 (보유한 $spikes마다 $p2씩 증가). $t[체력이 $p3% 아래로 떨어질 시:] $spikes를 $p4, $bl를 $block 획득합니다 (한 번).

$affected에 위치한 $h[펫]과 $h[음식]마다 $p1% 빠르게 발동합니다.","$t[每$cd秒：]造成$dam點$effect傷害（每層$spikes增加$p2點傷害）。 $t[當生命值低於$p3%時：]獲得$p4層$spikes和$block點$bl（單次觸發）。

每有一個$affected的$h[寵物]或$h[食物]，效果觸發速度快$p1%。","$t[Toutes les $cd s :] infligez $dam de dégâts $effect + $p2 pour chaque $spikes. $t[PV inférieurs à $p3 % :] gagnez $p4 $spikes et $block $bl (une fois). 

 Se déclenche $p1 % plus vite pour chaque $h[Nourriture] ou $h[Familier] $affected.","$t[Раз в $cd сек.:] наносит $dam ед. $effect-урона + $p2 за каждый эффект $spikes. $t[При здоровье ниже $p3%:] добавляет $p4 $spikes и $block $bl (один раз за бой). 

 Срабатывает на $p1% чаще за каждый $affected предмет типа $h[питомец] или $h[еда].","$t[A cada $cd s:] Causa $dam de dano de $effect + $p2 por $spikes. $t[Vida cai abaixo de $p3%:] Ganha $p4 $spikes e $block $bl (uma vez). 

 Ativa $p1% mais rápido por cada $h[Animal] ou $h[Alimento] $affected.","$t[Cada $cd s:] Inflige $dam de daño de $effect + $p2 por cada $spikes. $t[PS por debajo del $p3 %:] Obtiene $p4 $spikes y $block $bl (una vez). 

 Se activa un $p1 % más rápido por cada $affected $h[Mascota] o $h[Comida]."
<!MissingKey:277:Molten Dagger>,Molten Dagger,Glutdolch,炽热匕首,ヒートダガー,작열의 단검,熾熱匕首,Dague en fusion,Раскаленный кинжал,Adaga Incandescente,Daga incandescente
"<!MissingKey:278:$t[Shop entered:] If you have at least $p_num $h[Mushrooms], generate a $h[Fly Agaric]. $t[Start of battle:] $affected $h[Mushrooms] trigger $p_speed% faster.>","$t[Shop entered:] If you have at least $p_num $h[Mushrooms], generate a $h[Fly Agaric]. $t[Start of battle:] $affected $h[Mushrooms] trigger $p_speed% faster.","$t[Laden betreten:] Wenn du mindestens $p_num $h[Pilze] hast, erzeuge einen $h[Fliegenpilz]. $t[Bei Kampfbeginn:] $affected $h[Pilze] aktivieren $p_speed% schneller.",$t[进入商店时：]如果你至少有$p_num个$h[蘑菇]，则会生成一个$h[致幻蘑菇]。$t[战斗开始时：]$affected的$h[蘑菇]触发速度快$p_speed%。,$t[ショップ入店時：]$h[キノコ]を$p_num個以上持っている場合、$h[ベニテングダケ]1個を生成する $t[バトル開始時：]$affectedにある$h[キノコ]の使用速度が$p_speed%上がる,"$t[상점 진입 시:] $h[버섯]을 $p_num개 이상 보유 시, $h[광대버섯]을 생성합니다. $t[전투 시작 시:] $affected에 위치한 $h[버섯]이 $p_speed% 빠르게 발동합니다.",$t[進入商店時：]如果你至少有$p_num個$h[蘑菇]，則會生成一個$h[致幻蘑菇]。$t[戰鬥開始時：]$affected的$h[蘑菇]觸發速度快$p_speed%。,"$t[En entrant dans la boutique :] si vous avez au moins $p_num $h[Champignons], générez une $h[Amanite tue-mouches]. $t[Au début du combat :] les $h[Champignons] $affected se déclenchent $p_speed % plus vite.","$t[Переход в магазин:] если у героя не менее $p_num $h[грибов], создает $h[мухомор]. $t[Начало боя:] $affected $h[грибы] активируются на $p_speed% чаще.","$t[Ao entrar na loja:] Se você tiver pelo menos $p_num $h[Cogumelos], gera um $h[Agárico Voador]. $t[Início da batalha:] $affected $h[Cogumelos] ativam $p_speed% mais rápido.","$t[Al entrar en la tienda:] Si tienes al menos $p_num $h[champiñones], se genera una $h[Amanita muscaria]. $t[Al comienzo de la batalla:] Los $affected $h[champiñones] se activan un $p_speed % más rápido."
<!MissingKey:279:Shiny Shell>,Shiny Shell,Strahlende Muschel,闪光蜗牛壳,輝く殻,빛나는 조개,閃光蝸牛殼,Coquillage brillant,Блестящая ракушка,Concha Reluzente,Caparazón reluciente
<!MissingKey:280:King Crown>,King Crown,Königskrone,国王王冠,王の冠,왕의 왕관,國王王冠,Couronne de roi,Королевская корона,Coroa Real,Corona de rey
<!MissingKey:281:Can only be thrown once per battle. $t[On hit:] Inflict $fatigue[Fatigue] damage. >,"Can only be thrown once per battle. $t[On hit:] Inflict $fatigue[Fatigue] damage. 

 $affected items have +$chance% critical hit chance per $fatigue[Fatigue] level of your opponent.","Kann nur einmal pro Kampf geworfen werden. $t[Bei Treffer:] Verursache $fatigue[Erschöpfungsschaden]. 

 $affected $h[Gegenstände] haben +$chance% kritische Trefferchance pro $fatigue[Erschöpfungslevel] deines Gegners.","每场战斗只能投掷一次。$t[击中对手：]造成$fatigue[疲惫]伤害。

对手每有一级$fatigue[疲惫]效果，$affected的$h[物品] +$chance%暴击几率。","1回のバトルで1度だけ投げられる $t[ヒット時：]$fatigue[疲労]ダメージを与える 

相手の$fatigue[疲労]レベル1につき、$affectedにある$h[アイテム]のクリティカル率 +$chance%","전투당 한 번만 던질 수 있습니다. $t[적중 시:] $fatigue[피로] 피해를 부여합니다.

$affected에 위치한 $h[아이템]이 상대에게 부여된 $fatigue[피로] 레벨마다 추가로 $chance%의 치명타 확률을 획득합니다.","每場戰鬥只能投擲一次。$t[擊中對手：]造成$fatigue[疲憊]傷害。

對手每有一級$fatigue[疲憊]效果，$affected的$h[物品] +$chance%暴擊幾率。","Ne peut se lancer qu'une seule fois par combat. $t[Par coup :] infligez $fatigue de dégâts de [Fatigue]. 

 Les $h[objets] $affected ont +$chance % de chances de coup critique par niveau de $fatigue[Fatigue] de votre adversaire.","Можно бросить только один раз за бой. $t[При попадании:] наносит урон от $fatigue[истощения]. 

 За каждый уровень эффекта $fatigue[истощение] на противнике, шанс критического урона $affected $h[предметов] +$chance%.","Pode ser jogada apenas uma vez por batalha. $t[Ao acertar:] Inflige dano de $fatigue[Cansaço]. 

 Os $h[itens] $affected têm +$chance% de chance de acerto crítico por nível de $fatigue[Cansaço] do oponente.","Se puede lanzar una vez por batalla. $t[Al golpear:] Inflige daño por $fatigue[Fatiga]. 

 Los $affected $h[objetos] tienen un $chance % más de probabilidad de golpe crítico por cada nivel de $fatigue[Fatiga] del rival."
<!MissingKey:282:Stable Recombobulator>,Stable Recombobulator,Stabiler Rekombinator,稳定重组器,安定した再構築器,안정적인 재결합기,穩定重組器,Recombobulateur stable,Стабильный рекомбинатор,Recombinador Estável,Recombobulador estable
<!MissingKey:283:$t[On buy:] Gain a random effect.>,$t[On buy:] Gain a random effect.,$t[Bei Kauf:] Erhalte einen zufälligen Effekt.,$t[购买此物品时：]获得一个随机效果。,$t[購入時：]ランダムな効果を獲得する,$t[구매 시:] 무작위 효과를 획득합니다.,$t[購買此物品時：]獲得一個隨機效果。,$t[À l'achat :] gagnez un effet aléatoire.,$t[При покупке:] добавляет случайный эффект.,$t[Ao comprar:] Ganhe um efeito aleatório.,$t[Al comprarlo:] Obtiene un efecto al azar.
"<!MissingKey:284:$chance% chance to resist $cold. $t[$rage[Battle Rage] entered:] Cleanse \~$p1 debuffs, gain $p2 $empower and $block $bl.>","$chance% chance to resist $cold. $t[$rage[Battle Rage] entered:] Cleanse \~$p1 debuffs, gain $p2 $empower and $block $bl.","$chance% Chance $cold zu widerstehen. $t[$rage[Kampfrausch] beginnt:] Entferne $p1 Debuffs, erhalte $p2 $empower und $block $bl.",有$chance%的几率抵抗$cold。$t[进入$rage[狂战士之怒]时：]净化$p1层减益效果，获得$p2层$empower和$block点$bl。,$chance%の確率で $cold を無効化する $t[$rage[バーサク]突入時：]$p1デバフを解除し、$p2 $empower と$block $bl を獲得する,"$chance%의 확률로 $cold에 저항합니다. $t[$rage[전투 격노]에 돌입했다면:] 디버프를 $p1개 정화하고, $empower를 $p2, $bl를 $block 획득합니다.",有$chance%的幾率抵抗$cold。$t[進入$rage[狂戰士之怒]時：]淨化$p1層減益效果，獲得$p2層$empower和$block點$bl。,"$chance % de chance de résister au $cold. $t[En mode $rage[Rage de combat] :] purgez $p1 malus, gagnez $p2 $empower et $block $bl.","Шанс $chance% игнорировать $cold. $t[При активации эффекта $rage[ярость]:] снимает до $p1 негативных эффектов, добавляет $p2 $empower и $block $bl.",$chance% de chance de resistir a $cold. $t[Ao entrar em $rage[Fúria de Combate]:] Purifica $p1 debuffs e ganha $p2 $empower e $block $bl.,"$chance % de probabilidad de resistir $cold. $t[Al entrar en $rage[Rabia de batalla]:] Elimina $p1 desventajas, obtiene $p2 $empower y $block $bl."
<!MissingKey:285:$t[On hit:] Use $p_spikes $spikes to gain $p_heat $heat and deal +$p_bonusdam damage.>,$t[On hit:] Use $p_spikes $spikes to gain $p_heat $heat and deal +$p_bonusdam damage.,"$t[Bei Treffer:] Nutze $p_spikes $spikes, um $p_heat $heat zu erhalten und +$p_bonusdam Schaden zu verursachen.",$t[击中对手时：]消耗$p_spikes层$spikes来获得$p_heat层$heat并造成+$p_bonusdam点伤害。,$t[ヒット時：]$p_spikes $spikes を消費して、与ダメージ +$p_bonusdam、$p_heat $heat を獲得する,"$t[적중 시:] $spikes를 $p_spikes 사용해, $heat를 $p_heat 획득하고 피해량이 $p_bonusdam 증가합니다.",$t[命中對手時：]消耗$p_spikes層$spikes來獲得$p_heat層$heat並造成+$p_bonusdam點傷害。,$t[Par coup :] utilisez $p_spikes $spikes pour gagner $p_heat $heat et infliger +$p_bonusdam de dégâts.,"$t[При попадании:] использует $p_spikes $spikes, чтобы добавить $p_heat $heat и нанести на $p_bonusdam ед. больше урона.",$t[Ao acertar:] Gasta $p_spikes $spikes para ganhar $p_heat $heat e causar +$p_bonusdam de dano.,$t[Al golpear:] Usa $p_spikes $spikes para obtener $p_heat $heat e infligir $p_bonusdam más de daño.
<!MissingKey:286:Rat Chef>,Rat Chef,Rattenkoch,鼠大厨,ネズミ・シェフ,쥐 셰프,鼠大廚,Chef rat,Хвостатый повар,Rato Chef,Rata cocinera
<!MissingKey:287:Draconic Orb>,Draconic Orb,Drachenkugel,龙铭珠,ドラゴンオーブ,용의 보주,龍銘珠,Orbe draconique,Драконическая сфера,Orbe Dracônico,Orbe draconiano
<!MissingKey:288:$t[$mana used or health drops below $p1%:] Consume this and gain $p2 $mana and \~$p3 maximum health.>,$t[$mana used or health drops below $p1%:] Consume this and gain $p2 $mana and \~$p3 maximum health.,$t[$mana verbraucht oder Leben fällt unter $p1%:] Trinke aus und erhalte $p2 $mana und $p3 Maximalleben.,$t[消耗$mana或当生命值低于$p1%时：]消耗此魔药并获得$p2点$mana和$p3点最大生命值。,$t[$mana 消費時または体力が$p1%未満に低下時：]このアイテムを消費して、$p2 $mana を獲得し、体力最大値が$p3増える ,"$t[$mana 사용 시, 혹은 체력이 $p1% 아래로 떨어질 시:] 포션을 소모해 $mana를 $p2, 최대 체력을 $p3 획득합니다.",$t[消耗$mana或當生命值低於$p1%時：]消耗此魔藥並獲得$p2點$mana和$p3點最大生命值。,$t[$mana utilisé ou PV inférieurs à $p1 % :] consommez ceci et gagnez $p2 $mana et $p3 des PV max.,"$t[Если $mana закончилась или здоровье опустилось ниже $p1%:] расходуется, чтобы добавить $p2 $mana и $p3 ед. максимального здоровья.",$t[$mana gasta ou vida abaixo de $p1%:] Consuma isto e ganhe $p2 $mana e $p3 de vida máxima.,$t[$mana o PS por debajo del $p1 %:] Consume esto y gana $p2 $mana y $p3 PS máx.
<!MissingKey:289:Spicy Banana>,Spicy Banana,Scharfe Banane,火辣香蕉,スパイシーバナナ,매콤 바나나,火辣香蕉,Banane épicée,Острый банан,Banana Apimentada,Plátano picante
<!MissingKey:290:$t[Start of battle:] $affected $h[Weapons] deal \~+$p_dambonus% damage but $red[attack $p_speedreduction% slower]. $t[$affected $h[Weapon] hits:] Gain $block $bl.>,$t[Start of battle:] $affected $h[Weapons] deal \~+$p_dambonus% damage but $red[attack $p_speedreduction% slower]. $t[$affected $h[Weapon] hits:] Gain $block $bl.,"$t[Kampfbeginn:] $affected $h[Waffen] verursachen +$p_dambonus% Schaden, aber $red[greifen $p_speedreduction% langsamer an]. $t[$affected $h[Waffe] trifft:] Erhalte $block $bl.",$t[战斗开始时：]$affected的$h[武器]造成的伤害+$p_dambonus%，但$red[攻击减慢$p_speedreduction%]。$t[$affected的$h[武器]击中对手时：]获得$block点$bl。,$t[バトル開始時：]$affectedにある$h[武器]の与ダメージ +$p_dambonus%、$red[使用速度が$p_speedreduction%下がる] $t[$affectedにある$h[武器]の攻撃ヒット時：]$block $bl を獲得する,"$t[전투 시작 시:] $affected에 위치한 $h[무기]의 피해량이 $p_dambonus% 증가하지만, $red[$p_speedreduction% 느리게 공격합니다]. $t[$affected에 위치한 $h[무기] 적중 시:] $bl를 $block 획득합니다.",$t[戰鬥開始時：]$affected的$h[武器]造成的傷害+$p_dambonus%，但$red[攻擊減慢$p_speedreduction%]。$t[$affected的$h[武器]擊中對手時：]獲得$block點$bl。,$t[Au début du combat :] les $h[Armes] $affected infligent +$p_dambonus % de dégâts mais $red[attaquent $p_speedreduction % moins vite]. $t[Par coup de l'$h[Arme] $affected :] gagnez $block $bl.,"$t[Начало боя:] $affected $h[оружие] наносит +$p_dambonus% урона, но $red[атакует на $p_speedreduction% медленнее]. $t[При попадании $affected $h[оружием]:] добавляет $block $bl.","$t[Início da batalha:] $h[Armas] $affected causam +$p_dambonus% de dano, mas $red[atacam $p_speedreduction% mais devagar]. $t[Acertos de $h[Arma] $affected:] Ganha $block $bl.",$t[Al comienzo de la batalla:] Las $h[Armas] $affected infligen un $p_dambonus % más de daño pero $red[el ataque es un $p_speedreduction % más lento]. $t[Al golpear con un $h[Arma] $affected:] Obtiene $block $bl.
<!MissingKey:291:Repeater>,Repeater,Relaisverstärker,重复触发器,反復機,반복기,重複觸發器,Répéteur,Повторитель,Repetidor,Repetidor
"<!MissingKey:292:$t[On attack:] Use $p_mana $mana to gain $p_empower $empower, and during $rage[Battle Rage] also gain $p_spikes $spikes.>","$t[On attack:] Use $p_mana $mana to gain $p_empower $empower, and during $rage[Battle Rage] also gain $p_spikes $spikes.","$t[Bei Angriff:] Nutze $p_mana $mana, um $p_empower $empower zu erhalten, während des $rage[Kampfrauschs] erhalte zusätzlich \~$p_spikes $spikes.",$t[攻击时：]消耗$p_mana点$mana来获得$p_empower层$empower，并在$rage[狂战士之怒]获得$p_spikes层$spikes。,$t[攻撃時：]$p_mana $mana を消費して、$p_empower $empower を獲得し、$rage[バーサク]中は$p_spikes $spikes も獲得する,"$t[공격 시:] $mana를 $p_mana 사용해 $empower를 $p_empower 획득하고, $rage[전투 격노] 동안 $spikes를 $p_spikes 획득합니다.",$t[攻擊時：]消耗$p_mana點$mana來獲得$p_empower層$empower，並在$rage[狂戰士之怒]獲得$p_spikes層$spikes。,"$t[Par attaque :] utilisez $p_mana $mana pour gagner $p_empower $empower, et pendant le mode $rage[Rage de combat] gagnez également $p_spikes $spikes.",$t[При атаке:] использует $p_mana $mana и добавляет $p_empower $empower. Во время $rage[ярости] также добавляет $p_spikes $spikes.,"$t[Ao atacar:] Gasta $p_mana $mana para ganhar $p_empower $empower, e durante $rage[Fúria de Combate] ganhe também $p_spikes $spikes.","$t[Al atacar:] Usa $p_mana $mana para obtener $p_empower $empower, y durante la $rage[Rabia de batalla] también obtiene $p_spikes $spikes."
<!MissingKey:293:$t[On hit:] Remove $p1 random buffs from your opponent. During $rage[Battle Rage] additionally heal for $p2. >,"$t[On hit:] Remove $p1 random buffs from your opponent. During $rage[Battle Rage] additionally heal for $p2. 

 Deals +$p3 damage for each buff you removed from your opponent.","$t[Bei Treffer:] Entferne $p1 zufällige Buffs vom Gegner. Während $rage[Kampfrausch] heile um $p2. 

 Verursacht +$p3 Schaden pro Buff, den du vom Gegner entfernt hast. ",每移除对手身上一层增益效果，造成的伤害+$p3。$t[击中对手时：]移除对手$p1层随机增益效果。在$rage[狂战士之怒]期间额外获得$p2生命值恢复。,相手から除去したバフ1スタックにつき与ダメージ +$p3 $t[ヒット時：]相手から$p1バフを除去する。$rage[バーサク]中はさらに体力を$p2回復する,내가 제거한 상대의 버프마다 가하는 피해가 $p3 증가합니다. $t[적중 시:] 상대의 무작위 버프를 $p1개 제거합니다. $rage[전투 격노] 동안 추가로 체력을 $p2 회복합니다.,每移除對手身上一層增益效果，造成的傷害+$p3點。$t[命中對手時：]移除對手$p1層隨機增益效果。在$rage[戰鬥狂怒]期間額外獲得$p2點生命值恢復。,Inflige +$p3 de dégâts pour chaque bonus que vous avez retiré à votre adversaire. $t[Par coup :] retirez $p1 bonus aléatoires à votre adversaire. Pendant le mode $rage[Rage de combat] guérissez également pendant $p2 s.,Наносит +$p3 ед. урона за каждое снятое с противника усиление. $t[При попадании:] снимает до $p1 случайных усилений. Во время $rage[ярости] дополнительно восстанавливает $p2 ед. здоровья.,"Causa +$p3 de dano por cada buff que você tiver removido do oponente. $t[Ao acertar:] Remove $p1 buffs aleatórios do oponente. Durante $rage[Fúria de Combate], restaura $p2 de vida a mais.",Inflige $p3 más de daño por cada ventaja eliminada del rival. $t[Al golpear:] Elimina $p1 ventajas al azar del rival. Durante la $rage[Rabia de batalla] también recupera $p2 PS.
<!MissingKey:294:$t[Every $cds:] Inflict $p_poison $poison and reduce opponent's healing by $p_healreduction%.>,$t[Every $cds:] Inflict $p_poison $poison and reduce opponent's healing by $p_healreduction%.,$t[Alle $cds:] Verursache $p_poison $poison und reduziere gegenerische Heilung um $p_healreduction%.,$t[每$cds：]向对手施加$p_poison层$poison并让对手的生命恢复效果削弱$p_healreduction%。,$t[$cd秒毎：]$p_poison $poison を付与し、相手の回復量 -$p_healreduction%,$t[$cd초마다:] $poison을 $p_poison 부여하고 상대의 회복량이 $p_healreduction% 감소합니다.,$t[每$cd秒：]向對手施加$p_poison層$poison並讓對手的生命恢復效果削弱$p_healreduction%。,$t[Toutes les $cd s :] infligez $p_poison $poison et réduisez la guérison de l'adversaire de $p_healreduction %.,$t[Раз в $cd сек.:] накладывает на противника $p_poison $poison и снижает его эффекты лечения на $p_healreduction%.,$t[A cada $cd s:] Inflige $p_poison $poison e reduz a cura do oponente em $p_healreduction%.,$t[Cada $cd s:] Inflige $p_poison $poison y reduce la curación del rival en un $p_healreduction %.
<!MissingKey:295:$t[On hit:] Gain $p1 $heat. $t[$p2 $heat gained:] This and $affected $h[Weapons] gain $p3 damage.>,$t[On hit:] Gain $p1 $heat. $t[$p2 $heat gained:] This and $affected $h[Weapons] gain $p3 damage.,$t[Bei Treffer:] Erhalte $p1 $heat. $t[$p2 $heat erhalten:] Dieser Gegenstand und $affected $h[Waffen] verursachen +$p3 Schaden.,$t[击中对手时：]获得$p1层$heat。$t[每获得$p2层$heat：]火焰剑和$affected的$h[武器]伤害+$p3。,$t[ヒット時：]$p1 $heat を獲得する $t[$p2 $heat 獲得毎：]この武器と$affectedにある$h[武器]のダメージ値が$p3増える,$t[공격 시:] $heat를 $p1 획득합니다. $t[$heat를 $p2 획득 시:] 이 아이템과 $affected에 위치한 $h[무기]가 가하는 피해가 $p3 증가합니다.,$t[命中對手時：]獲得$p1層$heat。$t[總共獲得的$heat層數達到$p2時：]火焰劍和$affected的$h[武器]傷害+$p3點。,$t[Par coup :] gagnez $p1 $heat. $t[En gagnant $p2 $heat :] lui donne et aux $h[Armes] $affected +$p3 de dégâts.,$t[При попадании:] добавляет $p1 $heat. $t[Если у героя не менее $p2 $heat:] сам меч и $affected $h[оружие] повышают урон на $p3 ед.,$t[Ao acertar:] Ganhe $p1 $heat. $t[$p2 $heat ganhos:] Aumenta o dano desta e das $h[Armas] $affected em $p3.,$t[Al golpear:] Obtiene $p1 $heat. $t[Al ganar $p2 $heat:] Esta y otras $affected $h[Armas] infligen $p3 más de daño.
<!MissingKey:296:$t[$affected item activates:] $chance% chance to gain $p_regen $regen. $t[$affected2 item activates:] $chance2% chance to use \~$p_regent $regen to gain $p_empower $empower.>,$t[$affected item activates:] $chance% chance to gain $p_regen $regen. $t[$affected2 item activates:] $chance2% chance to use \~$p_regent $regen to gain $p_empower $empower.,"$t[$affected Gegestand aktiviert:] $chance% Chance, $p_regen $regen zu erhalten. $t[$affected2 Gegenstand aktiviert:] $chance2% Chance, $p_regent $regen zu nutzen, um $p_empower $empower zu erhalten.",$t[$affected的物品激活时：]将有$chance%的几率获得$p_regen层$regen。$t[$affected2的物品激活时：]将有$chance2%的几率消耗$p_regent层$regen来获得$p_empower层$empower。,$t[$affectedにあるアイテム発動時：]$chance%の確率で$p_regen $regen を獲得する $t[$affected2にあるアイテム発動時：]$chance2%の確率で$p_regent $regen を消費して、$p_empower $empower を獲得する,$t[$affected에 위치한 아이템 발동 시:] $chance%의 확률로 $regen을 $p_regen 획득합니다. $t[$affected2에 위치한 아이템 발동 시:] $chance2%의 확률로 $regen을 $p_regent 사용해 $empower를 $p_empower 획득합니다.,$t[$affected的物品啟動時：]將有$chance%的幾率獲得$p_regen層$regen。$t[$affected2的物品啟動時：]將有$chance2%的幾率消耗$p_regent層$regen來獲得$p_empower層$empower。,$t[En activant un objet $affected :] $chance % de chance de gagner $p_regen $regen. $t[En activant un objet $affected2 :] $chance2 % de chance d'utiliser $p_regent $regen pour gagner $p_empower $empower.,"$t[При срабатывании $affected предмета:] шанс $chance% добавить $p_regen $regen. $t[При срабатывании $affected2 предмета:] шанс $chance2% использовать $p_regent $regen, чтобы получить $p_empower $empower.",$t[Ativação de item $affected:] $chance% de chance de ganhar $p_regen $regen. $t[Ativação de item $affected2:] $chance2% de chance de gastar $p_regent $regen para ganhar $p_empower $empower.,$t[Al activarse un objeto $affected:] $chance % de probabilidad de obtener $p_regen $regen. $t[Al activarse un objeto $affected2:] $chance2 % de probabilidad de usar $p_regent $regen para obtener $p_empower $empower.
"<!MissingKey:297:$t[On hit:] Remove $p_dam damage gained in battle from all opponent $h[Weapons] and gain $p_bonusdam damage. \~If your opponent has at least $p_buffst buffs, remove $p_buffs of the type they have the most of.>","$t[On hit:] Remove $p_dam damage gained in battle from all opponent $h[Weapons] and gain $p_bonusdam damage. \~If your opponent has at least $p_buffst buffs, remove $p_buffs of the type they have the most of.","$t[Bei Treffer:] Entferne $p_dam Extraschaden von allen gegnerischen $h[Waffen] und verursache +$p_bonusdam Schaden. \~Wenn dein Gegner mindestens $p_buffst Buffs hat, entferne $p_buffs Buffs des häufigsten Typen. ",$t[击中对手时：]从对手所有的$h[武器]中，移除$p_dam点在战斗中获得的伤害。并获得$p_bonusdam点伤害。如果对手至少有$p_buffst层增益效果，层数最多的增益效果移除$p_buffs层。,$t[ヒット時：]相手の全$h[武器]から、バトル中に増えたダメージ値$p_damを取り除き、ダメージ値が$p_bonusdam増える。相手のバフが$p_buffst以上の場合、一番多い$p_buffsバフを除去する,"$t[적중 시:] 상대의 모든 $h[무기]가 이번 전투 동안 획득한 추가 피해를 $p_dam 제거하고 가하는 피해가 $p_bonusdam 증가합니다. 상대가 $p_buffst개 이상의 버프를 지닐 시, 가장 많이 보유한 유형의 버프를 $p_buffs 제거합니다.",$t[擊中對手：]從對手所有的$h[武器]中，移除$p_dam點在戰鬥中獲得的傷害。並獲得$p_bonusdam點傷害。如果對手至少有$p_buffst層增益效果，層數最多的增益效果移除$p_buffs層。,"$t[Par coup :] retirez $p_dam de dégâts gagnés au combat à toutes les $h[Armes] et gagnez $p_bonusdam de dégâts. Si votre adversaire a au moins $p_buffst bonus, retirez $p_buffs du type qu'il a le plus.","$t[При попадании:] снимает накопленный в бою $p_dam урон со всего $h[оружия] противника и добавляет герою $p_bonusdam ед. урона. Если у противника не менее $p_buffst усилений, снимает с него $p_buffs усиления, которых больше всего.","$t[Ao acertar:] Remove $p_dam de dano ganho na batalha de todas as $h[Armas] do oponente e ganha $p_bonusdam de dano. Se seu oponente tiver pelo menos $p_buffst buffs, remove $p_buffs do tipo que eles têm em maior quantidade.","$t[Al golpear:] Elimina $p_dam de daño obtenido en batalla de las $h[Armas] de los rivales y obtiene $p_bonusdam de daño. Si tu rival tiene al menos $p_buffst ventajas, elimina $p_buffs del tipo que más tenga."
<!MissingKey:298:$t[Start of battle:] Gain $p1 $mana. >,"$t[Start of battle:] Gain $p1 $mana. 

 Hatches after $p2 rounds in your backpack.","$t[Kampfbeginn:] Erhalte $p1 $mana. 

 Schlüpft nach $p2 Runden im Rucksack.","$t[战斗开始时：]获得$p1点$mana。

在你的背包中$p2回合后孵化。","$t[バトル開始時：]$p1 $mana を獲得する 

 バックパックに入れておくと$p2ラウンド後にふ化する","$t[전투 시작 시:] $mana를 $p1 획득합니다.

배낭 안에서 $p2 라운드 경과 시 부화합니다.","$t[戰鬥開始時：]獲得$p1點$mana。

在你的背包中$p2回合後孵化。","$t[Au début du combat :] gagnez $p1 $mana. 

 Éclot après $p2 tours dans votre sac à dos.","$t[Начало боя:] добавляет $p1 $mana. 

 Вылупляется после $p2 раундов в рюкзаке.","$t[Início da batalha:] Ganha $p1 $mana. 

 Choca-se após $p2 rodadas na sua mochila.","$t[Al comienzo de la batalla:] Obtiene $p1 $mana. 

 Eclosiona tras $p2 rondas en la mochila."
<!MissingKey:299:Amulet of Energy>,Amulet of Energy,Energieamulett,能量护符,活力のアミュレット,활력의 아뮬렛,能量護符,Amulette d'énergie,Амулет энергии,Amuleto da Energia,Amuleto de energía
<!MissingKey:300:Oil Lamp>,Oil Lamp,Öllampe,油灯,オイルランプ,오일 램프,油燈,Lampe à huile,Масляная лампа,Lamparina,Lámpara de aceite
<!MissingKey:301:$t[On buy:] Split into $h[2] $h[Snowballs].>,$t[On buy:] Split into $h[2] $h[Snowballs].,$t[Bei Kauf:] Zerfällt in $h[2] $h[Schneebälle].,$t[购买此物品时：]分裂成$h[2]个$h[雪球]。,$t[購入時：]$h[2]個の$h[雪玉]に分かれる,$t[구매 시:] $h[2]개의 $h[눈덩이]로 나눠집니다.,$t[購買此物品時：]分裂成$h[2]個$h[雪球]。,$t[À l'achat :] se divise en $h[2] $h[Boules de neige].,$t[При покупке:] распадается на $h[2] $h[Снежка].,$t[Ao comprar:] Se divide em $h[2] $h[Bolas de Neve].,$t[Al comprarlo:] Se divide en $h[2] $h[Bolas de nieve].
"<!MissingKey:302:$t[Every $cds:] Inflict $p_cold $cold. \~If your opponent has at least $p_coldt $cold, increase $effect-damage by $p_damfactor% and deal $dam $effect-damage.>","$t[Every $cds:] Inflict $p_cold $cold. \~If your opponent has at least $p_coldt $cold, increase $effect-damage by $p_damfactor% and deal $dam $effect-damage.","$t[Alle $cds:] Verursache $p_cold $cold. \~Wenn dein Gegner mindestens $p_coldt $cold hat, erhöhe $effect-Schaden um $p_damfactor% und verursache $dam $effect-Schaden.",$t[每$cds：]向对手施加$p_cold层$cold。如果对手至少有$p_coldt层$cold，增加$p_damfactor% $effect伤害并造成$dam点$effect伤害。,$t[$cd秒毎：]$p_cold $cold を付与する。相手が$p_coldt $cold 以上ある場合、$effect ダメージ +$p_damfactor%、$dam $effect ダメージを与える,"$t[$cd초마다:] $cold를 $p_cold 부여합니다. 상대가 $p_coldt 이상의 $cold를 보유할 경우, $effect 피해가 $p_damfactor% 증가하고 $effect 피해를 $dam 가합니다.",$t[每$cds：]向對手施加$p_cold層$cold。如果對手至少有$p_coldt層$cold，增加$p_damfactor% $effect傷害並造成$dam點$effect傷害。,"$t[Toutes les $cd s :] infligez $p_cold $cold. Si votre adversaire a au moins $p_coldt $cold, augmentez les dégâts $effect à hauteur de $p_damfactor % et infligez $dam de dégâts $effect.","$t[Раз в $cd сек.:] накладывает на противника $p_cold $cold. Когда противник накапливает $p_coldt $cold, повышает 
$effect-урон на $p_damfactor% и наносит $dam $effect-урон.","$t[A cada $cd s:] Inflige $p_cold $cold. Se o seu oponente tiver pelo menos $p_coldt $cold, aumenta o dano de $effect em $p_damfactor% e causa $dam de dano de $effect.","$t[Cada $cd s:] Inflige $p_cold $cold. Si tu rival tiene al menos $p_coldt $cold, aumenta el daño $effect un $p_damfactor % e inflige $dam de daño de $effect."
<!MissingKey:303:$t[$rage[Battle Rage] entered:] Gain $block $bl. $t[During $rage[Battle Rage]:] Damage taken reduced by $p1%.>,$t[$rage[Battle Rage] entered:] Gain $block $bl. $t[During $rage[Battle Rage]:] Damage taken reduced by $p1%.,$t[$rage[Kampfrausch] beginnt:] Erhalte $block $bl. $t[Während $rage[Kampfrausch]:] Eingehender Schaden ist um $p1% reduziert.,$t[进入$rage[狂战士之怒]时：]获得$block点$bl。$t[$rage[狂战士之怒]期间：]受到的伤害减少$p1%。,$t[$rage[バーサク]突入時：]$block $bl を獲得する $t[$rage[バーサク]中：]受けるダメージが$p1%減る,$t[$rage[전투 격노]에 돌입했다면:] $bl를 $block 획득합니다. $t[$rage[전투 격노] 동안:] 받는 피해가 $p1% 감소합니다.,$t[進入$rage[戰鬥狂怒]時：]獲得$block點$bl。$t[$rage[戰鬥狂怒]期間：]受到的傷害減少$p1%。,$t[En mode $rage[Rage de combat] :] gagnez $block $bl. $t[Pendant le mode $rage[Rage de combat] :] dégâts subis réduits de $p1 %.,$t[При активации эффекта $rage[ярость]:] добавляет $block $bl. $t[Во время $rage[ярости]:] получаемый героем урон снижается на $p1%.,$t[Ao entrar em $rage[Fúria de Combate]:] Ganhe $block $bl. $t[Durante $rage[Fúria de Combate]:] Diminui o dano sofrido em $p1%.,$t[Al entrar en $rage[Rabia de batalla]:] Obtiene $block $bl. $t[Durante la $rage[Rabia de batalla]:] El daño recibido se reduce en un $p1 %.
<!MissingKey:304:Squirrel Archer>,Squirrel Archer,Bogenhörnchen,松鼠射手,リス・アーチャー,다람쥐 궁수,松鼠射手,Archer écureuil,Лесной стрелок,Esquilo Arqueiro,Ardilla arquera
<!MissingKey:305:It’s Slime Time!>,It’s Slime Time!,Schleimerei!,黏黏派对,イッツ・スライムタイム！,슬라임 타임!,黏呼呼派對,Instant gluant !,Слайм-тайм!,Hora do Slime!,¡Hora de viscosidades!
<!MissingKey:306:$t[Shop refreshes:] $shopchance% chance for a $h[Trade] offer. $t[Every $cds:] Gain $p_buffs buffs of the type you have most of. >,"$t[Shop refreshes:] $shopchance% chance for a $h[Trade] offer. $t[Every $cds:] Gain $p_buffs buffs of the type you have most of. 

 Triggers $p_speed% faster for each $gold the \~$affected items are worth.","$t[Angebote erneuert:] $shopchance% Chance auf ein $h[Tausch]angebot. $t[Alle $cds:] Erhalte $p_buffs Buffs des Typs, von dem du am meisten hast. 

 Aktiviert $p_speed% schneller pro $gold-Wert der $affected Gegenstände.","$t[商店刷新时：]有$shopchance%的几率出现$h[交易]机会。$t[每$cds：]获得$p_buffs层你现有最多层数的增益效果。

根据$affected的物品价值，每$gold效果触发快$p_speed%。","$t[ショップ更新時：]$shopchance%の確率で$h[トレード]が提示される $t[$cd秒毎：]一番多いバフを$p_buffs獲得する 

$affectedにあるアイテムの価値 1 $gold につき使用速度が$p_speed%上がる","$t[상점 갱신 시:] $shopchance% 확률로 $h[거래]를 제안합니다. $t[$cd초마다:] 보유한 버프 중 가장 많은 버프를 $p_buffs 획득합니다.

$affected에 위치한 아이템의 $gold 가치마다 $p_speed% 빠르게 발동합니다.","$t[商店刷新時：]有$shopchance%的幾率出現$h[交易]機會。$t[每$cds：]獲得$p_buffs層你現有最多層數的增益效果。

根據$affected的物品價值，每$gold效果觸發快$p_speed%。","$t[Actualisation de boutique :] $shopchance % de chance d'offre d'$h[Échange]. $t[Toutes les $cd s :] gagnez $p_buffs bonus du type dont vous disposez le plus. 

 Se déclenche $p_speed % plus vite pour chaque $gold que valent les objets $affected.","$t[При обновлении магазина:] шанс $shopchance% получить $h[торговое] предложение. $t[Раз в $cd сек.:] добавляет до $p_buffs усилений того типа, которых у героя больше всего. 

 Срабатывает на $p_speed% чаще за каждую $gold стоимости $affected предметов.","$t[Loja se atualiza:] $shopchance% de chance para uma oferta de $h[Troca]. $t[A cada $cd s:] Ganha $p_buffs buffs do tipo que você mais possui. 

 Ativa $p_speed% mais rápido para cada $gold que os itens $affected valem.","$t[La tienda se actualiza:] $shopchance % de probabilidad de recibir una oferta de $h[comercio]. $t[Cada $cd s:] Obtiene $p_buffs ventajas del tipo que más tienes. 

 Se activa un $p_speed % más rápido por cada $gold que valgan los objetos $affected."
<!MissingKey:307:Everburning>,Everburning,Dauerbrand,永燃之火,常炎,영원한 불꽃,永燃之火,Permabrûlure,Вечный огонь,Sempre Ardente,Fuego eterno
<!MissingKey:308:Divine Potion>,Divine Potion,Göttertrank,神圣魔药,聖なるポーション,성스러운 포션,神聖魔藥,Potion divine,Божественное зелье,Poção Divina,Poción divina
<!MissingKey:309:Add $h[4] backpack slots. $t[Start of battle:] Gain $p_empower $empower. $t[Shop entered:] Consume all items inside. Create a $h[Flame] and different items based on the combined value.>,Add $h[4] backpack slots. $t[Start of battle:] Gain $p_empower $empower. $t[Shop entered:] Consume all items inside. Create a $h[Flame] and different items based on the combined value.,"Fügt $h[4] Rucksackplätze hinzu. $t[Bei Kampfbeginn:] Erhalte $p_empower $empower. $t[Laden betreten:] Verbrauche alle Gegenstände darin, erzeuge eine $h[Flamme] und verschiedene Gegenstände basierend auf dem Gegenstandswert.",增加$h[4]背包槽位。$t[战斗开始时：]获得$p_empower层$empower。$t[进入商店时：]献祭碗内所有物品。生成一团$h[火焰]，还会根据献祭物品的总价生成其他物品。,バックパックのスロットを$h[4]追加する $t[バトル開始時：]$p_empower $empower を獲得する $t[ショップ入店時：]中にある全アイテムを消費して、その合計価値に応じて$h[フレイム]1個と異なるアイテムを生成する,배낭 슬롯을 $h[4]개 추가합니다. $t[전투 시작 시:] $empower를 $p_empower 획득합니다. $t[상점 진입 시:] 내부에 위치한 모든 아이템을 소모합니다. 합쳐진 가치에 따라 $h[불꽃]과 다른 아이템을 생성합니다.,增加$h[4]背包槽位。$t[戰鬥開始時：]獲得$p_empower層$empower。$t[進入商店時：]獻祭碗內所有物品。生成一團$h[火焰]，還會根據獻祭物品的總價生成其他物品。,Ajoutez $h[4] emplacements de sac à dos. $t[Au début du combat :] gagnez $p_empower $empower. $t[En entrant dans la boutique :] consommez tous les objets à l'intérieur. Créez une $h[Flamme] et différents objets en fonction de la valeur combinée.,"Добавляет $h[4] слота к рюкзаку. $t[Начало боя:] добавляет $p_empower $empower. $t[Переход в магазин:] поглощает все предметы внутри. Создает $h[пламя] и различные предметы, в зависимости от стоимости поглощенных предметов.",Adiciona $h[4] espaços à mochila. $t[Início da batalha:] Ganhe $p_empower $empower. $t[Ao entrar na loja:] Todos os itens nele se consomem. Cria uma $h[Chama] e diferentes itens com base no valor combinado.,Añade $h[4] espacios a la mochila. $t[Al comienzo de la batalla:] Obtiene $p_empower $empower. $t[Al entrar en la tienda:] Consume todos los objetos dentro. Crea una $h[Llama] y otros objetos en función del valor combinado.
<!MissingKey:310:Add $h[4] backpack slots. $t[Every $cds:] $h[Weapons] inside deal +$p_bonusdam% damage and use -$p_stamina% stamina.>,Add $h[4] backpack slots. $t[Every $cds:] $h[Weapons] inside deal +$p_bonusdam% damage and use -$p_stamina% stamina.,Fügt $h[4] Rucksackplätze hinzu. $t[Alle $cds:] $h[Waffen] darin verursachen +$p_bonusdam% Schaden und verbrauchen $p_stamina% weniger Ausdauer.,增加$h[4]背包槽位。$t[每$cds：]箱内$h[武器]造成的伤害+$p_bonusdam%，且耐力消耗减少$p_stamina%。,バックパックのスロットを$h[4]追加する $t[$cd秒毎：]中にある$h[武器]の与ダメージ +$p_bonusdam%、スタミナ消費値 -$p_stamina%,배낭 슬롯을 $h[4]개 추가합니다. $t[$cd초마다:] 내부에 위치한 $h[무기]의 피해량이 $p_bonusdam% 증가하고 스태미나를 $p_stamina% 적게 사용합니다.,增加$h[4]背包槽位。$t[每$cd秒：]箱內$h[武器]造成的傷害+$p_bonusdam%，且耐力消耗減少$p_stamina%。,Ajoutez $h[4] emplacements de sac à dos. $t[Toutes les $cd s :] les $h[Armes] à l'intérieur infligent +$p_bonusdam % de dégâts et utilisent $p_stamina % d'endurance en moins.,Добавляет $h[4] слота к рюкзаку. $t[Раз в $cd сек.:] $h[оружие] внутри футляра наносит +$p_bonusdam% урона и расходует -$p_stamina% энергии.,Adiciona $h[4] espaços à mochila. $t[A cada $cd s:] As $h[Armas] nela causam +$p_bonusdam% de dano e gastam -$p_stamina% de vigor.,Añade $h[4] espacios a la mochila. $t[Cada $cd s:] Las $h[Armas] dentro infligen un $p_bonusdam % más de daño y usan -$p_stamina % de resistencia.
<!MissingKey:311:$t[Every $cds:] Steal a random buff. >,"$t[Every $cds:] Steal a random buff. 

 Triggers $p1% faster for each $affected $h[Pet] or $h[Food].","$t[Alle $cds:] Stehle einen zufälligen Buff. 

 Aktiviert $p1% schneller pro \~$affected $h[Gefährte] und $h[Essen].","$t[每$cds：]偷取一个随机增益效果.

每有一个$affected的$h[宠物]或$h[食物]，效果触发快$p1%。","$t[$cd秒毎：]1バフを奪う 

 $affectedにある$h[ペット]または$h[食べ物] 1つにつき使用速度が$p1%上がる","$t[$cd초마다:] 무작위 버프를 빼앗습니다.

$affected에 위치한 $h[펫]과 $h[음식]마다 $p1% 빠르게 발동합니다.","$t[每$cd秒：]偷取一個隨機增益效果.

每有一個$affected的$h[寵物]或$h[食物]，效果觸發快$p1%。","$t[Toutes les $cd s :] volez un bonus aléatoire. 

 Se déclenche $p1 % plus vite pour chaque $h[Nourriture] ou $h[Familier] $affected.","$t[Раз в $cd сек.:] крадет случайное усиление. 

 Срабатывает на $p1% чаще за каждый $affected предмет типа $h[питомец] или $h[еда].","$t[A cada $cd s:] Rouba um buff aleatório. 

 Ativa $p1% mais rápido por cada $h[Animal] ou $h[Alimento] $affected.","$t[Cada $cd s:] Roba una ventaja al azar. 

 Se activa un $p1 % más rápido por cada $h[Mascota] o $h[Comida] $affected."
<!MissingKey:312:Burning Blade>,Burning Blade,Flammenschneide,火焰剑,灼炎の剣,타오르는 칼날,火焰劍,Lame brûlante,Горящий клинок,Lâmina Incendiada,Filo ardiente
<!MissingKey:313:Sale chance +$p_sales%. >,"Sale chance +$p_sales%. 

 Chance to find $treasure-items +$p_uniques%. $t[Shop entered:] Generate two $h[Lucky Clovers]. $t[$p_luckneeded $lucky reached:] Gain $p_buffs random other buffs.","Chance auf ein Angebot +$p_sales%. 

 Chance, einen $treasure-Gegenstand zu finden +$p_uniques%. $t[Laden betreten:] Erhalte zwei $h[Glücksklee]. $t[$p_luckneeded $lucky erreicht:] Erhalte $p_buffs andere Buffs.","打折几率+$p_sales%。

找到$treasure物品的几率+$p_uniques%。$t[进入商店时：]生成两个$h[幸运四叶草]。$t[$lucky点数达到$p_luckneeded时：]获得$p_buffs层其他增益效果。","セール発生確率 +$p_sales% 

 $treasure アイテムの出現率 +$p_uniques% $t[ショップ入店時：] $h[幸運のクローバー]2個を生成する $t[$p_luckneeded $lucky 到達時：] $lucky 以外の$p_buffsバフを獲得する","할인 확률이 $p_sales% 증가합니다.

$treasure 아이템을 발견할 확률이 $p_uniques% 증가합니다. $t[상점 진입 시:] $h[행운의 클로버] 두 개를 생성합니다. $t[$lucky이 $p_luckneeded에 도달 시:] 다른 무작위 버프를 $p_buffs개 획득합니다.","打折幾率+$p_sales%。

找到$treasure物品的幾率+$p_uniques%。$t[進入商店時：]生成兩個$h[幸運四葉草]。$t[$lucky點數達到$p_luckneeded時：]獲得$p_buffs層其他增益效果。","Chance de promotion +$p_sales %. 

 Chance de trouver des objets $treasure +$p_uniques %. $t[En entrant dans la boutique :] générez deux $h[Trèfles porte-bonheur]. $t[En atteignant $p_luckneeded $lucky :] gagnez $p_buffs autres bonus aléatoires.","Шанс появления предметов со скидкой +$p_sales%. 

 Шанс появления в магазине $treasure предметов +$p_uniques%. $t[Переход в магазин:] создает два $h[клевера удачи]. $t[Если у героя не менее $p_luckneeded $lucky:] добавляет $p_buffs других случайных усилений.","Chance de promoção +$p_sales%. 

 Chance de encontrar itens-$treasure +$p_uniques%. $t[Ao entrar na loja:] Gera dois $h[Trevos da Sorte]. $t[$p_luckneeded $lucky alcançada:] Ganha $p_buffs outros buffs aleatórios.","Probabilidad de oferta +$p_sales%. 

 Probabilidad de encontrar objetos $treasure +$p_uniques%. $t[Al entrar en la tienda:] Genera dos $h[Tréboles de la suerte]. $t[Al alcanzar $p_luckneeded $lucky:] Obtiene otras $p_buffs ventajas al azar."
<!MissingKey:314:Gains +$p_bonusdam% damage and uses $p_stamina% less stamina every $cds ($bag).>,Gains +$p_bonusdam% damage and uses $p_stamina% less stamina every $cds ($bag).,Erhält +$p_bonusdam% Bonusschaden und verbraucht $p_stamina% weniger Stamina alle $cds ($bag).,每$cds，造成的伤害+$p_bonusdam%，耐力消耗减少$p_stamina%($bag)。,$cd秒毎に与ダメージ +$p_bonusdam%、スタミナ消費値 -$p_stamina%（$bag）,$cd초마다 가하는 피해가 $p_bonusdam% 증가하고 스태미나를 $p_stamina% 적게 사용합니다 ($bag).,每$cds，造成的傷害+$p_bonusdam%，耐力消耗減少$p_stamina%($bag)。,Gagne +$p_bonusdam % de dégâts et utilise $p_stamina % d'endurance en moins toutes les $cd s ($bag).,Раз в $cd сек. наносит +$p_bonusdam% урона и расходует на $p_stamina% меньше энергии ($bag).,Ganha +$p_bonusdam% de dano e gasta $p_stamina% menos vigor a cada $cd s ($bag).,Inflige un $p_bonusdam % más de daño y usa un $p_stamina % menos de resistencia cada $cd s ($bag).
<!MissingKey:315:Sapphire Whelp>,Sapphire Whelp,Saphirdrachi,蓝宝石幼龙,サファイアの幼竜,사파이어 새끼용,藍寶石幼龍,Dragonneau saphir,Сапфировый дракончик,Dragãozinho de Safira,Cría zafiro
<!MissingKey:316:$t[Start of battle:] The $affected item triggers $p_speed% faster for $p2s. $t[Buff used:] Refund $p_refund% of the used buffs.>,$t[Start of battle:] The $affected item triggers $p_speed% faster for $p2s. $t[Buff used:] Refund $p_refund% of the used buffs.,$t[Bei Kampfbeginn:] Der $affected Gegenstand aktiviert für $p2s $p_speed% schneller. $t[Buff genutzt:] Erstatte $p_refund% der genutzen Buffs.,"$t[战斗开始时：]$affected的物品触发快$p_speed%，持续$p2s。
 $t[增益效果消耗时：]返回$p_refund%消耗的增益效果。",$t[バトル開始時：]$p2秒間$affectedにあるアイテムの使用速度が$p_speed%上がる $t[バフ消費時：]消費したバフの$p_refund%を再獲得する,"$t[전투 시작 시:] $p2초 동안 $affected에 위치한 아이템이 $p_speed% 빠르게 발동합니다.
$t[버프 사용 시:] 사용한 버프를 $p_refund% 돌려받습니다.","$t[戰鬥開始時：]$affected的物品觸發快$p_speed%，持續$p2s。
 $t[增益效果消耗時：]返回$p_refund%消耗的增益效果。","$t[Au début du combat :] l'objet $affected se déclenche $p_speed % plus vite pendant $p2 s. 
 $t[Bonus utilisé :] restitue $p_refund % des bonus utilisés.","$t[Начало боя:] $affected предметы срабатывают на $p_speed% чаще в течение $p2 сек. 
 $t[При использовании усиления:] возвращает $p_refund% от использованных эффектов усиления.","$t[Início da batalha:] O item $affected ativa-se $p_speed% mais rápido por $p2 s. 
 $t[Uso de buff:] repõe $p_refund% dos buffs usados.","$t[Al comienzo de la batalla:] El $affected objeto se activa un $p_speed % más rápido durante $p2 s. 
 $t[Al usar ventaja]: Recupera un $p_refund % de las ventajas usadas."
<!MissingKey:317:$t[$p_damt $effect-damage dealt:] Inflict $h[1] random debuff. $t[$affected item activates:] $chance% chance to deal $dam $effect-damage.>,$t[$p_damt $effect-damage dealt:] Inflict $h[1] random debuff. $t[$affected item activates:] $chance% chance to deal $dam $effect-damage.,"$t[$p_damt $effect-Schaden verursacht:] Verursache $h[1] zufälligen Debuff. $t[$affected Gegenstand aktiviert:] $chance% Chance, $dam $effect-Schaden zu verursachen.",$t[造成$p_damt点$effect伤害后：]向对手施加$h[1]层随机减益效果。$t[$affected的物品激活时：]有$chance%的几率造成$dam点$effect伤害。,$t[$p_damt $effect ダメージ与える毎：]$h[1]デバフを付与する $t[$affectedにあるアイテム発動時：]$chance%の確率で$dam $effect ダメージを与える,$t[$effect 피해를 $p_damt 가할 시:] 무작위 디버프를 $h[1]개 부여합니다. $t[$affected에 위치한 아이템 발동 시:] $chance%의 확률로 $effect 피해를 $dam 가합니다.,$t[造成$p_damt點$effect傷害後：]向對手施加$h[1]層隨機減益效果。$t[$affected的物品啟動時：]有$chance%的幾率造成$dam點$effect傷害。,$t[Tous les $p_damt dégâts $effect infligés :] infligez $h[1] malus aléatoire. $t[En activant un objet $affected :] $chance % de chances d'infliger $dam dégâts $effect.,$t[При нанесении $p_damt $effect-урона:] накладывает на противника $h[1] случайный негативный эффект. $t[При срабатывании $affected предмета:] шанс $chance% нанести $dam $effect-урон.,$t[$p_damt dano de $effect causado:] Inflige $h[1] debuff aleatório. $t [Item $affected ativa:] $chance% de chance de causar $dam de dano de $effect.,$t[$p_damt de daño de $effect infligido:] Inflige $h[1] desventaja al azar. $t[El objeto $affected activa:] $chance % de probabilidad de infligir $dam de daño de $effect.
<!MissingKey:318:Deals +$p1 damage for each $affected $h[Pet].>,Deals +$p1 damage for each $affected $h[Pet].,Verursacht +$p1 Schaden pro $affected $h[Gefährte].,每有一个$affected的$h[宠物]，造成的伤害+$p1。,$affectedにある$h[ペット]1体につき与ダメージ +$p1,$affected에 위치한 $h[펫]마다 가하는 피해가 $p1 증가합니다.,每有一個$affected的$h[寵物]，造成的傷害+$p1。,Inflige +$p1 de dégâts pour chaque $h[Familier] $affected.,Наносит +$p1 урона за каждый $affected предмет типа $h[питомец].,Causa +$p1 de dano por cada $h[Animal] $affected.,Inflige $p1 más de daño por cada $h[Mascota] $affected.
<!MissingKey:319:Rat>,Rat,Ratte,鼠鼠,ネズミ,쥐,鼠鼠,Rat,Крыса,Rato,Rata
<!MissingKey:320:Wolf companions are offered in the shop. >,"Wolf companions are offered in the shop. 

 $affected $h[Weapons] have $chance% critical hit chance (+$chance2% for each $affected2 $h[Pet]). $t[Every $cds:] If you have at least $p_blockt $bl, gain $p_empower $empower. Otherwise, gain $block $bl.","Wolfgefährten werden im Laden angeboten. 

 $affected $h[Waffen] erhalten $chance% kritische Trefferchance (+$chance2% pro $affected2 $h[Gefährte]). $t[Alle $cds:] Wenn du mindestens $p_blockt $bl hast, erhalte $p_empower $empower. Andernfalls erhalte $block $bl.","狼崽同伴会在商店售出。

 $affected的$h[武器]获得$chance%暴击率加成（每有一个$affected2的$h[宠物]，再获得$chance2%加成）。$t[每$cds：]如果你至少有$p_blockt点$bl，就会获得$p_empower层$empower，否则获得$block 点$bl。","狼たちがショップで売られるようになる 

$affectedにある$h[武器]のクリティカル率 +$chance%、$affected2にある$h[ペット]1体につきクリティカル率 +$chance2% $t[$cd秒毎：]$p_blockt $bl 以上ある場合、$p_empower $empower を獲得する。そうでない場合、$block $bl を獲得する","동료 늑대가 상점에 등장합니다.

$affected에 위치한 $h[무기]는 $chance%의 치명타 확률을 획득합니다 ($affected2에 위치한 $h[펫]마다 $chance2% 증가). $t[$cd초마다:] $p_blockt 이상의 $bl를 보유 시, $empower를 $p_empower 획득합니다. 아니라면, $bl를 $block 획득합니다.","狼崽同伴會在商店售出。

 $affected的$h[武器]獲得$chance%暴擊率加成（每有一個$affected2的$h[寵物]，再獲得$chance2%加成）。$t[每$cd秒：]如果你至少有$p_blockt點$bl，就會獲得$p_empower層$empower，否則獲得$block 點$bl。","Des loups de compagnie sont disponibles dans la boutique. 

 Les $h[Armes] $affected ont $chance % de chances de coup critique (+$chance2 % pour chaque $h[Familier] $affected2). $t[Toutes les $cd s :] si vous avez au moins $p_blockt $bl, gagnez $p_empower $empower. Autrement, gagnez $block $bl.","Щенки будут продаваться в магазине. 

 $affected $h[оружие] получает шанс $chance% нанести критический урон (+$chance2% за каждый $affected2 предмет типа $h[питомец]). $t[Раз в $cd сек.:] если у героя не менее $p_blockt $bl, добавляет $p_empower $empower. В ином случае добавляет $block $bl.","Lobos aliados são disponibilizados na loja. 

 As $h[Armas] $affected têm $chance% de chance de acerto crítico (+$chance2% para cada $h[Animal] $affected2). $t[A cada $cd s:] se você tiver ao menos $p_blockt $bl, ganha $p_empower $empower. Pelo contrário, ganha $block $bl.","Los compañeros lobunos se venden en la tienda. 

 Las $h[Armas] $affected tienen un $chance % de probabilidad de golpe crítico (+$chance2 % por cada $h[Mascota] $affected2). $t[Cada $cd s:] Al tener al menos $p_blockt $bl, obtiene $p_empower $empower. Si no, obtiene $block $bl."
<!MissingKey:321:Strong Divine Potion>,Strong Divine Potion,Starker Göttertrank,强力神圣魔药,神聖なるポーション,강력한 성스러운 포션,強效神聖魔藥,Potion divine forte,Усиленное божественное зелье,Poção Divina Potente,Poción divina potente
<!MissingKey:322:Moon Armor>,Moon Armor,Mondrüstung,月光护甲,月の鎧,달의 갑옷,月光護甲,Armure de lune,Лунный доспех,Armadura Lunar,Armadura lunar
<!MissingKey:323:Friendly Fire>,Friendly Fire,Freundliches Feuer,快乐小火,フレンドリーな火,불꽃 친구,快樂小火,Feu ami,Огненный дружок,Fogo Amigo,Fuego adorable
<!MissingKey:324:$c[Weapon sockets:] Critical hit chance +$p_critchance%. >,"$c[Weapon sockets:] Critical hit chance +$p_critchance%. 
 Critical damage +$p_critdam%. $c[Armor & other sockets:] $chance% chance to resist $blind. $c[Backpack:] $m[Every $cds:] Inflict $h[1] $blind. ","$c[Waffensockel:] Erhöht kritische Trefferchance um $p_critchance% und kritischen Schaden um $p_critdam%. $c[Rüstung & andere Sockel:] $chance% Chance, $blind zu widerstehen. $c[Rucksack:] $m[Alle $cds:] Verursache $h[1] $blind.","$c[放入武器槽：]增加暴击几率$p_critchance%。
增加暴击伤害$p_critdam%。$c[放入护甲或其他槽：]有$chance%的几率抵挡$blind。$c[放入背包：] $m[每$cds:]向对手施加$h[1]层$blind。","$c[武器に装着：]クリティカル率 +$p_critchance%
クリティカルダメージ +$p_critdam% $c[非武器に装着：]$chance%の確率で $blind を無効化する $c[バックパックに配置：]$m[$cd秒毎：]$h[1] $blind を付与する","$c[무기 소켓:] 치명타 확률이 $p_critchance% 증가합니다.
치명타 피해량이 $p_critdam% 증가합니다. $c[방어구 및 기타 소켓:] $chance%의 확률로 $blind에 저항합니다. $c[배낭:] $m[$cd초마다:] $blind을 $h[1] 부여합니다.","$c[放入武器槽：]增加暴擊幾率$p_critchance%。
增加暴擊傷害$p_critdam%。$c[放入護甲或其他槽：]有$chance%的幾率抵擋$blind。$c[放入背包：] $m[每$cds:]向對手施加$h[1]層$blind。","$c[Emplacements d'armes :] chances de coup critique +$p_critchance %. 
Dégâts critiques +$p_critdam %. $c[Armure et autres emplacements :] $chance % de chances de résister à $blind. $c[Sac à dos :] $m[Toutes les $cd s :] infligez $h[1] $blind.","$c[В слоте оружия:] шанс критического удара +$p_critchance%. 
 Критический урон +$p_critdam%. $c[В слоте брони/в другом слоте:] Шанс $chance% игнорировать $blind. $c[В рюкзаке:] $m[Раз в $cd сек.:] накладывает на противника $h[1] $blind.","$c[Engastes de armas:] Chance de acerto crítico + $p_critchance%. 
 Dano crítico +$p_critdam%. $c[Demais engastes:] $chance% de chance de resistir a $blind. $c[Mochila:] $m[A cada $cd s:] Inflige $h[1] $blind.","$c[Ranuras de arma:] Probabilidad de golpe crítico +$p_critchance %. 
 Daño crítico +$p_critdam %. $c[Ranuras de armadura y otras:] $chance % de probabilidad de resistir $blind. $c[Mochila:] $m[Cada $cd s:] Inflige $h[1] $blind."
"<!MissingKey:325:$t[Every $cds:] If your health is above $p_healtht%, gain $h[1] $empower. Otherwise, heal \~for $p_heal. >","$t[Every $cds:] If your health is above $p_healtht%, gain $h[1] $empower. Otherwise, heal \~for $p_heal. 

 Uses -$p_stamina% stamina for each \~$affected $holy-item.","$t[Alle $cds:] Wenn du mehr als $p_healtht% Leben hast, erhalte $h[1] $empower. Sonst heile um $p_heal. 

 Verbraucht -$p_stamina% Ausdauer pro \~$affected $holy-Gegenstand.","$t[每$cds：]如果你的生命值高于$p_healtht%，获得$h[1]层$empower。否则将会恢复生命值$p_heal点。

每有一个$affected的$holy物品，耐力消耗-$p_stamina%。","$t[$cd秒毎：]体力が$p_healtht%超の場合、$h[1] $empower を獲得する。そうでない場合、体力を$p_heal回復する 

$affectedにある $holy アイテム1個につきスタミナ消費値 -$p_stamina%","$t[$cd초마다:] 체력이 $p_healtht% 이상일 경우, $empower를 $h[1] 획득합니다. 아니라면, 체력을 $p_heal 회복합니다.
$affected에 위치한 $holy 아이템마다 사용하는 스태미나가 $p_stamina%씩 감소합니다.","$t[每$cd秒：]如果你的生命值高於$p_healtht%，獲得$h[1]層$empower。否則將會恢復生命值$p_heal點。

每有一個$affected的$holy物品，耐力消耗-$p_stamina%。","$t[Toutes les $cd s :] si vos PV sont supérieurs à $p_healtht %, gagnez $h[1] $empower. Autrement, guérissez de $p_heal. 

 Utilise -$p_stamina % d'endurance pour chaque objet $holy $affected.","$t[Раз в $cd сек.:] если здоровье героя выше $p_healtht%, добавляет $h[1] $empower. В ином случает восстанавливает $p_heal ед. здоровья. 

 Расход энергии снижается на $p_stamina% за каждый $affected $holy предмет.","$t[A cada $cd s:] Se a sua vida estiver acima de $p_healtht%, ganha $h[1] $empower. Do contrário, restaura $p_heal de vida. 

 Gasta -$p_stamina% de vigor por cada item-$holy $affected.","$t[Cada $cd s:] Si los PS están por encima del $p_healtht %, obtiene $h[1] $empower. Si no, recupera $p_heal PS. 

 Usa un $p_stamina % menos de resistencia por cada objeto $affected $holy."
<!MissingKey:326:$t[Start of battle:] Inflict $p1 random debuffs. $t[On hit:] Remove a random buff from your opponent.>,$t[Start of battle:] Inflict $p1 random debuffs. $t[On hit:] Remove a random buff from your opponent.,$t[Kampfbeginn:] Verursache $p1 zufällige Debuffs. $t[Bei Treffer:] Entferne einen zufälligen Buff vom Gegner.,$t[战斗开始时：]向对手施加$p1层随机减益效果。$t[击中对手时：]移除对手一个随机增益效果。,$t[バトル開始時：]$p1デバフを付与する $t[ヒット時：]相手から1バフを除去する,$t[전투 시작 시:] 무작위 디버프를 $p1개 부여합니다. $t[적중 시:] 상대의 무작위 버프를 제거합니다.,$t[戰鬥開始時：]向對手施加$p1層隨機減益效果。$t[命中對手時：]移除對手一個隨機增益效果。,$t[Au début du combat :] infligez $p1 malus aléatoires. $t[Par coup :] retirez un bonus aléatoire à votre adversaire.,$t[Начало боя:] накладывает до $p1 случайных негативных эффектов. $t[При попадании:] снимает с противника случайное усиление.,$t[Início da batalha:] Inflige $p1 debuffs aleatórios. $t[Ao acertar:] Remove um buff aleatório do oponente.,$t[Al comienzo de la batalla:] Inflige $p1 desventajas al azar. $t[Al golpear:] Elimina una ventaja al azar del rival.
<!MissingKey:327:Goobling>,Goobling,Schlötzchen,黏宝宝,チビバート,슬블링,黏寶寶,Viskelin,Росток Слаймера,Gosminho,Viscosete
<!MissingKey:328:Items of $h[all classes] are offered in the shop. $t[After $cds:] Gain $h[1] of every type of buff.>,Items of $h[all classes] are offered in the shop. $t[After $cds:] Gain $h[1] of every type of buff.,Gegenstände $h[aller] Klassen werden im Laden angeboten. $t[Nach $cds:] Erhalte $h[1] von jedem Buff.,可获得$h[所有职业]物品。$t[$cds后：]获得$h[1]层每种增益效果。,$h[全クラス]の固有アイテムがショップで売られるようになる $t[$cd秒後：]全種類のバフを$h[1]ずつ獲得する,$h[모든] 직업의 아이템이 상점에 등장합니다. $t[$cd초 후:] 모든 유형의 버프를 $h[1] 획득합니다.,可獲得$h[所有職業]物品。 $t[$cds後：]獲得$h[1]層每種增益效果。,Des objets de $h[toutes classes] sont disponibles dans la boutique. $t[Après $cd s :] gagnez $h[1] de chaque type de bonus.,Предметы $h[всех классов] будут продаваться в магазине. $t[Через $cd сек.:] каждый тип усиления повышается на $h[1].,Itens de $h[todas as classes] são disponibilizados na loja. $t[Após $cd s:] Ganhe $h[1] buff de cada tipo.,Los objetos de $h[todas las clases] se venden en la tienda. $t[Tras $cd s:] Obtiene $h[1] por cada tipo de ventaja.
<!MissingKey:329:Spiked Collar>,Spiked Collar,Stachelhalsband,尖刺项圈,トゲつきチョーカー,가시 목걸이,尖刺項圈,Collier à pointes,Ошейник с шипами,Gargantilha de Espinhos,Collar de pinchos
<!MissingKey:330:Time Melting>,Time Melting,Zeitschmelze,时间融化,時間融解,시간 융해,時間融化,Fonte temporelle,Растворение времени,Fusão do Tempo,Fusión temporal
<!MissingKey:331:Girl Power>,Girl Power,Frauenpower,怪力少女,ガールパワー,걸 파워,怪力少女,Féminergie,Девичья мощь,Poder Feminino,Poder femenino
<!MissingKey:332:$t[On hit:] $chance% chance to inflict $p1 $cold. $t[Opponent reaches $p3 $cold:] Gain $p4 $vampirism (once). >,"$t[On hit:] $chance% chance to inflict $p1 $cold. $t[Opponent reaches $p3 $cold:] Gain $p4 $vampirism (once). 

 Deals $h[+1] damage per $vampirism and +$p2 per $cold of your opponent.","$t[Bei Treffer:] $chance% Chance, $p1 $cold zu verursachen. $t[Gegner erreicht $p3 $cold:] Erhalte $p4 $vampirism (einmalig). 

 Verursacht $h[+1] Schaden pro $vampirism und +$p2 $cold auf deinem Gegner.","$t[击中对手时：]有$chance%的几率向对手施加$p1层$cold。$t[对手的$cold层数达到$p3时：]获得$p4层$vampirism（单次触发）。

每有一层$vampirism伤害$h[+1]，对手每有一层$cold伤害+$p2。","$t[ヒット時：]$chance%の確率で$p1 $cold を付与する $t[相手が$p3 $cold 到達時：]$p4 $vampirism を獲得する（1回のみ）

$vampirism 1スタックにつき与ダメージ $h[+1]、相手の $cold 1スタックにつき与ダメージ +$p2","$t[적중 시:] $chance%의 확률로 $cold를 $p1 부여합니다. $t[상대의 $cold가 $p3에 도달 시:] $vampirism을 $p4 획득합니다 (한 번).

가하는 피해가 $vampirism마다 $h[1], 상대의 $cold마다 $p2 증가합니다. ","$t[擊中對手時：]有$chance%的幾率向對手施加$p1層$cold。$t[對手的$cold層數達到$p3時：]獲得$p4層$vampirism（單次觸發）。

每有一層$vampirism傷害$h[+1]，對手每有一層$cold傷害+$p2。","$t[Par coup :] $chance % de chance d'infliger $p1 $cold. $t[L'adversaire atteignant $p3 $cold :] gagnez $p4 $vampirism (une fois). 

 Infligez $h[+1] de dégâts par $vampirism et +$p2 par $cold de votre adversaire.","$t[При попадании:] шанс $chance% наложить на противника $p1 $cold. $t[Когда у противника не менее $p3 $cold:] добавляет герою $p4 $vampirism. 

 Наносит $h[+1] ед. урона за каждый эффект $vampirism на герое и +$p2 за каждый эффект $cold на противнике (один раз за бой).","$t[Ao acertar:] $chance% de chance de inflige $p1 $cold. $t[Oponente alcança $p3 $cold:] Ganha $p4 $vampirism (uma vez). 

 Causa $h[+1] de dano por $vampirism e +$p2 por $cold do oponente.","$t[Al golpear:] $chance % de probabilidad de infligir $p1 $cold. $t[Al alcanzar el rival $p3 $cold:] Obtiene $p4 $vampirism (una vez). 

 Inflige $h[+1] de daño por cada $vampirism y +$p2 de daño por cada $cold del rival."
<!MissingKey:333:$affected $h[Shields] have +$p_chance% chance to block. >,"$affected $h[Shields] have +$p_chance% chance to block. 

 $affected $h[Armors] trigger $p_speed% faster.","$affected $h[Schilde] haben +$p_chance% Blockchance. 

 $affected $h[Rüstungen] aktivieren $p_speed% schneller.","$affected的$h[护盾]+$p_chance%抵挡效果。

 $affected的$h[护甲]效果触发快$p_speed%。","$affectedにある$h[盾]の発動確率 +$p_chance% 

$affectedにある$h[鎧]の使用速度が$p_speed%上がる","$affected에 위치한 $h[방패]가 공격을 차단할 확률이 $p_chance% 증가합니다.

$affected에 위치한 $h[갑옷]이 $p_speed% 빠르게 발동합니다.","$affected的$h[護盾]+$p_chance%抵擋效果。

 $affected的$h[護甲]效果觸發快$p_speed%。","Les $h[Boucliers] $affected ont +$p_chance % de chance de blocage. 

 Les $h[Armures] $affected se déclenchent $p_speed % plus vite.","$affected $h[Щиты] повышают шанс блока на $p_chance%. 

 $affected $h[броня] активируется на $p_speed% чаще.","$affected $h[Escudos] têm +$p_chance% de chance de bloquear. 

 $h[Armaduras] $affected ativam $p_speed% mais rápido.","Los $h[escudos] $affected tienen un $p_chance % más de probabilidad de bloquear. 

 Las $h[armaduras] $affected se activan un $p_speed % más rápido."
<!MissingKey:334:Emerald Egg>,Emerald Egg,Smaragdei,翡翠龙蛋,エメラルドエッグ,에메랄드 알,綠寶石龍蛋,Œuf émeraude,Изумрудное яйцо,Ovo de Esmeralda,Huevo esmeralda
"<!MissingKey:335:$affected items give +$p_block% $bl. $t[If you have $h[exactly 1] Armor, Helmet and Shoes:] \~Reduce $melee/$ranged/$effect-damage taken \~by $p_damreduction. $t[Every $cds:] Gain $block $bl.>","$affected items give +$p_block% $bl. $t[If you have $h[exactly 1] Armor, Helmet and Shoes:] \~Reduce $melee/$ranged/$effect-damage taken \~by $p_damreduction. $t[Every $cds:] Gain $block $bl.","$affected Gegenstände geben +$p_block% $bl. $t[Wenn du $h[genau 1] Rüstung, Helm und Schuhe hast:] \~Reduziere $melee/$ranged/$effect-Schaden um $p_damreduction. $t[Alle $cds:] Erhalte $block $bl.",$affected的物品提供的$bl +$p_block%。$t[如果你$h[刚好有1个]护甲，头盔和鞋子：]减少$p_damreduction受到的$melee/$ranged/$effect伤害。$t[每$cds：]获得$block层$bl。,$affectedにあるアイテムの $bl +$p_block% $t[鎧、兜、靴を$h[ちょうど1個ずつ]持っている場合：]受ける $melee/$ranged/$effect ダメージが$p_damreduction減る $t[$cd秒毎：]$block $bl を獲得する,"$affected에 위치한 아이템이 $bl를 $p_block% 추가로 제공합니다. $t[$h[정확히 1개]의 갑옷, 헬멧, 신발을 보유할 시:] 받는 $melee/$ranged/$effect 피해가 $p_damreduction만큼 감소합니다. $t[$cd초마다:] $bl를 $block 획득합니다.",$affected的物品提供的$bl +$p_block%。$t[如果你$h[剛好有1個]護甲，頭盔和鞋子：]減少$p_damreduction受到的$melee/$ranged/$effect傷害。$t[每$cds：]獲得$block層$bl。,"Les objets $affected donnent +$p_block % $bl. $t[Si vous avez $h[exactement 1] Armure, casque et chaussures :] réduisez les dégâts $melee/$ranged/$effect subis à hauteur de $p_damreduction. $t[Toutes les $cd s :] gagnez $block $bl.","$affected предметы добавляют +$p_block% $bl. $t[Если у героя есть $h[ровно 1] доспех, шлем и обувь:] снижает $melee/$ranged/$effect-урон на $p_damreduction. $t[Раз в $cd сек.:] добавляет $block $bl.","Os itens $affected concedem +$p_block% $bl. $t[Se você tiver $h[exatamente 1] Armadura, Elmo e Sapatos:] Reduz o dano recebido de $melee/$ranged/$effect em $p_damreduction. $t[A cada $cd s:] Ganha $block $bl.","$affected objetos dan +$p_block % de $bl. $t[Si tienes $h[exactamente 1] armadura, casco y zapatos:] reduces el daño recibido de $melee/$ranged/$effect en $p_damreduction. $t[Cada $cd s:] ganas $block $bl."
CARD_DUPLICATES,(Number of duplicates: $num),(Anzahl der Duplikate: $num),（重复的卡牌数：$num）,（重複したカードの枚数：$num）,(중복되는 카드 수: $num),（重複的卡牌數：$num）,(Nombre de doubles : $num),(Кол-во повторяющихся карт: $num),(Repetidas: $num),(Número de cartas duplicadas: $num)
<!MissingKey:337:Wonky Snowman>,Wonky Snowman,Wackeliger Schneemann,摇晃雪人,グラグラ雪ダルマ,흔들거리는 눈사람,搖晃雪人,Bonhomme de neige tordu,Ненадежный снеговик,Boneco de Neve Torto,Muñeco de nieve torcido
<!MissingKey:338:$t[Start of battle:] Gain $block $bl. $t[$affected items gained $p_blockt $bl:] Gain $p_empower $empower.>,$t[Start of battle:] Gain $block $bl. $t[$affected items gained $p_blockt $bl:] Gain $p_empower $empower.,$t[Bei Kampfbeginn:] Erhalte $block $bl. $t[$affected Gegenstände erzeugen $p_blockt $bl:] Erhalte $p_empower $empower.,$t[战斗开始时：]获得$block点$bl。$t[$affected的物品获得$p_blockt点$bl时：]获得$p_empower层$empower。,$t[バトル開始時：]$block $bl を獲得する $t[$affectedにあるアイテムが$p_blockt $bl 獲得毎：]$p_empower $empower を獲得する,$t[전투 시작 시:] $bl를 $block 획득합니다. $t[$affected에 위치한 아이템이 $bl를 $p_blockt 획득 시:] $empower를 $p_empower 획득합니다.,$t[戰鬥開始時：]獲得$block點$bl。$t[$affected的物品獲得$p_blockt點$bl時：]獲得$p_empower層$empower。,$t[Au début du combat :] gagnez $block $bl. $t[Les objets $affected gagnent $p_blockt $bl :] gagnez $p_empower $empower.,$t[Начало боя:] добавляет $block $bl. $t[Если $affected предметы накопят $p_blockt $bl:] добавляет $p_empower $empower.,$t[Início da batalha:] Ganhe $block $bl. $t[Itens $affected deram $p_blockt $bl:] Ganhe $p_empower $empower.,$t[Al comienzo de la batalla:] Obtiene $block $bl. $t[Si los $affected objetos obtienen $p_blockt $bl]: Obtiene $p_empower $empower.
<!MissingKey:339:$red[Your] and your opponent’s $h[Weapons] attack $p_slow% slower. $t[Every $cds:] Your item with the highest cooldown triggers $p_speed% faster.>,$red[Your] and your opponent’s $h[Weapons] attack $p_slow% slower. $t[Every $cds:] Your item with the highest cooldown triggers $p_speed% faster.,$red[Deine] $h[Waffen] und die deines Gegners greifen $p_slow% langsamer an. $t[Alle $cds:] Dein Gegenstand mit der höchsten Abklingzeit aktiviert $p_speed% schneller.,$red[你]和对手的$h[武器]攻击速度减慢$p_slow%。$t[每$cds：]你的物品中冷却时间最长的触发速度快$p_speed%。,$red[自分]と相手の$h[武器]の使用速度が$p_slow%下がる $t[$cd秒毎：]自分の最もクールダウンが長いアイテムの使用速度が$p_speed%上がる,$red[나]와 상대방의 $h[무기]가 $p_slow% 느리게 공격합니다. $t[$cd초마다:] 가장 긴 재사용 대기 시간을 지닌 내 아이템이 $p_speed% 빠르게 발동합니다.,$red[你]和對手的$h[武器]攻擊速度減慢$p_slow%。$t[每$cds：]你的物品中冷卻時間最長的觸發速度快$p_speed%。,$red[Vos] $h[Armes] et celles de votre adversaire attaquent $p_slow % moins vite. $t[Toutes les $cd s :] votre objet dont le temps de recharge est le plus élevé se déclenche $p_speed % plus vite.,"Скорость атаки $h[оружия] (и $red[ваша], и противника) замедляется на $p_slow%. $t[Раз в $cd сек.:] предмет в вашей сумке с самой долгой перезарядкой срабатывает на $p_speed% чаще.",$red[Suas] e as $h[Armas] do oponente atacam $p_slow% mais devagar. $t[A cada $cd s:] Seu item com o maior tempo de recarga ativa $p_speed% mais rápido.,Las $h[armas] $red[tuyas] y de tu rival atacan un $p_slow % más lento. $t[Cada $cd s:] Tu objeto con la mayor recarga se activa un $p_speed % más rápido.
<!MissingKey:340:Utility Pouch>,Utility Pouch,Werkzeugtasche,工具袋,便利ポーチ,다용도 주머니,工具袋,Sacoche utilitaire,Сумка для инструментов,Cinto de Ferramentas,Bolsa multiusos
<!MissingKey:341:Burning Banner>,Burning Banner,Flammenbanner,燃烧旗帜,燃えさかる旗印,불타는 깃발,燃燒旗幟,Bannière brûlante,Пылающее знамя,Estandarte Incendiado,Estandarte ardiente
<!MissingKey:342:Leaf Badge>,Leaf Badge,Blattabzeichen,绿叶徽章,リーフバッジ,나뭇잎 배지,綠葉徽章,Insigne de feuille,Значок листа,Broche de Folha,Medalla de hoja
<!MissingKey:343:Smelly Wall>,Smelly Wall,Stinkewand,大蒜挂壁,臭い立つ防壁,냄새나는 장벽,大蒜掛壁,Mur fétide,Смердящий барьер,Parede Fedorenta,Pared apestosa
"<!MissingKey:344:$t[$p1 $affected item activations:] Heal for $p_heal, protect $p_buffs buffs from removal and use $p_mana $mana to become invulnerable for $p5s (up to $p_charges times). >","$t[$p1 $affected item activations:] Heal for $p_heal, protect $p_buffs buffs from removal and use $p_mana $mana to become invulnerable for $p5s (up to $p_charges times). 

 Effects of $h[Gemstones] socketed in this are increased by $p_gempower%.","$t[$p1 $affected Gegenstand-Aktivierungen:] Heile um $p_heal, beschütze $p_buffs Buffs davor, entfernt zu werden und nutze $p_mana $mana, um für $p5s unverwundbar zu werden (bis zu $p_charges mal). 

 $h[Edelsteine] in diesem Gegenstand sind $p_gempower% effektiver. ","$t[$affected的物品激活达到$p1次：]获得$p_heal点生命恢复，保护$p_buffs层增益效果不被移除，消耗$p_mana点$mana在$p5s内变为无敌（可触发$p_charges次）。 

镶嵌的$h[宝石]获得$p_gempower%效果增强。","$t[$affectedにあるアイテム$p1回発動時：]体力を$p_heal回復し、$p_buffsバフを除去効果から保護する。$p_mana $mana を消費して、$p5秒間無敵状態になる（最大$p_charges回まで） 

このアイテムに装着した$h[宝石]の効果は$p_gempower%強化される","$t[$affected에 위치한 아이템이 $p1회 발동 시:] 체력을 $p_heal 회복하고, 버프가 제거되는 것을 $p_buffs번 막고, $mana를 $p_mana 사용해 $p5초 동안 무적 상태가 됩니다 (최대 $p_charges번).

이 아이템의 소켓에 꽂은 $h[보석]의 효과가 $p_gempower% 증가합니다.","$t[$affected的物品啟動達到$p1次：]獲得$p_heal點生命恢復，保護$p_buffs層增益效果不被移除，消耗$p_mana點$mana在$p5s內變為無敵（可觸發$p_charges次）。 

鑲嵌的$h[寶石]獲得$p_gempower%效果增強。","$t[En activant l'objet $affected $p1 fois :] guérissez de $p_heal, protégez $p_buffs bonus retrait et utilisez $p_mana $mana pour devenir invulnérable pendant $p5 s (jusqu'à $p_charges fois). 

 Les effets des $h[Pierres précieuses] incrustées dedans augmentent de $p_gempower %.","$t[При срабатывании $p1 $affected предметов:] восстанавливает $p_heal ед. здоровья и защищает до $p_buffs усилений от снятия. Использует $p_mana $mana, чтобы сделать героя неуязвимым на $p5 сек. (эффект суммируется до $p_charges раз). 

 Эффекты $h[Самоцветов] в слотах данного предмета повышены на $p_gempower%.","$t[$p1 ativações de item $affected:] Restaura $p_heal de vida, impede que $p_buffs buffs sejam removidas e gasta $p_mana $mana para ganhar invulnerabilidade por $p5 s (até $p_charges vezes). 

 Os efeitos das $h[Gemas] encaixadas neste item aumentam $p_gempower%.","$t[Al activar $p1 $affected objetos:] Recupera $p_heal PS, evita perder $p_buffs ventajas y usa $p_mana $mana para volverse invulnerable durante $p5 s (máximo: $p_charges veces). 

 Los efectos de las $h[Gemas] engarzadas dentro aumentan en un $p_gempower %."
<!MissingKey:345:Courage Puppy>,Courage Puppy,Welpe des Mutes,勇敢狼崽,勇敢な子狼,용감한 멍멍이,勇敢狼崽,Louveteau de courage,Отважный щенок,Filhote da Bravura,Cachorro del valor
<!MissingKey:346:Echoing Battlecry>,Echoing Battlecry,Widerhallender Kampfschrei,回响战嚎,こだまする雄叫び,메아리치는 전투의 함성,迴響戰嚎,Écho de cri de guerre,Боевое эхо,Grito de Guerra Ecoante,Grito de batalla resonante
<!MissingKey:347:$t[On hit:] Inflict $p_poison $poison and $p_poison2 $poison $red[to yourself.] Destroy $p_blockremoval $bl for each \~$affected free slot or $nature-item.>,$t[On hit:] Inflict $p_poison $poison and $p_poison2 $poison $red[to yourself.] Destroy $p_blockremoval $bl for each \~$affected free slot or $nature-item.,$t[Bei Treffer:] Verursache $p_poison $poison und $red[dir selbst] $p_poison2 $poison. Zerstöre $p_blockremoval $bl pro \~$affected freiem Feld oder $nature-Gegenstand.,$t[击中对手：]向对手施加$p_poison层$poison，同时$red[向自己]施加$p_poison2层$poison。每有一个$affected的空槽位或$nature物品，破坏$p_blockremoval点$bl。,$t[ヒット時：]$p_poison $poison を付与し、$red[自分に$p_poison2 $poison を付与する]。 $affectedにある空きスロットまたは $nature アイテム1個につき$p_blockremoval $bl を破壊する,"$t[적중 시:] 상대에게 $poison을 $p_poison, $red[자신에게] $poison를 $p_poison2 부여합니다. $affected에 위치한 빈 슬롯이나 $nature 아이템 하나마다, $bl를 $p_blockremoval 파괴합니다.",$t[擊中對手：]向對手施加$p_poison層$poison，同時$red[向自己]施加$p_poison2層$poison。每有一個$affected的空槽位或$nature物品，破壞$p_blockremova點$bl。,$t[Par coup :] infligez $p_poison $poison et $p_poison2 $poison $red[à vous-même]. Détruisez $p_blockremoval $bl pour chaque emplacement libre $affected ou objet $nature.,$t[При попадании:] накладывает на противника $p_poison $poison и $p_poison2 $poison $red[на самого героя]. Разбивает $p_blockremoval $bl за каждый пустой $affected слот или слот с $nature предметом.,$t[Ao acertar:] Inflige $p_poison $poison e $p_poison2 $poison $red[em você mesmo]. Destrói $p_blockremoval $bl para cada espaço livre $affected ou item $nature.,$t[Al golpear:] Inflige $p_poison $poison y $p_poison2 $poison $red[para uno mismo]. Destruye $p_blockremoval $bl por cada espacio vacío $affected u objeto $nature
<!MissingKey:348:$t[On hit:] $chance% chance to inflict $p1 $poison and a random debuff.>,$t[On hit:] $chance% chance to inflict $p1 $poison and a random debuff.,"$t[Bei Treffer:] $chance% Chance, $p1 $poison und einen zufälligen Debuff zu verursachen.",$t[击中对手时：]$chance%的几率施加$p1层$poison和一层随机减益效果。,$t[ヒット時：]$chance%の確率で$p1 $poison と1デバフを付与する,"$t[적중 시:] $chance%의 확률로 $poison을 $p1, 무작위 디버프를 1개 부여합니다.",$t[擊中對手時：]$chance%的幾率施加$p1層$poison和一層隨機減益效果。,$t[Par coup :] $chance % de chance d'infliger $p1 $poison et un malus aléatoire.,$t[При попадании:] $chance% шанс наложить на противника $p1 $poison и случайный негативный эффект.,$t[Ao acertar:] $chance% de chance de infligir $p1 $poison e um debuff aleatório.,$t[Al golpear:] $chance % de probabilidad de infligir $p1 $poison y una desventaja al azar.
<!MissingKey:349:Snake>,Snake,Schlange,蛇蛇,ヘビ,뱀,蛇蛇,Serpent,Змея,Cobra,Serpiente
<!MissingKey:350:$t[Start of battle:] Gain $p1 $lucky. $t[On hit:] Inflict $p2 $poison.>,$t[Start of battle:] Gain $p1 $lucky. $t[On hit:] Inflict $p2 $poison.,$t[Kampfbeginn:] Erhalte $p1 $lucky. $t[Bei Treffer:] Verursache $p2 $poison.,$t[战斗开始时：]获得$p1点$lucky。$t[击中对手时：]施加$p2层$poison。,$t[バトル開始時：]$p1 $lucky を獲得する $t[ヒット時：]$p2 $poison を付与する,$t[전투 시작 시:] $lucky을 $p1 획득합니다. $t[적중 시:] $poison을 $p2 부여합니다.,$t[戰鬥開始時：]獲得$p1點$lucky。$t[命中對手時：]施加$p2層$poison。,$t[Au début du combat :] gagnez $p1 $lucky. $t[Par coup :] infligez $p2 $poison.,$t[Начало боя:] добавляет $p1 $lucky. $t[При попадании:] накладывает на противника $p2 $poison.,$t[Início da batalha:] Ganhe $p1 $lucky. $t[Ao acertar:] Inflige $p2 $poison.,$t[Al comienzo de la batalla:] Obtiene $p1 $lucky. $t[Al golpear:] Inflige $p2 $poison.
<!MissingKey:351:Shortbow>,Shortbow,Kurzbogen,短弓,ショートボウ,숏보우,短弓,Arc court,Короткий лук,Arco Curto,Arco corto
<!MissingKey:352:Obsidian Dragon>,Obsidian Dragon,Obsidiandrache,黑晶龙,黒曜のドラゴン,흑요석 용,黑晶龍,Dragon d'obsidienne,Обсидиановый дракон,Dragão de Obsidiana,Dragón de obsidiana
<!MissingKey:353:$t[Every $cds:] Gain $block $bl and cleanse \~$p1 $cold. >,"$t[Every $cds:] Gain $block $bl and cleanse \~$p1 $cold. 

 Triggers $p2% faster for each $affected $h[Pet].","$t[Alle $cds:] Erhalte $block $bl und entferne $p1 $cold. 

 Aktivert $p2% schneller pro $affected $h[Gefährte].","$t[每$cds：]获得$block点$bl并净化$p1层$cold。

每有一个$affected的$h[宠物]，效果触发快$p2%。","$t[$cd秒毎：]$block $bl を獲得し、$p1 $cold を解除する 

$affectedにある$h[ペット]1体につき使用速度が$p2%上がる","$t[$cd초마다:] $bl를 $block 획득하고, $cold를 $p1 정화합니다.

$affected에 위치한 $h[펫]마다 $p2% 빠르게 발동합니다.","$t[每$cd秒：]獲得$block點$bl並淨化$p1層$cold。

每有一個$affected的$h[寵物]，效果觸發快$p2%。","$t[Toutes les $cd s :] gagnez $block $bl et purgez $p1 $cold. 

 Se déclenche $p2 % plus vite pour chaque $h[Familier] $affected.","$t[Раз в $cd сек.:] добавляет $block $bl и снимает $p1 $cold. 

 Срабатывает на $p2% чаще за каждый $affected предмет типа $h[питомец].","$t[A cada $cd s:] Ganha $block $bl e purifica $p1 $cold. 

 Ativa $p2% mais rápido por cada $h[Animal] $affected.","$t[Cada $cd s:] Obtiene $block $bl y elimina $p1 $cold. 

 Se activa un $p2 % más rápido por cada $h[Mascota] $affected."
<!MissingKey:354:$h[Berserker] items are offered in the shop. $t[Health drops below $p1%:] Enter $rage[Battle Rage] for $p2s (once). $t[During $rage[Battle Rage]:] $affected items trigger $p3% faster. You take $p4% reduced damage.>,$h[Berserker] items are offered in the shop. $t[Health drops below $p1%:] Enter $rage[Battle Rage] for $p2s (once). $t[During $rage[Battle Rage]:] $affected items trigger $p3% faster. You take $p4% reduced damage.,$h[Berserker]-Gegenstände werden im Laden angeboten. $t[Leben fällt unter $p1%:] Verfalle für $p2s in $rage[Kampfrausch] (einmalig). $t[Während $rage[Kampfrausch]:] $affected Gegenstände aktivieren $p3% schneller. Du erhältst $p4% weniger Schaden.,可获得$h[狂战士]物品。$t[当生命值低于$p1%时：]进入$rage[狂战士之怒]，持续$p2s（单次触发）。$t[$rage[狂战士之怒]期间：]$affected的物品触发快$p3%。你受到的伤害减少$p4%。,$h[バーサーカー]固有アイテムがショップで売られるようになる $t[体力が$p1%未満に低下時：]$p2秒間$rage[バーサク]状態に突入する（1回のみ） $t[$rage[バーサク]中：]$affectedにあるアイテムの使用速度が$p3%上がる。受けるダメージが$p4%減る,$h[버서커] 아이템이 상점에 등장합니다. $t[체력이 $p1% 아래로 떨어질 시:] $p2초 동안 $rage[전투 격노] 상태에 돌입합니다 (한 번). $t[$rage[전투 격노] 동안:] $affected에 위치한 아이템이 $p3% 빠르게 발동합니다. 받는 피해량이 $p4% 감소합니다.,可獲得$h[狂戰士]物品。 $t[當生命值低於$p1%時：]進入$rage[狂戰士之怒]，持續$p2s（單次觸發）。 $t[$rage[狂戰士之怒]期間：]$affected的物品觸發快$p3%。你受到的傷害減少$p4%。,Les objets de $h[Barbare] sont disponibles dans la boutique. $t[PV inférieurs à $p1 % :] entrez en mode $rage[Rage de combat] pendant $p2 s (une fois). $t[Pendant le mode $rage[Rage de combat] :] les objets $affected se déclenchent $p3 % plus vite. Vous subissez $p4 % de dégâts en moins.,Предметы $h[берсерка] будут продаваться в магазине. $t[При здоровье ниже $p1%:] впадает в $rage[ярость] на $p2 сек. (один раз за бой). $t[Во время $rage[ярости]:] $affected предметы срабатывают на $p3% чаще. Урон по герою снижается на $p4%.,Itens da $h[Lutadora] são disponibilizados na loja. $t[Vida abaixo de $p1%:] Induz $rage[Fúria de Combate] por $p2 s (uma vez). $t[Durante $rage[Fúria de Combate]:] os itens $affected ativam-se $p3% mais rápido. Você sofre $p4% menos dano.,Los objetos de $h[Guerrera] se venden en la tienda. $t[Si los PS caen por debajo del $p1 %:] Entra en $rage[Rabia de batalla] durante $p2 s (una vez). $t[Durante la $rage [Rabia de batalla]:] Los $affected objetos se activan un $p3 % más rápido. Se recibe un $p4 % menos de daño.
<!MissingKey:355:$t[$p1 $affected item activations:] Heal for $p2 and gain $p3 $heat.>,$t[$p1 $affected item activations:] Heal for $p2 and gain $p3 $heat.,$t[$p1 $affected Gegenstand-Aktivierungen:] Heile um $p2 und erhalte $p3 $heat.,$t[$affected的物品激活达到$p1次：]恢复$p2点生命值并获得$p3层$heat。,$t[$affectedにあるアイテム$p1回発動時：]体力を$p2回復し、$p3 $heat を獲得する,"$t[$affected에 위치한 아이템이 $p1회 발동 시:] 체력을 $p2 회복하고, $heat를 $p3 획득합니다.",$t[$p1個$affected物品發動時：]恢復$p2點生命值並獲得$p3層$heat。,"$t[En activant l'objet $affected $p1 fois :] guérissez de $p2, gagnez $p3 $heat.",$t[При срабатывании $p1 $affected предметов:] восстанавливает $p2 ед. здоровья и добавляет $p3 $heat.,$t[$p1 ativações de item $affected:] restaura $p2 de vida e ganhe $p3 $heat.,$t[Al activar $p1 $affected objetos] Recupera $p2 PS y obtiene $p3 $heat.
<!MissingKey:356:Serpent Staff>,Serpent Staff,Schlangenstab,剧毒蛇杖,毒蛇の杖,뱀의 지팡이,劇毒蛇杖,Bâton de serpent,Змеиный посох,Cajado de Serpente,Bastón de serpiente
<!MissingKey:357:$affected $common[Common] $h[$melee-Weapons] deal \~+$p_dam% damage. $t[Start of battle:] Gain $block $bl for each \~$affected $common[Common] item.>,$affected $common[Common] $h[$melee-Weapons] deal \~+$p_dam% damage. $t[Start of battle:] Gain $block $bl for each \~$affected $common[Common] item.,$affected $common[Gewöhnliche] $h[$melee-Waffen] verursachen +$p_dam% Schaden. $t[Bei Kampfbeginn:] Erhalte $block $bl pro $affected $common[gewöhnlichem] Gegenstand.,$affected的$common[普通] $h[$melee武器]造成的伤害+$p_dam%。$t[战斗开始时：]每有一个$affected的$common[普通]物品，获得$block点$bl。,$affectedにある$common[コモン] $h[$melee 武器]の与ダメージ +$p_dam% $t[バトル開始時：]$affectedにある$common[コモン]アイテム1個につき$block $bl を獲得する,$affected에 위치한 $common[일반] $h[$melee 무기]의 피해량이 $p_dam% 증가합니다. $t[전투 시작 시:] $affected에 위치한 $common[일반] 아이템마다 $bl를 $block 획득합니다.,$affected的$common[普通] $h[$melee武器]造成的傷害+$p_dam%。$t[戰鬥開始時：]每有一個$affected的$common[普通]物品，獲得$block點$bl。,Les $h[Armes $melee] $common[Communes] $affected infligent +$p_dam % de dégâts. $t[Au début du combat :] gagnez $block $bl pour chaque objet $common[Commun] $affected.,$affected $common[Обычное] $h[$melee-оружие] наносит +$p_dam% урона. $t[Начало боя:] добавляет $block $bl за каждый $affected $common[обычный] предмет.,$h[Armas-$melee] $common[Comum] $affected causam +$p_dam% de dano. $t[Início da batalha:] Ganha $block $bl por cada item $common[Comum] $affected.,Las $affected $h[$melee armas] $common[comunes] infligen +$p_dam % de daño. $t[Al comienzo de la batalla:] Obtiene $block $bl por cada $affected objeto $common[común].
<!MissingKey:358:$c[Weapon sockets:] $m[On hit:] $chance% chance to stun for $p1s (cooldown $cds). $c[Armor & other sockets:] $m[Start of battle:] $chance2% chance to resist debuffs for $p2s. $c[Backpack:] Gain $p3 maximum health.>,$c[Weapon sockets:] $m[On hit:] $chance% chance to stun for $p1s (cooldown $cds). $c[Armor & other sockets:] $m[Start of battle:] $chance2% chance to resist debuffs for $p2s. $c[Backpack:] Gain $p3 maximum health.,"$c[Waffensockel] $m[Bei Treffer:] $chance% Chance, für $p1s Benommenheit auszulösen ($cds Abklingzeit). $c[Rüstung & andere Sockel:] $m[Kampfbeginn:] $chance2% Chance, Debuffs zu widerstehen für $p2s. $c[Rucksack:] Maximalleben um $p3 erhöht.",$c[放入武器槽：] $m[击中对手：]有$chance%的几率眩晕对手$p1s（冷却时间$cds）。$c[放入护甲或其他槽：] $m[战斗开始时：]有$chance2%的几率在$p2s内抵挡减益效果。$c[放入背包：]最大生命值增加$p3。,$c[武器に装着：]$m[ヒット時：]$chance%の確率で$p1秒間スタンさせる（クールダウン：$cd秒） $c[非武器に装着：] $m[バトル開始時：]$p2秒間、$chance2%の確率でデバフを無効化する $c[バックパックに配置：]体力最大値が$p3増える,$c[무기 소켓:] $m[적중 시:] $p1초 동안 $chance%의 확률로 기절시킵니다 (재사용 대기 시간 $cd초). $c[방어구 및 기타 소켓:] $m[전투 시작 시]: $p2초 동안 $chance2%의 확률로 디버프에 저항합니다. $c[배낭:] 최대 체력이 $p3 증가합니다.,$c[放入武器槽：]$m[命中時：]有$chance%的機率暈眩對手$p1秒（冷卻時間$cd秒）。$c[放入護甲或其他槽位：]$m[戰鬥開始時：]有$chance2%的機率在$p2秒內抵擋減益效果。$c[放入背包：]最大生命值增加$p3。,$c[Emplacements d'armes :] $m[Par coup :] $chance % de chance d'étourdir pendant $p1 s (temps de recharge $cd s). $c[Armure et autres emplacements :] $m[Au début du combat :] $chance2 % de chance de résister aux malus pendant $p2 s. $c[Sac à dos :] les PV max augmentent de $p3.,$c[В слоте оружия:] $m[При попадании:] шанс $chance% оглушить противника на $p1 сек. (перезарядка: $cd сек.). $c[В слоте брони/в другом слоте:] $m[Начало боя:] шанс $chance2% игнорировать негативные эффекты в течение $p2 сек. $c[В рюкзаке:] Максимальное здоровье повышается на $p3 ед.,$c[Engastes de armas:] $m[Ao acertar:] $chance% de chance de atordoar por $p1 s (recarga: $cd s). $c[Demais engastes:] $m[Início da batalha:] $chance2% de chance de resistir a debuffs por $p2 s. $c[Mochila:] Aumenta a vida máxima em $p3.,$c[Ranuras de arma:] $m[Al golpear:] $chance % de probabilidad de aturdir durante $p1 s (recarga: $cd s). $c[Ranuras de armadura y otras:] $m[Al comienzo de la batalla:] $chance2 % de probabilidad de resistir desventajas durante $p2 s. $c[Mochila:] PS máx. aumentan en $p3.
<!MissingKey:359:Deal $p_unhealing% of your healing as \~ $effect-damage. $t[Every $cds:] Gain $p_vampirism $vampirism. >,"Deal $p_unhealing% of your healing as \~ $effect-damage. $t[Every $cds:] Gain $p_vampirism $vampirism. 

 Triggers $p_speed% faster for each \~ $affected $vampiric-item.","Verursache $p_unhealing% deiner Heilung als \~$effect-Schaden. $t[Alle $cds:] Erhalte $p_vampirism $vampirism. 

 Aktiviert $p_speed% schneller pro \~$affected $vampiric-Gegenstand.","以生命值恢复量的$p_unhealing%作为$effect伤害。$t[每$cds：]获得$p_vampirism层$vampirism。

每有一个$affected的$vampiric物品，效果触发快$p_speed%。","回復量の$p_unhealing%分の $effect ダメージを与える $t[$cd秒毎：]$p_vampirism $vampirism を獲得する 

$affectedにある $vampiric アイテム1個につき使用速度が$p_speed%上がる","회복량의 $p_unhealing%를 $effect 피해로 가합니다. $t[$cd초마다:] $vampirism을 $p_vampirism 획득합니다.

$affected에 위치한 $vampiric 아이템마다 $p_speed% 빠르게 발동합니다.","以生命值恢復量的$p_unhealing%作為$effect傷害。$t[每$cds：]獲得$p_vampirism層$vampirism。

每有一個$affected的$vampiric物品，效果觸發快$p_speed%。","Infligez $p_unhealing % de votre guérison en tant que dégâts $effect. $t[Toutes les $cd s :] gagnez $p_vampirism $vampirism. 

 Se déclenche $p_speed % plus vite pour chaque objet $affected $vampiric.","Наносит $effect-урон в размере $p_unhealing% от восстановленного героем здоровья. $t[Раз в $cd сек.:] добавляет $p_vampirism $vampirism. 

 Срабатывает на $p_speed% чаще за каждый $affected $vampiric предмет.","Causa $p_unhealing% da sua cura como dano de $effect. $t[A cada $cd s:] Ganha $p_vampirism $vampirism. 

 Aciona $p_speed% mais rápido para cada item-$vampiric $affected.","Inflige un $p_unhealing % de tu curación como daño de $effect. $t[Cada $cd s:] Obtiene $p_vampirism $vampirism. 

 Se activa un $p_speed % más rápido por cada objeto $vampiric $affected."
<!MissingKey:360:Shaman Mask>,Shaman Mask,Schamanenmaske,萨满面具,シャーマンの仮面,주술사 가면,薩滿面具,Masque de chaman,Маска шамана,Máscara de Xamã,Máscara de chamana
<!MissingKey:361:Markswoman>,Markswoman,Meisterschützin,女射手,マークスウーマン,명사수,女射手,Tireuse d'élite,Мастер стрельбы,Atiradora,Tiradora
<!MissingKey:362:Staff of Fire>,Staff of Fire,Stab des Feuers,烈火之杖,炎の杖,화염의 지팡이,烈火之杖,Bâton de feu,Огненный посох,Cajado de Fogo,Bastón del fuego
<!MissingKey:363:$t[Start of battle:] Gain $p_maxhealth maximum health. >,"$t[Start of battle:] Gain $p_maxhealth maximum health. 

 Your healing is increased by $p_healamp%.","$t[Bei Kampfbeginn:] Erhalte $p_maxhealth Maximalleben. 
 Deine Heileffekte sind $p_healamp% effektiver.","$t[战斗开始时：]获得$p_maxhealth点生命值上限。

你的恢复效果增强$p_healamp%。","$t[バトル開始時：]体力最大値が$p_maxhealth増える 

自分の回復量 +$p_healamp%","$t[전투 시작 시:] 최대 체력을 $p_maxhealth 획득합니다.

회복량이 $p_healamp% 증가합니다.","$t[戰鬥開始時：]獲得$p_maxhealth點生命值上限。

你的回復效果增強$p_healamp%。","$t[Au début du combat :] gagnez $p_maxhealth de PV max. 

 Votre guérison augmente de $p_healamp %.","$t[Начало боя:] повышает максимальное здоровье на $p_maxhealth ед. 

 Эффекты исцеления героя повышаются на $p_healamp%.","$t[Início da batalha:] Ganha $p_maxhealth de vida máxima. 

 Sua cura aumenta em $p_healamp%.","$t[Al comienzo de la batalla:] Obtiene $p_maxhealth PS máx. 

 La curación aumenta en un $p_healamp %."
"<!MissingKey:364:$t[Every $cds:] $affected items gain $chance% chance to duplicate buffs they gain, heal $p_healamp% more and trigger $p_speed% faster (up to $p_max times). >","$t[Every $cds:] $affected items gain $chance% chance to duplicate buffs they gain, heal $p_healamp% more and trigger $p_speed% faster (up to $p_max times). ","$t[Alle $cds:] $affected Gegenstände erhalten \~$chance% Chance, erzeugte Buffs zu duplizieren, heilen $p_healamp% mehr und aktivieren $p_speed% schneller (maximal $p_max mal).",$t[每$cds：]有$chance%的几率复制从$affected物品处获得的增益效果，生命恢复效果+ $p_healamp%，触发速度+ $p_speed%（最多$p_max次）。,$t[$cd秒毎：]$affectedにあるアイテムは、バフを追加獲得する確率が$chance%上がり、回復量が$p_healamp%増え、使用速度が$p_speed%上がる（最大$p_max回まで）,"$t[$cd초마다:] $affected에 위치한 아이템이 $chance%의 확률로 획득하는 버프를 복제하며, $p_healamp% 더 치유하고 $p_speed% 빠르게 발동합니다 (최대 $p_max번).",$t[每$cds：]有$chance%的幾率複製從$affected物品處獲得的增益效果，生命恢復效果+ $p_healamp%，觸發速度+ $p_speed%（最多$p_max次）。,"$t[Toutes les $cd s :] les objets $affected gagnent $chance % de chances de dupliquer les bonus qu'ils gagnent, soignent $p_healamp % supplémentaires et se déclenchent $p_speed % plus vite (jusqu'à $p_max fois).","$t[Раз в $cd сек.:] $affected предметы получают $chance% шанс удвоить добавляемые усиления, восстанавливают на $p_healamp% больше здоровья и срабатывают на $p_speed% чаще (не более $p_max раз).","$t[A cada $cd s:] os itens $affected ganham $chance% de chance de duplicar os buffs que recebem, curam $p_healamp% a mais e ativam $p_speed% mais rápido (até $p_max vezes).","$t[Cada $cd s:] Los $affected objetos tienen un $chance % de probabilidad de duplicar las ventajas que reciben, curan un $p_healamp % más y se activan un $p_speed % más rápido (hasta un máximo de $p_max veces)."
<!MissingKey:365:$t[Every $cds:] Gain $p1 maximum health and a random buff.>,$t[Every $cds:] Gain $p1 maximum health and a random buff.,$t[Alle $cds:] Erhalte $p1 Maximalleben und einen zufälligen Buff.,$t[每$cds：]获得$p1点最大生命值和1个随机增益效果。,$t[$cd秒毎：]体力最大値が$p1増え、1バフを獲得する,"$t[$cd초마다:] 최대 체력을 $p1 획득하고, 무작위 버프를 획득합니다.",$t[每$cd秒：]獲得$p1點最大生命值和1個隨機增益效果。,$t[Toutes les $cd s :] gagnez $p1 des PV max et un bonus aléatoire.,$t[Раз в $cd сек.:] повышает максимальное здоровье на $p1 ед. и добавляет случайное усиление.,$t[A cada $cd s:] Ganhe $p1 de vida máxima e um buff aleatório.,$t[Cada $cd s:] Obtiene $p1 PS máx. y una ventaja al azar.
<!MissingKey:366:Squirrel>,Squirrel,Eichhörnchen,松鼠,リス,다람쥐,松鼠,Écureuil,Белка,Esquilo,Ardilla
<!MissingKey:367:Snowball>,Snowball,Schneeball,雪球,雪玉,눈덩이,雪球,Boule de neige,Снежок,Bola de Neve,Bola de nieve
"<!MissingKey:368:$t[$rage[Battle Rage] ended:] After $cds, enter $rage[Battle Rage] for $p_dur% of the duration (once).>","$t[$rage[Battle Rage] ended:] After $cds, enter $rage[Battle Rage] for $p_dur% of the duration (once).",$t[$rage[Kampfrausch] endet:] Nach $cds verfalle für $p_dur% der Dauer in $rage[Kampfrausch] (einmalig).,$t[$rage[狂战士之怒]结束时：]经过$cds，再次进入$rage[狂战士之怒]，持续正常时间的$p_dur%（单次触发）。,$t[$rage[バーサク]終了時：]$cd秒後にその持続時間の$p_dur%の長さの$rage[バーサク]に突入する（1回のみ）,"$t[$rage[전투 격노] 종료 시:] $cd초 후, 지속 시간이 $p_dur%인 $rage[전투 격노] 상태에 돌입합니다 (한 번).",$t[$rage[狂戰士之怒]結束時：]經過$cds，再次進入$rage[狂戰士之怒]，持續正常時間的$p_dur%（單次觸發）。,"$t[[Rage de combat] $rage terminée :] après $cd s, entrez en mode $rage[Rage de combat] pendant $p_dur % de la durée (une fois).","$t[$rage[Ярость] развеяна:] через $cd сек. впадает в $rage[ярость], длительность ярости: $p_dur% от обычной длительности (один раз за бой).","$t[$rage[Fúria de Combate] encerrada]: Após $cd s, entra em $rage[Fúria de Combate] por $p_dur% da duração (uma vez).","$t[Tras terminar la $rage[rabia de batalla]:] Tras $cd s, entra en $rage[rabia de batalla] durante un $p_dur % de la duración (una vez)."
<!MissingKey:369:Armored Wisdom Puppy>,Armored Wisdom Puppy,Panzerwelpe der Weisheit,护甲睿智狼崽,武装した聡明な子狼,무장한 현명한 멍멍이,護甲睿智狼崽,Louveteau de sagesse blindé,Бронированный мудрый щенок,Filhote da Sabedoria de Armadura,Cachorro de la sabiduría acorazado
<!MissingKey:370:$t[Start of battle:] Gain $p_maxhealth% maximum health and $p_stamina% base stamina regeneration.>,$t[Start of battle:] Gain $p_maxhealth% maximum health and $p_stamina% base stamina regeneration.,$t[Kampfbeginn:] Erhalte $p_maxhealth% Maximalleben und $p_stamina% Basisausdauerregeneration.,$t[战斗开始时：]获得$p_maxhealth%最大生命值，$p_stamina%基础耐力恢复。,$t[バトル開始時：]体力最大値 +$p_maxhealth%、基礎スタミナ回復量 +$p_stamina%,"$t[전투 시작 시:] 최대 체력이 $p_maxhealth%, 기본 스태미나 재생량이 $p_stamina% 증가합니다.",$t[戰鬥開始時：]獲得$p_maxhealth%最大生命值，$p_stamina%基礎耐力恢復。,$t[Au début du combat :] gagnez $p_maxhealth % de PV max et $p_stamina % de régénération d'endurance de base.,$t[Начало боя:] повышает макс. здоровье героя на $p_maxhealth% и базовое восстановление энергии на $p_stamina%.,$t[Início da batalha:] Ganhe $p_maxhealth% de vida máxima e $p_stamina% de regeneração básica de vigor.,$t[Al comienzo de la batalla:] Obtiene un $p_maxhealth % de PS máx. y un $p_stamina % de regeneración de resistencia básica.
<!MissingKey:371:$t[On hit:] Inflict $p_cold $cold and $red[$p_cold2 $cold to yourself].>,$t[On hit:] Inflict $p_cold $cold and $red[$p_cold2 $cold to yourself].,$t[Bei Treffer:] Verursache $p_cold $cold und $red[dir selbst $p_cold2 $cold].,$t[击中对手时：]向对手施加$p_cold层$cold，$red[并向自己施加$p_cold2层$cold]。,$t[ヒット時：]$p_cold $cold を付与し、$red[自分に$p_cold2 $cold を付与する],"$t[적중 시:] 상대에게 $cold를 $p_cold, $red[자신에게 $cold를 $p_cold2] 부여합니다.",$t[擊中對手：]向對手施加$p_cold層$cold，$red[並向自己施加$p_cold2層$cold]。,$t[Par coup :] infligez $p_cold $cold et $red[$p_cold2 $cold à vous-même].,$t[При попадании:] накладывает на противника $p_cold $cold и $red[$p_cold2 $cold на самого героя].,$t[Ao acertar:] Inflige $p_cold $cold e $red[$p_cold2 $cold em você mesmo].,$t[Al golpear:] Inflige $p_cold $cold y $red[$p_cold2 $cold para uno mismo].
