key,en,de,zh_Hans_CN,ja,ko,zh_Hant_TW,fr,ru,pt_BR,es
"<!MissingKey:0:It might be unusual to worship an armor, but I don't judge.>","It might be unusual to worship an armor, but I don't judge.","Es klingt vielleicht unüblich eine Rüstung anzubeten, aber ich verurteile da niemanden.",崇拜一个护甲有点奇怪，但我不会去说你什么。,鎧をあがめるなんて普通じゃない気がするけど、まあ、とやかくは言わないよ。,"갑옷을 숭배하는 건 드문 일이겠지만, 제가 신경쓸 바는 아니네요.",崇拜護甲這種事有點奇怪，但我也不方便說什麼。,"C'est peut-être inhabituel de vouer un culte à une armure, mais je ne juge personne.","Поклоняться доспехам, конечно, странно... но кто я, чтобы осуждать?","Pode até ser estranho cultuar uma armadura, mas eu não julgo.","Hay quien decide adorar a una armadura, y yo no soy quien para juzgar."
"<!MissingKey:1:A comfortable way to contain your belongings, and your rage.>","A comfortable way to contain your belongings, and your rage.","Hält all deine Sachen und deine innere Wut, sehr praktisch!",里面有各种道具，还有愤怒。,自分の持ちものと、怒りさえもつめこむのにちょうどいいバッグだよ。,여러분의 소지품과 분노를 담아두기에 아주 좋은 가방입니다.,裏面有各種道具，還有憤怒。,Un moyen confortable de conserver vos biens et votre rage.,Удобная сумка для хранения вещей и ярости.,Um jeito confortável de guardar seus pertences e sua raiva.,Una forma cómoda de contener tus posesiones... y tu ira asesina.
"<!MissingKey:2:Anyone can cook, but only the fearless can be great. >","Anyone can cook, but only the fearless can be great. ","Jeder kann kochen, doch nur die Furchtlosen können großartig sein!",鼠大厨的烹饪技术人尽皆知！,誰にでも料理はできる。だが、勇気のあるものだけが一流になれるのだ。,"누구나 요리는 할 수 있지만, 용감한 쥐만이 최고의 요리사가 될 수 있습니다.",鼠大廚的烹飪技術人盡皆知！,"Tout le monde peut cuisiner, mais seuls les plus audacieux atteindront l'excellence.","Готовить может каждый, но лишь бесстрашный станет истинным мастером на кухне.","Qualquer um pode cozinhar, mas só os destemidos podem ser grandiosos.","Cualquiera puede cocinar, pero solo los valientes llegan a lo más alto."
<!MissingKey:3:This happens when you load all your bad emotions onto your plushies. >,This happens when you load all your bad emotions onto your plushies. ,Irgendwo müssen die ganzen negativen Emotionen ja hin.,吸收了负面情绪的毛绒玩具就变成了这样。,自分の負の感情を全部ぬいぐるみに流しこむと、こうなっちゃうんだ。,여러분이 지닌 모든 부정적인 감정을 인형에 담으면 완성됩니다.,吸收了負面情緒的毛絨玩具就變成了這樣。,Voilà ce qui arrive lorsque vous chargez vos peluches de toutes vos émotions négatives.,Не стоило переносить все свои плохие эмоции на плюшевую игрушку...,É isto que acontece quando descontamos todas as emoções ruins nos bonecos.,Esto es lo que pasa cuando le cuentas todas tus penas a tu pobre peluche.
<!MissingKey:4:If you push $h[all] the buttons you can never be wrong.>,If you push $h[all] the buttons you can never be wrong.,"Drückt man alle Knöpfe, liegt man nie verkehrt!",不会用的话就把$h[所有]按键都按一遍。,$h[全部]のボタンを押しちゃえば、間違うことは絶対ないよね。,버튼을 $h[전부] 누르면 잘못될 일은 없겠죠.,不會用的話就把$h[所有]按鍵都按一遍。,"En appuyant sur $h[tous] les boutons, on peut rarement se tromper.","Если нажать $h[все] кнопки, ты не сможешь ошибиться.","Se você apertar $h[todos] os botões, nunca estará errado.","Si aprietas $h[todos] los botones, nunca la pifias."
<!MissingKey:5:Dragon eggs are well protected by a thick layer of calcium carbonate and a huge dragon sitting on it.>,Dragon eggs are well protected by a thick layer of calcium carbonate and a huge dragon sitting on it.,"Dracheneier sind gut geschützt durch eine dicke Schicht Calciumcarbonat und einen großen Drachen, der darauf sitzt.",龙蛋被一层厚厚的碳酸钙保护得很好，上面还坐着一只大龙呢。,ドラゴンのタマゴは分厚い炭酸カルシウムの層で守られてるから、上にデカいドラゴンが座っても平気なんだよ。,"용의 알은 두꺼운 탄산칼슘 껍질과, 그 위에 앉아있는 거대한 용에 의해 보호됩니다.",龍蛋被一層厚厚的碳酸鈣保護得很好，上面還坐著一只大龍呢。,Les œufs de dragon sont bien protégés par une épaisse couche de carbonate de calcium et un énorme dragon assis dessus.,Яйцо дракона надежно защищено толстым слоем карбоната кальция и сидящим на нем огромным драконом.,Os ovos de dragão são protegidos por uma camada espessa de carbonato de cálcio e um dragão imenso sentado sobre eles.,Los huevos de dragón están protegidos por una gruesa capa de carbonato cálcico... y por el dragón que tienen encima.
"<!MissingKey:6:It's so much more chunky now, amazing!>","It's so much more chunky now, amazing!","Wundervoll, es ist jetzt viel stückiger!",是不是感觉自己坚不可摧了！,"かゆい
はだ",훨씬 더 덩어리 진 포션이 됐네요!,是不是感覺自己堅不可摧了？,"Voilà, elle est tellement plus épaisse maintenant, c'est incroyable !","Теперь оно защищает еще сильнее, потрясающе!","Uau, está muito mais espessa agora!",¡Ahora con más grumitos!
"<!MissingKey:7:Actually, broccoli is a natural part of their diet.>","Actually, broccoli is a natural part of their diet.",Tatsächlich essen sie auch gern Brokkoli.,它吃西兰花，你敢信吗？,実は、ブロッコリーを食べるのはこの子たちの自然な習性なのさ。,매일 브로콜리를 먹는다고 하네요.,它吃西蘭花，你敢信嗎？,"Le brocoli fait naturellement partie de leur régime alimentaire, si si.","Не исключено, что он зеленый, потому что его мама любила есть брокколи.","Na verdade, os brócolis fazem parte da alimentação deles naturalmente.",El brócoli es una parte esencial de su dieta.
"<!MissingKey:8:If you tickle them the claws pop out. Cool, huh?>","If you tickle them the claws pop out. Cool, huh?","Kitzel sie und die Klauen kommen raus, so cool!",只要你挠挠爪子就会伸出来，厉害吧？,ちょっと突っつくと、ビュッとツメが飛び出るんだ。カッコいいでしょ？,간지럽히면 발톱이 튀어나온답니다. 멋지지 않나요?,只要你搔癢，爪子就會伸出來，厲害吧？,"Si vous les chatouillez, les griffes sortent. C'est cool, nan ?","Если пощекотать, покажутся коготки. Круто, да?","As garras aparecem quando fazemos cócegas nelas. Legal, né?",Sacan las garras cuando les haces cosquillas. ¿A que están bien?
"<!MissingKey:9:It's said to counteract poison, but it's also suspiciously green. So I really don't know who to trust with that.>","It's said to counteract poison, but it's also suspiciously green. So I really don't know who to trust with that.","Man sagt, ein Smaragd schützt vor Gift, aber andererseits hat er diese komische grüne Farbe. Also keine Ahnung.",有人说可以解毒，但是这玩意绿得可疑。我都不知道信谁的。,解毒効果があるって言われる宝石だけど、それにしちゃ毒々しい緑だよね。そんな迷信、誰が信じるんだか。,"독을 중화시킨다는 말도 있지만, 너무 수상쩍은 녹색이네요. 뭘 믿어야 할지 모르겠습니다.",有人說可以解毒，但是這玩意綠得可疑。我都不知道信誰的。,"On raconte qu'elle permet de neutraliser le poison, mais elle a aussi une couleur verte suspecte. Je ne sais pas à qui faire confiance.","Говорят, что он нейтрализует яды, но он и сам подозрительно зеленый. Даже не знаю, чему доверять.","Dizem que ela neutralize veneno, mas também tem uma cor verde suspeita. Não sei se confio.","Se dice que puede frenar el veneno, pero tiene un color verde muy sospechoso, así que no sabría qué decirte."
<!MissingKey:10:The lucky part is the mutation that gave it an extra leaf. The luckiest people have extra limbs!>,The lucky part is the mutation that gave it an extra leaf. The luckiest people have extra limbs!,Das Glück kommt vom extra Blatt. Menschen mit extra Gliedmaßen haben auch mehr Glück!,之所以称为幸运四叶草，是因为变异多长出来一个叶片。幸运的人也会多一个手臂！,幸運の四つ葉って、突然変異で葉が1枚増えたクローバーなんだよ。だから、最高にラッキーな人は1本おまけの手足が生えてるんだろうね！,"운이 좋은 풀은 잎이 하나 더 있으니, 운이 좋은 사람은 팔다리가 하나 더 있겠네요!",之所以稱為四葉幸運草，是因為變異多長出來一個葉片。幸運的人也會多一條手臂！,La chance réside dans cette mutation qui lui a donné une feuille supplémentaire. Seuls les plus chanceux ont un petit quelque chose en plus !,"К счастью, мутация подарила ему дополнительный лист. У каждого удачливого существа есть лишние конечности!",Foi a sorte que o fez sofrer uma mutação e ter uma folha extra. As pessoas mais sortudas têm membros extras!,Tuvo la suerte de que una mutación le concedió una hoja adicional. ¡Nunca está de más una extremidad extra!
"<!MissingKey:11:Amazing how that worked out, now set it on fire!>","Amazing how that worked out, now set it on fire!",Zünd es an! Zünd es an!,没想到你做出了一个火把，点燃吧！,すごいね、あの素材からこんなモノができちゃうなんて。さあ、火をつけよう！,"어떻게 만든 건질 모르겠네요, 불을 붙여보죠!",沒想到你做出了一個火把，點燃它吧！,"C'est incroyable comme ça a bien marché, allumez-la maintenant !","Поразительно, что из этого получился факел! Теперь его можно зажечь.","Fico impressionado que tenha dado certo, agora bote fogo nela!","Qué bien ha quedado, ¡ahora préndele fuego!"
<!MissingKey:12:Bow to the Rainbow Slime!>,Bow to the Rainbow Slime!,.,啊，伟大彩虹黏黏！,人畜無害そうな顔をしているが、数え切れない人間を倒している。,무지개 슬라임에게 경배를!,啊，偉大彩虹黏呼呼！,Inclinez-vous devant sa gluance arc-en-ciel !,Склонитесь перед великой радужной слизью!,Curve-se diante da Geleca Arco-Íris!,¡Arrodíllate ante la baba arcoíris!
<!MissingKey:13:This style is worth angering some big lizards.>,This style is worth angering some big lizards.,"So stilvoll, da lohnt es sich ein paar Echsen zu verärgern.",穿上这个肯定会激怒蜥蜴。,大トカゲ界隈を敵に回すだけの価値があるデザインだよ。,신고 다니면 몇몇 도마뱀을 열받게 만들지도 모릅니다.,穿上這個肯定會激怒蜥蜴。,C'est ce que j'appelle un style qui vaut la peine d'irriter quelques gros lézards.,Драконам вряд ли придется по вкусу ваша обувь.,Este estilo pode acabar revoltando alguns lagartões.,Fuente de infinitas protestas de defensores de los animales.
"<!MissingKey:14:Could it be? I bow to you, ruler of the kitchen!>","Could it be? I bow to you, ruler of the kitchen!",Du bist nun der rechtmäßige König der Küche!,难道是……难道你就是掌管厨房的神！,古代の王のキッチンにあった魔法のフライパンだよ。,"설마...? 부엌의 지배자시여, 당신께 경의를 표합니다!",難道……難道你就是掌管廚房的神？,"Est-ce possible ? Je m'incline devant vous, ô grand chef !","Неужели это... Я преклоняюсь пред тобой, о, Владыка кухни!",Será possível?... Ó grande chefe da cozinha!,"¡No es posible! ¡Me arrodillo ante ti, gobernante de la cocina!"
<!MissingKey:15:An effective lucky token / weapon.>,An effective lucky token / weapon.,Wirkungsvoll als Glücksbringer und Waffe.,既是幸运符又是武器。,昔は運にだけは自信があったのだが、膝に矢をうけてしまってな…,행운의 부적 겸 무기입니다.,既是幸運符又是武器。,C'est à la fois un porte-bonheur et une arme de choix.,"Одновременно и талисман, и оружие.",Uma arma/amuleto da sorte eficaz.,Un arma/amuleto de la suerte muy útil.
<!MissingKey:16:What makes a true ranger? Is it the bag? It might be the bag.>,What makes a true ranger? Is it the bag? It might be the bag.,"Was macht einen Waldläufer aus? Ist es die Tasche? Ja, es ist die Tasche.",是什么让游侠成为真正的游侠？就是这个包！,真のレンジャーたる証って何だと思う？ バッグかな？ たぶんバッグだと思うよ。,진정한 레인저에게 필요한 건 뭘까요? 가방? 가방인 것 같네요.,是什麼讓遊俠成為真正的遊俠？就是這個背包！,"Qu'est-ce qui fait un vrai rôdeur ? Est-ce le sac ? C'est peut-être le sac, oui.","Что делает лучника лучником? Сумка? Наверное, все дело в сумке.",O que faz um verdadeiro arqueiro? A bolsa? Deve ser a bolsa.,¿Qué hace falta para ser explorador? ¿Será llevar esta bolsa? Probablemente.
<!MissingKey:17:You feel 25% of a hit more resilient already.>,You feel 25% of a hit more resilient already.,Du fühlst dich jetzt schon 25% robuster. ,我已经感觉到更加抗揍了。,欠片を4つ集めておいたよ。,체력이 25% 정도 더 회복되는 기분이네요.,我已經感覺到更加抗揍了。,Vous vous sentez déjà plus résistant de 25 %.,Ваша уверенность повышается на 25%.,Você já se sente 25% de um golpe mais resistente.,Ya te sientes un 25 % más resistente.
"<!MissingKey:18:Time is like a gummy worm. You can stretch it, compress it into a ball, eat it... I would love to have some gummy worms right now.>","Time is like a gummy worm. You can stretch it, compress it into a ball, eat it... I would love to have some gummy worms right now.","Zeit ist wie ein Gummiwurm, du kannst sie langziehen, zusammenknäulen, essen… ich hätte so gerne einen Gummiwurm.",时间就像橡皮糖。可以延伸，也能压缩……说到这个，我有点想吃橡皮糖了。,時計に付いた麻酔銃で動きを止めるのではなく、直接時間に干渉することで動きを止める時計だよ。,"시간은 지렁이 젤리와 같습니다. 늘릴 수도 있고, 눌러서 공으로 만들 수도 있고, 먹을 수도...갑자기 지렁이 젤리가 하나 먹고 싶네요.",時間就像橡皮糖。可以延伸，也能壓縮……說到這個，我有點想吃橡皮糖了。,"Le temps est comme un bonbon ver de terre. On peut l'étirer, le comprimer en boule ou le manger… Tiens, j'aimerais bien manger un bonbon là maintenant.","Время похоже на жевательного червячка. Его можно растянуть, скатать в шарик, съесть... Вот бы сейчас съесть несколько жевательных червячков.","O tempo é como uma bala de minhoca: podemos esticar, fazer bolinha, comer... Eu adoraria umas balas de minhoca agora.","El tiempo es como un gusano de golosina: puedes estirarlo, comprimirlo en una bola, comértelo... Ay, qué ganas de comer golosinas."
"<!MissingKey:19:Things break all the time, that’s just how entropy works unfortunately. Better keep some tools ready.>","Things break all the time, that’s just how entropy works unfortunately. Better keep some tools ready.","Das Miese mit der Entropie ist, dass Sachen immer nur von allein kaputt gehen, und nie einfach so wieder ganz werden.",东西总有坏的时候，背个工具包没啥坏处。,この機能満載のポーチ…たしかに便利そうですけど、お高いんでしょう？,"물건은 언제든지 망가질 수 있고, 예측할 수 없는 상황은 닥쳐오기 마련입니다. 도구 몇 개는 항상 준비해두는 게 좋죠.",東西總有壞的時候，背個工具包沒啥壞處。,"Il y a toujours quelque chose à réparer, c'est là toute la complexité de l'entropie. Mieux vaut garder des outils à portée de main.",Любая вещь рано или поздно ломается. Держать при себе парочку инструментов никогда не будет лишним.,"Toda hora quebra alguma coisa, fazer o quê? É melhor andar com ferramentas.","Las cosas se rompen, desgraciadamente así es como funciona la entropía. Siempre hay que tener herramientas a mano."
"<!MissingKey:20:If you can lift it, you might become the king of England or something.>","If you can lift it, you might become the king of England or something.","Wer es heben kann, wird der König von England oder sowas!",听说举起来的人能成为英格兰的王还是啥。,コイツの強さの秘訣？興味あるね。,"들어올릴 수만 있다면, 뭐 영국이나 어디 국왕으로 인정받을 수도 있습니다.",聽說能夠把這個舉起來的人能成為英格蘭的王之類的。,"Si vous parvenez à la brandir, vous deviendrez peut-être roi d'Angleterre ou un truc du genre.","Если вы сможете его поднять, то станете королем Англии или кем-то в этом роде...","Se você conseguir erguê-la, é capaz de virar o rei da Inglaterra.","Si la consigues sacar de la piedra, te nombran rey de Inglaterra o no sé qué."
<!MissingKey:21:Luckily for you we now have a resource-charge-back option!>,Luckily for you we now have a resource-charge-back option!,Zum Glück haben wir das neue umweltfreundliche Ressourcenpfandsystem etabliert.,相当于一个充电宝。,ツイてるね！リソース返還キャンペーン中だよ！,다행이 에너지 반환 기능을 보유하고 있습니다!,相當於一個行動電源。,"Heureusement pour vous, nous disposons désormais d'une option de refacturation des ressources !",Принцип его работы походит на аккумуляторную батарею.,É tipo um carregador portátil.,¡Para los que les da pereza hasta levantarse del sofá!
<!MissingKey:22:Get rich and healthy with this one trick doctors and the tax office don’t want you to know!>,Get rich and healthy with this one trick doctors and the tax office don’t want you to know!,Werde schnell reich und gesund! Ärzte und das Finanzamt hassen diesen Trick!!,不用担心，这个投资机会完全没有风险。,税務署や医者が知られたくない、このマル秘テクを使ってお金と健康を手に入れよう！,이것 하나로 부자가 되고 건강해질 수 있습니다. 세무서에선 절대 알려주지 않을 비결이죠.,不用擔心，這個投資機會完全沒有風險。,Les médecins et l'office des impôts souhaitent vous cacher cette simple astuce qui vous permettra de devenir riche et en bonne santé !,"Станьте богатым и счастливым с помощью одной хитрости, которую от всех нас скрывает налоговая инспекция!",Fique rico e saudável com este truque que os médicos e a administração fiscal não quer que você saiba!,¡Podrás tener millones y una salud envidiable con este truco que los médicos y Hacienda no quieren que sepas!
<!MissingKey:23:The sun is pretty awesome if you think about it. Really shiny and all.>,The sun is pretty awesome if you think about it. Really shiny and all.,"Wenn man so drüber nachdenkt, ist die Sonne schon klasse. Warm und rund und so.",赞美太阳！,考えてみれば太陽ってかなりスゴイ。本当に輝いてたりするからね。,곰곰이 생각해보면 태양이란 건 꽤 멋지죠. 엄청 반짝거리기도 하고요.,讚美太陽！,"Le soleil est plutôt impressionnant quand on y pense. Genre, il brille et tout.","Если задуматься, то солнце выглядит просто потрясающе. Светится, греет и все такое.",O sol é realmente incrível se você pensar bem. Bem brilhante e tudo mais.,"El sol es una cosa tan maravillosa... Limpia, brilla y da esplendor."
<!MissingKey:24:Put the pointy end into the evil guy.>,Put the pointy end into the evil guy.,Pack das spitze Ende in den Fieserich.,七步之内匕首又快又准。,悪党どもには挨拶代わりにナイフを突き立てろ。,뾰족한 부분을 적에게 향하게 하세요.,七步之內匕首又快又准。,Mettez le bout pointu dans le méchant.,Рекомендуется хранить острием в нехороших людях.,Coloque a ponta afiada no vilão.,Coloca el extremo puntiagudo hacia el tipo malvado.
<!MissingKey:25:You have officially been acknowledged!>,You have officially been acknowledged!,Es wird auch noch ein Eintrag im landesweiten Bienchenheft registriert!,被正式认可的凭证！,あとは力の星と知恵の星を集めると望みが叶うって聞いた気がしたんですけど…あれ？違う形でしたっけ？,공식적인 인증을 받으셨습니다!,被正式認可的憑證！,Vous voilà officiellement reconnu(e) !,Вы официально получили признание!,Seu reconhecimento oficial!,¡Se te ha reconocido... algo!
<!MissingKey:26:It even went outside alone for a bit!>,It even went outside alone for a bit!,Er ist sogar schon mal kurz alleine raus gegangen!,他自己勇敢地跑出去玩了！,1匹でちょっとだけお出かけできるくらい勇敢なんだ！,혼자서 잠깐 밖으로 나갔다 올 정도로 용감하답니다!,他自己勇敢地跑出去玩了！,Il est même sorti seul pendant un instant !,Он отлично справится и без вашей помощи!,Ele até saiu sozinho um pouquinho!,¡Estuvo solo en la calle un ratito!
<!MissingKey:27:I wonder how they put so much mana into so little orb...>,I wonder how they put so much mana into so little orb...,Wie kriegen die so viel Mana da rein?,我在琢磨这么小一个球是怎么塞进那么多魔法的。,こんな大量のマナ、いったいどうやってこの小さなオーブに詰めたんだろうね…,이렇게 작은 오브에 어떻게 그렇게 많은 마력이 담겨있는 걸까요?,我在思考，這麼小一顆球是怎麼塞進那麼多魔法的？,Je me demande comment ils ont pu mettre autant de mana dans un si petit orbe…,"Интересно, как вообще может поместиться столько маны в такую маленькую сферу...",Queria saber como colocam tanta mana num orbe tão pequenininho...,Me pregunto cómo han metido todo ese maná en un orbe tan pequeñito...
<!MissingKey:28:Such a mean little pokey thing.>,Such a mean little pokey thing.,"So ein gemeines, pieksiges, Ding.",一看就是坏人用的。,お前のチカラは俺のチカラ。俺のチカラも俺のチカラ。,정말 시시하고 얄밉기 짝이 없네요. ,一看就是壞人用的。,C'est pointu ce petit machin.,Такой меч вряд ли принадлежал герою.,Que coisinha malvada.,¡Afilada en más de un sentido!
<!MissingKey:29:There is no need to abstain from sacrificial rituals even when traveling!>,There is no need to abstain from sacrificial rituals even when traveling!,Opferrituale nun auch bequem zum Mitnehmen!,旅行时也能随时进行献祭！,心臓とかなんかいろいろ捧げよ！,이제 여행 중에도 언제든지 자유롭게 제물을 바칠 수 있습니다!,旅行時也能隨時進行獻祭！,"Pourquoi se priver de rituels sacrificiels, même en voyage ?",Все для жертвенных ритуалов всегда с собой!,Não precisa se abster dos rituais de sacrifício nem nas viagens!,¡Porque irte de viaje no es una excusa para desatender tus rituales de sacrificio!
<!MissingKey:30:Made from the BLUEST OF ALL BERRIES!>,Made from the BLUEST OF ALL BERRIES!,Es gibt auf der Welt kein blaueres Getränk.,由最蓝的蓝莓制作而成。,この世で最も青いベリーから作られてるんだよ！,가장 파란 베리들만 엄선해 제작되었습니다!,由最藍的藍莓製作而成。,Concoctée à partir des fruits rouges les plus bleus !,Изготовлено из самых голубых ягод!,Feita com as FRUTAS MAIS AZUIS DE TODAS!,¡Hecha con el arándano más azul del mundo!
<!MissingKey:31:He's such a treasure.>,He's such a treasure.,Er ist so ein Schätzchen.,可以摸，不咬人。,チェストナットは栗って意味なんだ。だから「クリ坊」とも呼ばれているのさ。,정말 보물 같은 아이죠.,可以摸，不咬人。,C'est un véritable trésor.,Настоящее маленькое сокровище!,Ele é um verdadeiro tesouro.,Es un tesoro.
<!MissingKey:32:You leave it outside for $h[one] night.>,You leave it outside for $h[one] night.,Da vergisst man das Ding einen Tag draußen...,在外面放$h[一]晚上就这样了。,盾を寒空の中に放置しても作れるよ。,밖에 $h[하루] 놔뒀을 뿐이랍니다.,在外面放$h[一]晚上就這樣了。,Essayez de le laisser dehors pendant $h[une] nuit.,Не забывайте на $h[ночь] выносить его на улицу.,O resultado de $h[uma] noite ao relento.,Un escudo que alguien se olvidó en la calle por $h[una] noche.
<!MissingKey:33:The shiny shell of the shiny snail.>,The shiny shell of the shiny snail.,"Leuchtschnecken bei ihrer Reise zu beobachten ist wundervoll, man hat auch lange was davon. ",闪闪发光蜗牛壳里面住着闪闪发光的蜗牛。,輝く殻。輝くカタツムリの。,빛나는 조개의 빛나는 껍질입니다.,閃閃發光蝸牛殼裏面住著閃閃發光的蝸牛。,La brillante coquille d'un brillant mollusque.,Блестящая раковина блестящей улитки.,A concha reluzente do também reluzente caramujo.,El caparazón deslumbrante de un caracol deslumbrante.
"<!MissingKey:34:Punch a vampire and they might explode. They might also get angry, who knows.>","Punch a vampire and they might explode. They might also get angry, who knows.","Erwischt man damit einen Vampir, explodiert er! Oder er wird sehr wütend.",闪电五连鞭，吸血鬼最怕的武器。,「吸血鬼殺し」という異名を持つ先祖伝承の聖なる鞭だけど、吸血鬼以外も痛いと思う。,흡혈귀에게 휘두르면 폭발해 버릴지도 모릅니다. 누가 뭐라 해봤자 증거도 안 남겠네요.,閃電五連鞭，吸血鬼最怕的武器。,"Si vous cognez un vampire, il risque d'exploser. Il pourrait également se mettre en colère, qui sait.",От удара этой плетью вампир разлетится на кусочки. Ну или разозлится. Тут уж как повезет.,"Dê um soco em um vampiro e talvez ele exploda. Talvez fique com raiva também, é por sua conta e risco.","Úsalo con un vampiro e igual explota. O igual explota pero de la rabia, no sé."
"<!MissingKey:35:Oh no, it dripped on the floor.>","Oh no, it dripped on the floor.",Nicht auf den Boden tropfen.,拿稳，别手滑掉了。,やっべ、床に垂れちゃった。,"이런, 바닥에 좀 흘렸네요.",拿穩，別手滑掉了。,"Oh non, je crois qu'elle vient de couler par terre.","О нет, огонь капает прямо на пол...","Poxa, pingou no chão.","Uy, no, va a poner el suelo perdido."
<!MissingKey:36:Twice the axe.>,Twice the axe.,Zweimal so gut wie nur eine Axt.,两把斧头，双倍快乐。,オーノー！オーノー！,도끼는 두 번 때린다.,兩把斧頭，雙倍快樂。,Deux pour le prix d'une.,Два лезвия — двойное удовольствие.,Duas vezes o machado.,Hachas por partida doble.
"<!MissingKey:37:Sapphire dragons are the smartest ones, so smart in fact, they don't tell you exactly how smart they are.>","Sapphire dragons are the smartest ones, so smart in fact, they don't tell you exactly how smart they are.","Saphirdrachen sind die schlausten. Sogar so schlau, dass sie einem nicht verraten, wie schlau sie jetzt genau sind.",蓝宝石幼龙最聪明，可能比你还聪明。,サファイアドラゴンはドラゴンで一番賢くて、本当に賢いもんだから、自分がどれだけ賢いか、ひけらかしたりしないんだ。,"사파이어 용은 아주 영리하기 때문에, 본인들이 얼마나 똑똑한지 말하고 다니지 않습니다.",藍寶石幼龍最聰明，可能比你還聰明。,"Les dragons saphir sont les plus intelligents, à tel point qu'ils ne vous diront jamais à quel point ils le sont.","Сапфировые драконы — самые умные. Именно поэтому им хватает ума не говорить, насколько они умные.","Os dragões de safira são os mais inteligentes, tão inteligentes que não nos dizem exatamente o quão inteligentes são.",Los dragones zafiro son tan listos que no les hace falta ir a la escuela. Nacen ya aprendidos.
<!MissingKey:38:By the power of the moon: HEAVY METAL PLATE!>,By the power of the moon: HEAVY METAL PLATE!,"Bei der Macht des Mondes, ich rufe dich, PLATTENPANZER!!",由汲取了月光能量的金属面板制作而成！,月に代わって…重金属の装甲でオシオキよ！,달과 정의의 이름으로 널 용서하지 않겠다!,由汲取了月光能量的金屬面板製作而成！,Par le pouvoir de la lune : PLAQUE DE MÉTAL LOURDE !,ВО ИМЯ ЛУНЫ!,"Bem lá no céu, uma lua existe... E essa lua dá poder à armadura.","¡Y en nombre de la luna, te protegerá!"
<!MissingKey:39:They say life is like a box full of boxes.>,They say life is like a box full of boxes.,Das Leben ist wie eine Box voll mit anderen Boxen.,喜欢开盲盒吗？,人生とは箱がいっぱい詰まった箱みたいなもの…だったっけ？,인생이란 건 상자로 가득 찬 상자와도 같습니다.,你喜歡開盲盒嗎？,"La vie, c'est comme une boîte remplie de boîtes.","Говорят, что жизнь похожа на коробку с сюрпризом. Никогда не знаешь, что внутри.",Dizem que a vida é uma caixinha cheia de caixas.,Mi madre dice que la vida es como una caja llena de cajas.
<!MissingKey:40:One of the greatest inventions of human history: The blade on a stick!>,One of the greatest inventions of human history: The blade on a stick!,Die größte Erfindung der Menschheit: Die Klinge am Stiel!,人类历史上最伟大的发明之一：棍子上绑一个石头。,剣に強くて、斧には弱い。なんてことは考えなくても大丈夫だよ。,"인류 역사상 가장 위대한 발명품 중 하나인, 칼 달린 막대입니다!",人類歷史上最偉大的發明之一：在棍子上綁一顆石頭。,L'une des plus grandes inventions de l'histoire de l'humanité : un lame sur un bâton !,Одно из величайших изобретений в истории человечества: клинок на палке!,Uma das maiores invenções da história humana: uma lâmina num pau!,Uno de los mayores inventos de la humanidad: ¡el cuchillo en un palo!
<!MissingKey:41:It tastes like sunlight with cinnamon. I don't like it.>,It tastes like sunlight with cinnamon. I don't like it.,Es schmeckt wie ein lauer Sommermorgen mit Zimt. Ich mag's ja nicht.,喝起来像阳光和肉桂的混合物，我不太喜欢这个味道。,お日さまの光にシナモンを振ったみたいな味がするよ。ボクはキライ。,계피랑 같이 먹으면 햇살 같은 맛이 난답니다. 전 별로네요.,喝起來像陽光和肉桂的混合物，我不太喜歡這個味道。,Ça a un goût de soleil avec de la cannelle. Je n'aime pas ça.,На вкус напоминает смесь солнечного света и корицы. Я не любитель подобного.,Tem gosto de luz do sol com canela. Não me apetece.,"Sabe a una mezcla de rayo de sol y canela. Un asco, vaya."
<!MissingKey:42:You are now part of the pack.>,You are now part of the pack.,Du bist nun Teil des Rudels.,你现在是狼群里的头狼了！,これでキミも群れの一員だ。,이제 당신도 무리의 일원입니다.,你現在是狼群裏的頭狼了！,Vous faites désormais partie de la meute.,Теперь вы — часть стаи.,Agora você faz parte da matilha.,Ahora eres parte de la manada.
<!MissingKey:43:When a single combobulate is not enough.>,When a single combobulate is not enough.,Manchmal muss man eben re-rekombinieren.,比较稳定，不会像另外一个重组器一样把自己也分解掉。,ギャンブルは絶対使っちゃいけない物に手を付けてからが本当の勝負。手始めに家中の家具を突っ込むとするか。,한 번의 재결합으로는 충분하지 않았다면.,比較穩定，不會像另外一個重組器一樣把自己也分解掉。,Quand un seul combobulateur ne suffit pas.,"Более стабилен и не распадается, как другой рекомбинатор.",Para quando um único combinador não é suficiente.,Cuando un simple organizador no es suficiente.
<!MissingKey:44:Give them the axe!>,Give them the axe!,Gib Axt!,让对手尝尝斧头的厉害！,オーノー！,도끼 맛 좀 보여주시죠!,讓對手嘗嘗斧頭的厲害！,Hachez-les donc !,Испытайте его на противнике!,Machadada neles!,"¡Hacha aquí, hacha allá!"
"<!MissingKey:45:Despite the rumors, it will not help you get a tan. Quite the opposite, actually.>","Despite the rumors, it will not help you get a tan. Quite the opposite, actually.","Nein, sie wird dir nicht mit der Urlaubsbräune helfen. Im Gegenteil.",被听信谣言，穿上这个晒不出古铜色的皮肤。,ウワサはともかく、着てもキレイに日焼けしたりしないよ。コレはむしろ、日焼けを防ぐんだ。,"태닝을 도와준다는 소문이 있던데, 사실이 아닙니다. 굳이 말하자면 정반대의 효과죠.",被聽信謠言，穿上這個曬不出古銅色的皮膚。,"Malgré les rumeurs, elle ne vous aidera pas à bronzer. Bien au contraire.","Ходят слухи, что в нем сложно получить бронзовый загар.","Apesar dos boatos, ela não ajuda a se bronzear. Na verdade, é exatamente o contrário.",No hagas caso a los rumores: no te ayuda a ponerte moreno. Diría que hace lo contrario.
<!MissingKey:46:Always cross the blades! Always!>,Always cross the blades! Always!,Immer die Klingen kreuzen. Immer.,你用了什么强力胶水黏上的？,どうやって持ち、どうやって斬るのかは、ご想像にお任せします。,꼭 엇갈리게 들고 계세요! 반드시!,你是用了什麼強效膠水把東西黏上去的？,Croisez toujours les lames ! Toujours !,"Интересно, каким клеем их склеили?",Sempre cruze as espadas! Sempre!,¡Las espadas cruzadas son las más usadas!
"<!MissingKey:47:Smelly wall, smelly wall, what are they feeding you? Oh, garlic of course.>","Smelly wall, smelly wall, what are they feeding you? Oh, garlic of course.",Hält nicht nur Vampire fern.,老是把大蒜挂墙上，都熏入味了。,おお、臭い立つ防壁、臭い立つ防壁よ、キミが食べさせてもらっているのは何だい？ああ、そりゃニンニクか。,"냄새나는 벽아, 뭘 먹고 그렇게 됐니? 당연히, 마늘이겠지만.",老是把大蒜掛牆上，都熏入味了。,"Mur fétide, ô mur fétide, que t'ont-ils donné à manger ? Oh, de l'ail bien sûr.",Что за ужасная вонь? Аромат надежного вонючего чесночного барьера!,"Parede fedorenta, parede fedorenta, o que estão te alimentando? Ah, alho, é claro.","Pared apestosa, pared apestosa, ¿qué te dan de comer? Pues ajo, claro está."
<!MissingKey:48:Beware of cholesterol.>,Beware of cholesterol.,"Gespeist von einer dunklen Macht, die sich „Cholesterin“ nennt.",注意你的胆固醇。,血中コレステロールの値には注意してね。,콜레스테롤을 조심하세요.,注意你的膽固醇。,Méfiez-vous du cholestérol.,Следите за уровнем холестерина.,Cuidado com o colesterol.,Cuidado con el colesterol.
<!MissingKey:49:It's filled with bling.>,It's filled with bling.,Voller fetter Klunker!,装满了很多闪闪发光的玩意。,中はキラキラの宝石でいっぱいだよ。,반짝이는 것들로 가득 차있습니다.,裝滿了很多閃閃發光的玩意。,Elle est remplie de bling-bling.,Внутри много блестящих штук.,Está cheio de brilhantes.,Está llena de pasta gansa.
<!MissingKey:50:It's basically waterbending with a bit of ironbending that needs a degree in biology.>,It's basically waterbending with a bit of ironbending that needs a degree in biology.,"Ein bisschen Wassenbendigen, etwas Eisenbendigen und sehr, sehr viel Biologie.",没有这么玄乎的，都是科学。,水操術を基本とし、鉄操術も少し組み合わせた技。使用には生物学の学位が必要となる。,"물을 조종하는 능력과 철을 조종하는 능력, 그리고 생물학 학위가 필요합니다.",沒有這麼玄乎的，都是科學。,Disons que c'est de la maîtrise de l'eau avec un peu de maîtrise du fer qui nécessite un diplôme en biologie.,"Это, по сути, управление и водой, и железом. Такая техника мало кому дается!",É basicamente manipulação de água com um pouco de manipulação de ferro que precisa de um diploma em biologia.,"Es básicamente hidrocontrol y un poco de ferrocontrol, para lo cual se necesita un título en biología."
<!MissingKey:51:All of this effort with all these bones just because brains are so mushy.>,All of this effort with all these bones just because brains are so mushy.,"So ein Aufwand mit all diesen Knochen, nur weil Gehirne so weich sind.",坏到“骨”子里了，嘿嘿。,ガイコツがあんなに丈夫なのは、脳ミソがあまりにやわらかいからなのさ。,"뼈다귀들의 수많은 노력에도 불구하고, 뇌는 찾지 못했다고 합니다.",壞到『骨』子裏了，嘿嘿。,"Tous ces efforts et tous ces os, si seulement les cerveaux n'étaient pas si mous.","Кости нужны черепу только потому, что мозг мягкий и может вытечь.",O símbolo preferido de todo jovem trevoso.,Los cerebros necesitan toda la protección que puedan tener.
<!MissingKey:52:It almost makes you look forward to getting hurt again. It's so tasty! >,It almost makes you look forward to getting hurt again. It's so tasty! ,"So gut, man freut sich fast auf die nächste Verletzung!",有了这个你还怕什么，莽就完事了。,あと5回アップグレードすると「上級ハイヘルスポーション改EX Ver2.0 デラックスエディション」になります。,나중에 또 다치고 싶어질 수도 있습니다.,有了這個你還怕什麼？全速前進DA☆！,C'est tellement bon qu'on a presque envie de se blesser encore !,"Настолько вкусное, что вызывает желание ненароком пораниться...",É tão gostosa que quase dá vontade de se machucar de novo!,Está tan buena que te dan ganas de que te vuelvan a dejar para el arrastre.
"<!MissingKey:53:Their system of government is simple: Whoever has the crown, has the power.>","Their system of government is simple: Whoever has the crown, has the power.","Ein simples Regierungssystem: Wer die Krone hat, hat die Macht.",黏黏的法律很简单：谁戴王冠，谁就是老大。,スラバートの政治制度はシンプルなんだ。$h[王冠をかぶってるヤツはエラい]、それだけさ。,슬돌이들의 조직 위계는 간단합니다: 왕관을 쓴 사람이 대장이죠.,黏呼呼的法律很簡單：誰戴王冠，誰就是老大。,Leur système de gouvernement est simple : celui qui a la couronne a le pouvoir.,"Система правления проста: у кого корона, тот и король!",O sistema de governo deles é simples: manda quem tem a coroa.,Su sistema de gobierno es siempre: manda el que lleve la corona.
<!MissingKey:54:Don't eat it and don't rub it in your eyes. Please. I'm serious.>,Don't eat it and don't rub it in your eyes. Please. I'm serious.,Nicht essen und nicht in die Augen kriegen. Ich meine das ernst!,别吃，别用它揉眼睛，我是很严肃地告诉你。,絶対に食べちゃダメだし、絶対に触ったあとに目をこするのもダメだぞ。フリじゃないからね。,제발 먹지도 말고 눈에 비비지도 마세요. 진지합니다.,別吃，別用它揉眼睛，我很認真地跟你講。,Ne le mangez pas et ne vous frottez pas les yeux. Je vous en prie. Je ne plaisante pas.,Не ешьте его и не трите им глаза. Пожалуйста. Без шуток.,Não coma nem esfregue nos olhos. Por favor. Estou falando sério.,"Ni te la comas ni te la pongas en los ojos, o acabarás en urgencias."
<!MissingKey:55:TASTE THE RAINBOOOOW.>,TASTE THE RAINBOOOOW.,.,黏黏吃了彩虹之后就变成这样了。,ボクはすべてのスラバートの魂を賭ける！,무지개 맛 좀 봐라!,黏呼呼吃了彩虹之後就變成這樣了。,LA PUISSANCE DE L'ARC-EN-CIEL.,ПОПРОБУЙ РАДУГУ НА ВКУС!,SINTA O ARCO-ÍRIS!,¡Sabor a arcoíris!
<!MissingKey:56:Dress for success – dress to be a dragon!>,Dress for success – dress to be a dragon!,Kleider machen Leute – oder auch Drachen.,成功人士的必备套装——龙鳞套。,ビジネスの場はこれで決まり！ドラゴンコーデのススメ。,성공을 위한 복장 - 옷이 드래곤을 만듭니다,成功人士的必備套裝——龍鱗套。,"L'habit fait le moine, pas vrai ? Habillez-vous comme un dragon !",Носите одежду из кожи дракона! Станьте драконом!,Vista-se para o sucesso – vista-se como um dragão!,¡El último rugido en moda draconiana!
<!MissingKey:57:Some might even call it spectacular.>,Some might even call it spectacular.,"Lang, gerade und stahlhart.",矮个子可能不太适合用这个。,これぞ剣の中の剣、って呼ぶ人もいるらしいよ。,누군가에게는 명검일 수 있습니다.,矮冬瓜可能不太適合用這個。,Certains utiliseront même le mot spectaculaire.,Не каждый сможет удержать его в руке.,Tem até quem a chame de espetacular.,"Aunque se llame mandoble, solo hay uno."
<!MissingKey:58:Never let a Critwood tree hit you.>,Never let a Critwood tree hit you.,"Man sagt, der Ast des Kritholzbaumes trifft immer ins Auge.",小心别被打出暴击！,この杖での一撃を受けたら、痛恨の極みだよ。,이 지팡이로 절대 얻어 맞지 마세요.,小心別被打出暴擊！,Ne vous laissez jamais frapper par un Bâton critique.,"Не позавидуешь тому, кто попадет под удар этого посоха...",Jamais deixe um criteiro atingir você.,Si se cae este bastón en medio del bosque y no hay nadie para oírlo...
<!MissingKey:59:I don't know the rules of the game but I know this card is the best.>,I don't know the rules of the game but I know this card is the best.,"Ich kenne die Regeln nicht, aber diese Karte hier ist die allerbeste!",我不怎么清楚这副牌的规则，但是这张一看就是最厉害的。,弱いコイツなんていらない。,"게임 규칙은 잘 모르지만, 이 카드가 가장 셀 겁니다.",我不怎麼清楚這副牌的規則，但是這張一看就是最厲害的。,"Je n'ai aucune idée des règles du jeu, mais je sais que cette carte compte parmi les meilleures.","Я не знаю правил игры, но эта карта — определенно лучшая.","Não sei as regras do jogo, mas sei que não existe carta melhor que esta.","No tengo ni idea de cómo va el juego, pero esta carta es la leche."
"<!MissingKey:60:In some cultures, throwing a pumpkin at people is considered rude.>","In some cultures, throwing a pumpkin at people is considered rude.","In manchen Kulturen gilt es als Beleidigung, jemanden mit einem Kürbis zu bewerfen.",在某些文化中，向别人丢南瓜是很不礼貌的。,一部の地域では、カボチャを人に投げつけるのは失礼にあたるよ。,"일부 문화권에선, 사람에게 호박을 던지는 게 무례한 일이라고 합니다.",在某些文化中，向別人丟南瓜是很不禮貌的。,"Le saviez-vous, dans certaines cultures, ce n'est pas poli de lancer une citrouille sur les gens.",Во многих культурах бросание тыквы в людей считается оскорблением.,Algumas culturas consideram grosseria jogar abóboras nos outros.,"Si tienes algún pretendiente, te vendrá de perlas para rechazarle."
"<!MissingKey:61:He's just happy to have some friends around him, no idea why they are so scared.>","He's just happy to have some friends around him, no idea why they are so scared.",Sie will doch nur Gesellschaft. ,不要怕！它只是想和你做朋友。,この子は近くに友だちがいると喜ぶのに、友だちの方はすごく怖がるんだ。なんでだろう？,"주변에 친구들이 있어서 신났을 뿐인데, 다들 왜 이렇게 무서워하는지 모르겠다네요.",不要怕！它只是想和你做朋友。,"Regardez comme il est heureux d'avoir des amis autour de lui, il ne doit pas comprendre ce qui leur fait si peur.","Так приятно, когда рядом с тобой друзья! Интересно, чем они так напуганы?","Ele só está feliz de ter vários amigos em volta, não sei por que tanto medo.","Está feliz de poder estar rodeado de sus amigos, a los que tiene aterrorizados."
"<!MissingKey:62:It is difficult to be spooky, try being concerning at first and then work your way up! >","It is difficult to be spooky, try being concerning at first and then work your way up! ","Es ist nicht leicht, gruselig zu sein, fang an mit „bedenklich“ und arbeite dich hoch.",还在学习吓人的小鬼，看起来一点也不恐怖，但是请假装害怕鼓励一下它。,不気味な存在になる道は険しい。まずは興味を引く存在になって、そこからは地道に努力しないといけない。,"으스스한 존재가 되는 건 정말 어려운 일입니다. 처음에는 관심을 끌기 위한 법을 익히고, 그 다음엔 차근차근 노력해야하죠.",還在學習嚇人的小鬼，看起來一點也不恐怖，但是請假裝害怕鼓勵一下它。,"Ce n'est pas facile de faire peur, essayez d'abord d'être inquiétant, puis allez-y petit à petit !","Не так то просто выглядеть устрашающе! (Если вам не страшно, пожалуйста, не подавайте вида.)","Ser assustador é difícil. Primeiro tente ser inquietante, depois aperfeiçoe-se.","Dar miedo es difícil, hay que empezar dando mal rollo y luego trabajar en ello con tesón."
"<!MissingKey:63:Just because it looks evil, does not mean it is evil. But in this case, it is very evil.>","Just because it looks evil, does not mean it is evil. But in this case, it is very evil.","Nur weil er böse aussieht, muss er nicht gleich böse sein. Aber der hier ist eindeutig böse.",不要看到一个骷髅头就以为是邪恶之物。但就这个物品来说，确实是个邪恶之物。,ワルそうに見えるヤツがワルだとは限らない。でもコイツの場合は、かなりのワルだよ。,사악해보인다고 해서 꼭 사악한 것은 아닙니다. 이것에 한해선 맞는 이야기지만요.,不要看到一個骷髏頭就以為是邪惡之物。但就這個物品來說，確實是個邪惡之物。,"Ce n'est pas parce qu'un objet a l'air maléfique qu'il est forcément maléfique. Mais dans ce cas, il est profondément maléfique.","Если артефакт выглядит зловеще — это вовсе не означает, что так оно и есть. За исключением отдельных случаев...","Só porque parece malvado, não significa que seja malvado. Mas, neste caso, é muito malvado.","Que parezca maligno no quiere decir que sea maligno..., pero en este caso sí es así."
"<!MissingKey:64:Throwing snowballs can be dangerous, only throw them at people that really deserve it.>","Throwing snowballs can be dangerous, only throw them at people that really deserve it.","Schnebälle auf Leute zu schmeißen ist sehr gefährlich, also überlege gut, wer es verdient hat.",朝人丢雪球其实挺危险的，如果里面藏里石块的话。,返事がない。ただの雪玉のようだ。,"눈덩이를 던지는 건 매우 위험한 행위로, 자격이 있는 사람만 던질 수 있습니다.",朝人丟雪球其實挺危險的，如果裏面藏裏石塊的話。,"Lancer des boules de neige peut être dangereux, ne les lancez qu'aux personnes qui le méritent vraiment.","Снежки тоже могут быть опасными. Кидайте их только в тех, кто этого действительно заслуживает!","Jogar bolas de neve pode ser perigoso, só jogue nas pessoas que realmente merecem.",Lanzar bolas de nieve es peligroso; lánzalas sólo a quien se lo merezca.
<!MissingKey:65:What a massive... surprise!>,What a massive... surprise!,So eine dicke... Überraschung!,没想到进化后这么大一只……,わたしたち、進化の順番、入れ替わってるー！？,"어우, 엄청 무겁...지 않습니다!",沒想到進化後這麼大一隻……,Quelle surprise… de taille !,Какой огромный... сюрприз!,Que baita... surpresa!,¡Menudo pedazo de... sorpresa!
"<!MissingKey:66:Cuberts have no genetic overlap with Gooberts, which is very suspicious. Experts say this might be on purpose. >","Cuberts have no genetic overlap with Gooberts, which is very suspicious. Experts say this might be on purpose. ",Eckberts haben keine genetische Gemeinsamkeit mit Schlotzberts. Keine einzige. Das ist sehr verdächtig.,尽管看起来很相似，方块黏黏其实和黏黏不是一个物种，反正专家是这样说的。,キューバートとスラバートに遺伝的なつながりはないらしいけど、どうだか。専門家によると、似てるのは偶然じゃないかもしれないって話だよ。,"아주 미심쩍지만, 각돌이와 슬돌이는 유전적으로 일치하는 부분이 전혀 없습니다. 전문가들의 의견에 따르면 의도적으로 만들어졌을 수 있다고 하네요.",儘管看起來很相似，方塊黏呼呼其實和黏呼呼不是一個物種，反正專家是這樣說的。,"Les Cubeux ne partagent aucun patrimoine génétique avec les Viskeux, ce qui est particulièrement suspect. Les experts estiment que cela pourrait être délibéré.","Как ни странно, но Куберты не имеют генетического сходства со Слаймерами.","O Quaberto não tem sobreposição genética com os Gosbertos, o que é muito suspeito. Segundo os especialistas, isso pode ser de propósito.","Los cuadradinos no están relacionados genéticamente con los viscosinos, algo muy sospechoso. Los expertos afirman que es a propósito."
<!MissingKey:67:It's so much harder to harvest things that defend themselves. Ugh.>,It's so much harder to harvest things that defend themselves. Ugh.,"Es ist so viel schwerer, Dinge zu ernten die sich wehren. Schlimm sowas.",和用这个来战斗比起来，收割谷物更加累人。,自分の身を守ろうとするモノを狩るのって、めちゃくちゃ大変なんだよねえ…,도망치는 것들을 수확하는 건 훨씬 어려운 일이랍니다. 으윽.,就算拿這個戰鬥，也比拿這個收割穀物輕鬆。,C'est tellement plus compliqué de moissonner des trucs qui se défendent. Argh…,"Как ни странно, сражаться этой штукой намного легче, чем пытаться косить траву...",É tão mais difícil colher coisas que se defendem. Aff!,Es mucho más difícil cosechar cosas que se pueden defender... ¡Bah!
"<!MissingKey:68:It feels like ice scating but much, much harder.>","It feels like ice scating but much, much harder.","Fühlt sich an wie Schlittschuhlaufen - nur viel, viel schwerer.",有点像滑冰，但是难度大很多。,スケートしてるみたいになるけど、スケートよりはるかに難しいよ。,"아이스 스케이팅과 비슷한 감각이지만, 그것보다 훨씬 어렵습니다.",有點像滑冰，但是難度大很多。,"Un peu comme de la glace, mais en beaucoup plus dur.",Похоже на катание на коньках... только в разы сложнее!,"Parece patinação no gelo, mas muito, muito mais difícil.","Es como patinar sobre hielo pero mucho, mucho más difícil."
"<!MissingKey:69:Look, you can't have too many aces.>","Look, you can't have too many aces.",Das sind aber ganz schön viele Asse...,黑桃A一出，谁与争锋？,いいかい、普通スペードのエースは1枚だけなんだよ。,에이스를 그렇게 많이 들고 계시면 안돼요.,黑桃A一出，誰與爭鋒？,"Écoutez, je crois qu'on n'a jamais trop d'as.",Много тузов не бывает.,Ás nunca é de mais.,Un as nunca está de más.
<!MissingKey:70:You should not adventure bare foot. People will give you weird looks.>,You should not adventure bare foot. People will give you weird looks.,"Du solltest nicht barfuß ins Abenteuer starten, die Leute schauen sonst so.",虽然不咋样，但是总比光脚好。,はだしで冒険に出かけるのはオススメしないな。変な目で見られちゃうからね。,맨발로 돌아다니시면 사람들이 이상하게 볼 수도 있습니다.,雖然不怎麼樣，但是總比光著腳ㄚ子好。,Ne vous aventurez pas pieds nus. Les gens vous regarderont bizarrement.,Не стоит отправляться в приключения босиком. Люди вас просто-напросто не поймут.,Você não deveria se aventurar de pés descalços. As pessoas olham atravessado.,No te vayas de aventuras con los pies descalzos o te ganarás más de una mirada reprobatoria.
<!MissingKey:71:The Paradise Birb is a truly marvelous creature. Its colorful plumage protects it from predators through overwhelming beauty.>,The Paradise Birb is a truly marvelous creature. Its colorful plumage protects it from predators through overwhelming beauty.,"Der Regenbogen-Piepmatz ist eine wahrlich beindruckende Kreatur. Kein potenzieller Fressfeind schafft es, ihre überwältigende Schönheit zu überwinden.",极乐鸟是一种难以置信的生物。他们通过绚丽的羽毛把狩猎者的眼睛亮瞎来保护自己。,極楽チュンは本当に驚くべき生物だ。色彩豊かな羽毛の圧倒的な美しさでもって捕食者から身を守っているのである。,극락조는 정말 놀라운 생명체입니다. 화려한 깃털이 뽐내는 압도적인 아름다움은 포식자로부터 새를 보호합니다.,極樂鳥是一種難以置信的生物。他們通過絢麗的羽毛把狩獵者的眼睛亮瞎來保護自己。,Le paradisier est une créature on ne peut plus splendide. Son plumage coloré le protège des prédateurs grâce à sa beauté irrésistible.,Райская птица — поистине чудесное создание. Ее красочное оперение защищает хищников от такой ошеломляющей красоты.,O Pássaro do Paraíso é uma criatura verdadeiramente maravilhosa. Sua plumagem colorida o protege dos predadores por meio de uma beleza deslumbrante.,El pajarillo del paraíso es una criatura verdaderamente maravillosa. Su colorido plumaje la protege de los depredadores con una belleza abrumadora.
"<!MissingKey:72:It is all kinds of disgusting, every single one.>","It is all kinds of disgusting, every single one.",Auf wirklich jede einzige Art ekelhaft.,又一把无从下手的武器。,昔はお前のように冒険していたのだが、毒のついた矢とか触るのなんか怖くてな…,온갖 유형의 위장술을 익혔습니다.,又一把無從下手的武器。,"Ne vous fiez pas aux apparences, il y en a de toutes les sortes.",Еще одно отвратительное оружие.,Mais um arco impossível de usar.,No se me ocurre cosa más asquerosa que esta.
<!MissingKey:73:It may be the best tool to keep your hands warm.>,It may be the best tool to keep your hands warm.,Die beste Art seine Hände zu wärmen.,在杀敌之余还能暖手。,手先が冷える末端冷え性の人には特にオススメだよ。足先は…がんばれ！,추운 겨울에 손을 따뜻하게 유지하기 위한 최고의 무기입니다.,在殺敵之餘還能暖手。,Il se pourrait bien que ce soit le meilleur outil pour garder vos mains au chaud.,Ваши руки всегда будут в тепле.,Talvez seja o melhor objeto para manter as mãos aquecidas.,La forma ideal de tener siempre las manos calentitas.
<!MissingKey:74:You need to be really careful even looking at it.>,You need to be really careful even looking at it.,"Zerfällt sogar, wenn man ihn nicht vorsichtig genug anschaut.",要是倒了就怪你。,雪ダルマ崩そう～,곁에서 보는 것조차도 조심해야 합니다.,要是倒了就怪你。,"Faites très attention, ne serait-ce qu'en posant les yeux dessus.","Вы должны быть очень осторожны, даже просто глядя на него.",Você precisa ter muito cuidado até mesmo ao olhar para isso.,Es peligroso incluso mirarlo.
<!MissingKey:75:The wise puppy knows what to chomp on.>,The wise puppy knows what to chomp on.,"Ein weiser Welpe weiß, woran man kauen darf.",聪明的狼崽不会乱吃东西。,賢い狼の子っていうのは、噛みついていいモノの見分けがつくのさ。,뭘 씹어야 할지 알고 있는 현명한 강아지입니다.,聰明的狼崽不會亂吃東西。,Louveteau avisé sait ce qu'il doit manger.,Мудрый щенок не ест что попало.,O filhotinho sábio sabe o que morder.,El cachorro sabio que sabe qué puede y qué no puede comer.
<!MissingKey:76:It's just nice when your pet reincarnates. Far less to worry about.>,It's just nice when your pet reincarnates. Far less to worry about.,"Es ist schön, wenn man ein Haustier reinkarnieren kann. Macht vieles einfacher.",有个能复活的宠物能让你少操很多心。,復活するペットがいるのは助かるよ。何したって心配ないからね。,"부활하는 애완동물이라니, 걱정 거리는 하나 덜겠네요.",有個能復活的寵物能讓你少操很多心。,Je dois dire que ce n'est pas si mal quand votre familier se réincarne. C'est beaucoup moins préoccupant.,"Так удобно, когда твой питомец может воскрешаться. Меньше забот.",É ótimo quando seu bichinho revive. Menos um motivo para se preocupar.,Es un alivio tener una mascota que resucita nada más morirse.
<!MissingKey:77:The bunnies here just are like that.>,The bunnies here just are like that.,Ein ganz normales Hoppelhäschen.,我们这里的兔子就长这样。,"ウサギははねる♪

…キミの首をね。",여기 토끼는 원래 이렇게 생겼습니다.,我們這裏的兔子就長這樣。,"Comment ça, les lièvres ne sont pas comme ça chez vous ?",Самый обычный кролик.,Os coelhos daqui são todos assim.,Los conejos de por aquí son así.
"<!MissingKey:78:He's fine, he likes that. He's really into it.>","He's fine, he likes that. He's really into it.","Es ist okay, er mag das. Komplett unbedenklich.",别担心，它没事，其实他还挺喜欢这种感觉的。,スラバートなら大丈夫。刺さった剣、すっごく気に入ってるってさ。,괜찮아요. 그걸 정말 좋아하거든요. 아주 푹 빠져있네요.,別擔心，它沒事，其實他還挺喜歡這種感覺的。,"Il va bien, vraiment, il aime ça. C'est son truc.","Он в порядке, ему это нравится. Ему это о-очень нравится.","Está tudo bem, ele gosta. Gosta muito.",El ibuprofeno no cura este tipo de dolor de cabeza.
<!MissingKey:79:It has no reason to be that slippery.>,It has no reason to be that slippery.,Es sollte wirklich nicht so klebrig sein.,蛇皮滑溜溜的，拿不稳。,ヘビみたいにツルツルで滑りやすいけど、それに特に理由はないよ。,아무 이유 없이 미끈거립니다.,蛇皮滑溜溜的，拿不穩。,Je ne comprends toujours pas pourquoi il est si glissant.,Скользкая змеиная кожа то и дело выскальзывает из рук.,Não tem por que ser tão escorregadio assim.,"Cuidado, que muerde."
<!MissingKey:80:A traveler's best friend. Except if you have actual friends.>,A traveler's best friend. Except if you have actual friends.,Der beste Freund des Abenteurers – wenn man sonst niemanden kennt.,居家旅行之友，如果你真的有朋友的话那就另当别说。,旅人にとっての親友だね。本物の友だちがいない人に限る話だけど。,여행자의 최고의 친구죠. 현실 친구가 없다면요.,居家旅行的好夥伴，但如果你真的有朋友，那就另當別論了。,Le meilleur ami du voyageur. Sauf si vous avez de vrais amis.,"Лучший друг путешественника. Конечно, за исключением тех случаев, когда у путешественника есть настоящие друзья.",A melhor amiga de um viajante. A não ser que você tenha amigos de verdade.,"El mejor amigo del viajero..., a no ser que tengas amigos de verdad."
"<!MissingKey:81:If you hit them real hard, you can then hit them twice!>","If you hit them real hard, you can then hit them twice!","Wenn du sie richtig derb triffst, kannst du sie gleich nochmal treffen!",运气好能射出两发，别问我，我也不知道原理。,急所に当たりが出たらもう一回！,"활을 정말 정말 세게 쏘면, 두 번 명중할 수도 있습니다!",運氣好能射出兩發，別問我，我也不知道原理。,"Si vous les frappez très fort, vous pouvez les frapper une deuxième fois !","Если очень повезет, то он выстрелит дважды. Однако никто не знает, как это работает.","Se você acertar com muita força, vai poder acertar duas vezes!","¡Si golpeas al enemigo fuerte, es como si le golpearas dos veces!"
<!MissingKey:82:It's just so unpleasant!>,It's just so unpleasant!,So unbequem.,戴头上舒服吗？,うわっ、頭気持ち悪っ。,정말 불쾌하게 생겼네요!,戴頭上舒服嗎？,Ce n'est vraiment pas agréable !,А стоит ли надевать его на голову?,É tão desagradável!,¡Qué repelús da!
<!MissingKey:83:A proud warrior of the gingerbread tribe.>,A proud warrior of the gingerbread tribe.,Ein tapferer Lebkuchenkrieger.,我知道你很想吃，但是先忍住。,彼は、ジンジャーブレッド族の誇り高き戦士なんだ。,진저브레드 부족의 자랑스러운 전사입니다.,我知道你很想吃，但是先忍忍吧。,Un fier guerrier de la tribu des pains d'épices.,Гордый воин племени пряников.,Um primo de um grande amigo de um ogro muito famoso.,Este guerrero es el orgullo de la tribu galletil.
<!MissingKey:84:Biting cold. Literally. It chomps you.>,Biting cold. Literally. It chomps you.,"Wortwörtlich beißende Kälte, sie nomst den Gegner.",记得戴保暖手套再拿剑。,噛まれたかって思うくらい冷たいよ。というかコレ、本当に噛むしね。,물 수도 있으니 조심하세요.,記得戴保暖手套再拿劍。 ,Un froid cinglant. Littéralement. La définition même de givré.,Пронзает холодом. В буквальном смысле. Он. Пронзает. Холодом.,"Não só a dor do corte, mas também a dor do frio.",Acuérdate de usar manoplas.
<!MissingKey:85:Once owned by the Shiny King.>,Once owned by the Shiny King.,Die Krone des glitzernden Königs.,戴上这个王冠别人都不敢直视你，实在是太耀眼了。,かつては栄光ある王が所有してたんだってさ。,한때는 찬란한 왕이 지니던 물건입니다.,戴上這個皇冠別人都不敢直視你，實在是太耀眼了。,Elle a appartenu au roi étincelant.,"Настолько ослепительна, что без слез не взглянешь!",Já foi do Rei Reluzente.,Solía ser propiedad del Rey Reluciente.
"<!MissingKey:86:No matter what you do, people will try to extinguish the banner and it really bothers me.>","No matter what you do, people will try to extinguish the banner and it really bothers me.","Egal was man versucht, Leute versuchen das Banner zu löschen und es nervt mich!",不管你怎么解释，每个人都会去把火扑灭，非常烦人。,キミが何をしたところで、人はこの旗の火を消そうとするだろうね。イライラするよ。,"몇 번을 말해도 다들 깃발에 붙은 불을 끄려고 드는데, 귀찮기 짝이 없습니다.",不管你怎麼解釋，每個人都會去把火撲滅，非常煩人。,"Quoi que vous fassiez, les gens essaieront d'éteindre cette bannière, c'est insupportable.","Как ни пытайся объяснить людям, они все равно пытаются потушить огонь.","As pessoas tentam apagar o estandarte de todo jeito, e isso me irrita muito.",No sé cuántas veces han llamado ya a los bomberos para que vengan a apagarlo...
<!MissingKey:87:All you need to do is become a little bit stronger every day.>,All you need to do is become a little bit stronger every day.,Jeden Tag ein bisschen stärker.,一点加成不算什么，但是积少成多。,えっ？1割だけでいいの？世界の半分までなら出せるよ？,매일 꾸준하게 조금씩 강해지면 됩니다.,一點加成不算什麼，但是積少成多。,"Tout ce que vous avez à faire, c'est de vous renforcer un peu plus chaque jour.","Все, что нужно, — это становиться немного сильнее каждый день.",Tudo o que você precisa fazer é se tornar um pouco mais forte a cada dia.,Todo lo que tienes que hacer es ser un poco más fuerte cada día.
"<!MissingKey:88:It mostly drives you mad by pinching you. Petty, but effective.>","It mostly drives you mad by pinching you. Petty, but effective.","Es treibt dich durch regelmäßiges Zwicken in den Wahnsinn. Etwas albern, aber durchaus fürchterlich. ",穿上去让人很难受，但就是这么设计的。,着ると無性に夜食が食べたくなる鎧。,이 갑옷은 여러분을 꼬집어서 열받게 만듭니다. 간단하지만 효과적이죠.,穿上去讓人很難受，但就是這麼設計的。,"Ses piques de partout vous plongent dans une folie furieuse. Ce n'est pas idiot, du moment que ça fonctionne.","Медленно сводит с ума, пощипывая кожу. Медленно, но эффективно.","Ela belisca para estimular a raiva. É um método bobo, mas eficaz.","Aumenta tu ira asesina a base de pellizcos. No es lo ideal, pero es eficaz."
"<!MissingKey:89:Oh great, the mushroom was what it was missing.>","Oh great, the mushroom was what it was missing.","Oh ja, ein Pilz hat gefehlt.",原来只要加入致幻蘑菇就能变成强力魔药。,毒キノコを使用しているため、白いフワフワが浮かんでいることがありますが、品質には問題ありません。,"오, 빠뜨린 재료가 뭔가 했더니 버섯이었네요.",原來只要加入致幻蘑菇就能變成強效魔藥。,"Génial, il ne manquait plus que le champignon.","Отлично, именно грибов-то нам и не хватало...","Ah, sim, o que estava faltando era o cogumelo.","Ah, sí, solo le hacía falta un poco de seta venenosa."
<!MissingKey:90:Dragons need it cozy.>,Dragons need it cozy.,Drachen brauchen ein wohliges Zuhause.,龙也要一个舒服的地方睡觉。,ドラゴンがくつろぐためにはコレが必要なんだ。,용에게도 쉴 곳은 필요합니다.,龍也要一個舒服的地方睡覺。,Les dragons aussi ont besoin de confort.,Драконам тоже нужен уют.,Dragões precisam de aconchego.,Solo le falta una suscripción a alguna plataforma de «streaming».
<!MissingKey:91:Is it even real music when you know what note will come next?>,Is it even real music when you know what note will come next?,Bei echter Musik überrascht einen jeder Ton.,如果知道演奏的下一个音符是什么，那这还是真正的音乐吗？,次に演奏する音が決まってない即興演奏のほうが、ホンモノの音楽っぽい気がしない？,"다음에 무슨 음이 나올지를 알고 있다면, 이걸 음악이라고 할 수 있을까요?",如果知道演奏的下一個音符是什麼，那還算是真正的音樂嗎？,Est-ce qu'on peut vraiment parler de musique quand on sait quelle note vient après ?,"Возможно ли насладиться музыкой, когда заранее знаешь следующие ноты?",Dá mesmo para chamar de música quando sabemos qual é a próxima nota?,¿Dónde está la magia de la música si ya sabes qué nota viene a continuación?
<!MissingKey:92:Stay hydrated!>,Stay hydrated!,Trinken Sie stets genug!,记得补充水分！,こまめに水分補給！,수분을 섭취하세요!,記得補充水分！,Buvez de l'eau !,Любому организму необходима вода!,Mantenha-se hidratado!,¡Mantente hidratado!
"<!MissingKey:93:Pet him in quill direction, or die, it's your choice.>","Pet him in quill direction, or die, it's your choice.","Streichel mit dem Strich oder stirb, es ist deine Wahl.",记得顺着它的刺去撸，当然你要反着摸我也不拦你。,近寄らないでくれ。俺は無自覚に人を傷つけちまうんだ…,가시 결대로 쓰다듬거나 죽거나. 선택은 여러분의 몫입니다.,記得順著它的刺去撫摸，當然你要反著摸我也不攔你。,"Vous pouvez le caresser dans le sens du poil ou mourir, c'est vous qui voyez.","Не забывайте гладить его только по направлению роста иголок. Хотя я не буду вас останавливать, если вы захотите погладить его в обратном направлении.",Faça carinho nele seguindo a direção dos espinhos ou morra: a escolha é sua.,Cuidado con cómo lo acaricias o te irás sin mano.
<!MissingKey:94:Prophecy says it brings chaos through the means of food poisoning.>,Prophecy says it brings chaos through the means of food poisoning.,Es stürzt die Welt in Chaos – durch Lebensmittelvergiftung.,别和食物放一起，会食物中毒的。,予言によれば、このナベは食中毒で世界に混沌をもたらすという。,.한 예언에 따르면 이 냄비는 식중독으로 인한 대혼란을 불러온다고 합니다.,,La prophétie raconte qu'elle sèmera le chaos à l'aide d'une bonne intoxication alimentaire.,"Пророчество гласит, что этот предмет сеет хаос, отравляя пищу.",Diz a profecia que ela instaura o caos através da intoxicação alimentar.,La profecía avisa de la llegada del demonio de la salmonela.
"<!MissingKey:95:There are also pink rubies, but no one talk about those.>","There are also pink rubies, but no one talk about those.","Es gibt auch pinke Rubine, aber irgendwie interessiert das keinen.",红宝石也有粉色的，但是没什么人喜欢。,ルビーにはピンクのやつもあるんだけど、その話は誰もしたがらないね。,"핑크색 루비도 있긴 하지만, 딱히 신경 쓰는 사람은 없습니다.",紅寶石也有粉色的，但是沒什麼人喜歡。,"Il existe également des rubis roses, mais personne n'en parle jamais.","Еще есть розовые рубины, но о них почему-то никто не говорит.","Existem rubis rosa também, mas ninguém fala deles.","También hay rubíes rosas, pero esos no le importan a nadie."
"<!MissingKey:96:Common does not mean ‘bad’, they are common because they are so great!>","Common does not mean ‘bad’, they are common because they are so great!",„Gewöhnlich“ bedeutet nicht „schlecht“. Standardisierung ist richtig und wichtig.,不要嫌弃普通物品啦！,コモンというありふれたものは「悪い」ということじゃない。とっても優れているからこそ、ありふれているのだ！,"일반적이라는 건 '나쁘다'는 뜻이 아니라, 그만큼 괜찮다는 뜻입니다!",不要嫌棄普通物品啦！,"Ce n'est pas si mal d'être commun, et dans ce cas précis, c'est tout simplement génial !",Обычный не значит «плохой». Обычные вещи великолепны своей обычностью!,"Comum não significa ""ruim"", eles são comuns porque são ótimos!","Que sea común no implica peor calidad, ¡se usa mucho porque es una maravilla!"
<!MissingKey:97:So soft!>,So soft!,So flauschig!!,软软的！,Oh! ポポさん カバンの並びの乱れWatch…ｶﾜｲｲｶﾜｲｲﾈ,말랑하네요!,軟軟的！,Plus doux que doux !,Невероятно мягкий!,Tão macio!,¡Qué suave!
"<!MissingKey:98:Remember, this is not a telephone. Don't respond to it no matter what it says!>","Remember, this is not a telephone. Don't respond to it no matter what it says!","Bitte denk daran, egal was die Banane dir erzählt, sie ist kein Telefon!",记住了，这玩意不是手机。不要回答任何来电！,忘れないで、バナナは電話じゃないからね。何か聞こえたとしても、返事しちゃダメだよ！,이건 전화기가 아닙니다. 무슨 소리가 들려도 절대 대답하지 마세요!,記住了，這玩意不是手機。不管它說什麼都別回話。,"Ce n'est pas un téléphone. Ne décrochez pas, peu importe ce qu'on vous dit !","Помните, что это не телефон. Не отвечайте ему, что бы он ни говорил!","Lembre-se, isto não é um telefone. Não atenda, não importa o que diga!",Recuerda que no es un teléfono. ¡No respondas por mucho que suene!
<!MissingKey:99:Nice to have one of these around in the summer.>,Nice to have one of these around in the summer.,Besonders an heißen Tagen ist es praktisch einen klimatisierten Begleiter zu haben.,显而易见，冰霜巨龙的朋友夏天非常喜欢和它在一起玩耍。,夏場に一家に一匹。,여름에 한 마리 데리고 있으면 좋습니다.,顯而易見，冰霜巨龍的朋友夏天非常喜歡和它在一起玩耍。,C'est toujours agréable d'en avoir un à portée de main pendant l'été.,"То, чего так не хватает жарким летом.",É bom ter um desses no verão.,Siempre viene bien en los días tórridos de verano.
"<!MissingKey:100:There are many different energy sources to burn, don't always focus on fossil fuels.>","There are many different energy sources to burn, don't always focus on fossil fuels.",Man sollte auch Alternativen zu Erdöl bedenken – Mana brennt in einer schönen blauen Flamme.,相比烧煤油，更加环保。,火を燃やすのに必要な燃料にはたくさん種類があるんだ。化石燃料のほかにも、いっぱいね。,태울 수 있는 것들은 많으니 고전적인 화석 연료에 집착할 필요는 없습니다.,相比燒煤油，更加環保。,"Il existe de nombreuses sources d'énergie différentes en termes de combustion, ne vous limitez pas aux combustibles fossiles.",Намного экологичнее большинства горящих предметов.,"Há vários tipos de fonte de energia para queimar, não precisa recorrer sempre aos combustíveis fósseis.","Se pueden quemar muchas cosas distintas, no hay que usar siempre combustibles fósiles."
<!MissingKey:101:Flexibility in combat is overrated.>,Flexibility in combat is overrated.,Beweglichkeit ist überbewertet.,灵活度基本为零，但也无关紧要了。,柔軟性って、バトルで過大評価されてるよね。大事なのは硬さだよ。,전투에 꼭 유연성이 필요하진 않습니다.,靈活度基本為零，但也無關緊要了。,"La flexibilité au combat, c’est surfait.","Подвижность почти нулевая, но кого это волнует.",A flexibilidade em combate não está com nada.,No hace falta ser flexible en combate.
<!MissingKey:102:They help you to put that anger inside of you outside.>,They help you to put that anger inside of you outside.,Holt den inneren Ärger nach außen!,有助于压制住你的愤怒。,このクローは、内なる怒りを外に出すのを助けてくれるんだ。,외부의 분노를 안에 담아둘 수 있게 도와줍니다.,有助於壓制住你的憤怒。,De quoi évacuer toute la colère qui vous habite.,Помогают вымещать гнев.,Elas ajudam a extravasar a raiva que existe dentro de você.,Te ayudan a liberar toda la ira que tienes dentro.
"<!MissingKey:103:Last time they delivered wet stones by accident, it was the moist embarrassing mistake.>","Last time they delivered wet stones by accident, it was the moist embarrassing mistake.","Willkommen bei ""Wetzen, dass...?""! Heute haben wir den Reinhart zu Gast und der sagt, er könne zwölf Äxte in nur einer Stunde schärfen. ",记得在战斗之前把武器磨铮亮！,この間「砥石」と間違ってお客さんに「小石」を届けちゃってさ。小っちゃいけど、大きいミスだったな…,저번엔 실수로 숫돌이 아니라 암돌을 전달했던 적이 있습니다.,記得在戰鬥之前把武器磨利！,"La dernière fois ils ont livré des pierres à eau par erreur, le niveau d’""humidiation""était palpable.","В прошлый раз мне случайно доставили обычные точилки... Понятия не имею, куда их деть.","Da última vez, eles entregaram pedras molhadas por acidente, foi um erro muito constrangedor.",No es lo mismo que las piedras de apilar. Esas tienen otra función.
"<!MissingKey:104:That little horn suits them well, right?>","That little horn suits them well, right?","Das Horn steht ihm, oder?",这本来是我店里的吉祥物，非卖品，你要的话还是卖给你吧。,この小さな角、お似合いだよね？,저 작은 뿔이 정말 잘 어울리지 않나요?,這本來是我店裏的吉祥物，非賣品，你要的話還是賣給你吧。,"Cette petite corne lui va bien, pas vrai ?","Этот маленький рог ей очень идет, согласны?","Esse chifrezinho combina com eles, concorda?","Qué bien le queda el cuerno, ¿eh?"
<!MissingKey:105:It's time to PLAY SOME CARDS!>,It's time to PLAY SOME CARDS!,Zeit für ein K-K-K-K-Kartenspiel!,不如先打一局牌。,さあ、決闘の時間だ！,카드놀이 한 번 해볼까요?,不如先打一局卡牌吧。,Il est temps de JOUER AUX CARTES !,Время сыграть в карты.,Está na hora de JOGAR CARTAS!,¡Vamos a jugar a las cartas!
<!MissingKey:106:The bane of foes and potatos!>,The bane of foes and potatos!,Macht Extraschaden gegen Kartoffeln!,在用作武器之余还能煎土豆！,食べ物が近くにある時かピンク服の姫が握った時に強力になるよ。,모든 적과 감자에게 재앙을!,除了料理敵人以外，也能料理馬鈴薯！,Le fléau des ennemis et des patates !,"И врага устрашит, и картошку пожарит.",O terror dos inimigos e das batatas!,¡El castigo de los enemigos y de las patatas!
<!MissingKey:107:It's just easier to deal some damage when you feel safe and protected.>,It's just easier to deal some damage when you feel safe and protected.,"Es ist so viel einfacher, richtig Schaden auszuteilen, wenn man sich sicher und geborgen fühlt.",防御高了才能安心打出伤害。,良い守備から良い攻撃。,"안전하고 보호받고 있다고 느낄 때가, 다치기 더 쉬운 때입니다.",防禦高了才能安心打出傷害。,"Quoi qu'on en dise, c'est vraiment plus facile d’infliger des dégâts quand on se sent en sécurité et protégé.","Гораздо легче атаковать, когда не нужно беспокоиться о защите.",É bem mais fácil causar dano quando nos sentimos seguros e protegidos.,Es más fácil infligir daño si sabes que tienes algo que te protege.
"<!MissingKey:108:You could call it a club, but it's a really well made club.>","You could call it a club, but it's a really well made club.","Du kann es eine Keule nennen, aber es ist eine schöne Keule.",也可以当近战武器使用。,こん棒って呼んでもいいよ。ただし、コレはすごく上等なこん棒だけどね。,"이건 몽둥이가 아니냐고 하실 수도 있지만, 그래도 굉장히 잘 만든 몽둥이랍니다.",也可以當近戰武器使用。,"Oui, c'est un gourdin, si vous voulez, mais c'est un gourdin très bien fait.","Хорош и в магии, и больно бьет по голове.","Até lembra uma bengala, mas não deve ser nada agradável usá-lo como tal.",Menos mal que no tiene pinchos en el mango...
<!MissingKey:109:These make great oven mittens.>,These make great oven mittens.,Die perfekten Ofenhandschuhe.,也可以用来当做烤箱隔热手套。,オーブンから料理を取り出すとき、ミトンとして使えるんだ。,오븐 장갑으로 쓰기 좋네요.,也可以用來當做烤箱隔熱手套。,Ces gants sont parfaits pour le four.,Можно использовать как варежки для духовки.,São boas substitutas para as luvas de forno.,También los puedes usar para sacar las cosas del horno.
"<!MissingKey:110:Sometimes, the box is even more fun than its contents.>","Sometimes, the box is even more fun than its contents.",Manchmal ist die Verpackung das beste!,有时候，盒子本身比装的内容更珍贵。,たまにあるよね。中身よりも、箱のほうが嬉しいこと。,열었을 때보다 열기 전이 더 즐거운 상자도 있죠.,有時候，盒子本身比裝的內容更珍貴。,"Parfois, la boîte est encore plus plaisante que son contenu.","Иногда сама коробка даже интереснее, чем ее содержимое.","Às vezes, a caixa é mais legal do que as coisas que tem nela.",A veces es mejor la caja que lo que tiene dentro.
"<!MissingKey:111:When it starts giving you orders, just say no, it's only a bush and has no authority.>","When it starts giving you orders, just say no, it's only a bush and has no authority.","Wenn sie dir Befehle gibt, sag einfach Nein. Sie ist nur ein Busch und hat keine Autorität.",不要害怕，就是一把起火的树枝。,コイツが命令してきたら、きっぱり拒否してね。ただの燃えてる枝で、なんの権限も持ってないんだから。,"채찍이 뭔가 명령을 내리기 시작한다면, 그냥 무시하세요. 아무런 힘도 없습니다.",不要害怕，就是一把起火的樹枝。,"Lorsqu'il commence à vous donner des ordres, dites simplement non, ce n'est qu'un buisson et il n'a aucune autorité.","Когда она начнет вами командовать, просто скажите «нет». Это всего лишь растение и у нее нет никаких полномочий.","Quando ele começar a te dar ordens, basta negar; é só um arbusto sem autoridade alguma.","Cuando empiece a darte órdenes, dile que no vas a escuchar a un matojo en llamas."
"<!MissingKey:112:With the right know-how, anything fits anywhere.>","With the right know-how, anything fits anywhere.","Wenn man weiß wie, passt alles überall hin.",只要知道方法，没有什么是锻造不出的。,正しいコツさえわきまえてれば、あらゆるモノはどこにでも収納できるのさ。,망치로 할 수 있는 건 다 할 수 있습니다.,只要知道方法，沒有什麼是鍛造不出的。,"Avec un peu de savoir-faire, tout peut s'adapter n'importe où.","Создать можно все, что угодно, только бы знать как...","Nada se perde, tudo se transforma.","Si sabes cómo, se puede guardar cualquier cosa en cualquier sitio."
"<!MissingKey:113:No matter how well you illuminate it, nothing. Disturbing.>","No matter how well you illuminate it, nothing. Disturbing.","Egal wie sehr ich drauf leuchte, sie wird nicht heller. Mysteriös.",不管你怎么去用光照它，还是看不清，很诡异。,安すぎる…。本物か？,"아무리 밝게 비춰봐도, 아무것도 없답니다. 거슬리기만 하네요.",不管你怎麼去用光照它都還是看不清，很詭異。,"Vous avez beau l'éclairer, en vain. C'est pour le moins troublant.",Сколько на него ни свети — он поглощает весь свет. Это немного пугает...,"Por mais que a gente ilumine, não acontece nada. Credo!",En honor a alguien que hacía yoga a oscuras.
"<!MissingKey:114:Who's a hungry boy? Who's a hungry boy? I'm a hungry boy, you are a dog.>","Who's a hungry boy? Who's a hungry boy? I'm a hungry boy, you are a dog.","Wer ist ein hungriger Junge? Na, wer ist ein hungriger Junge? Ich bin ein hungriger Junge, du bist ein Hund.",我越看越像一只小狗。,よォ～しよしよしよしよしよしよしよしよしッ！,배가 고프면 그릇도 씹어먹을 수 있답니다.,我越看越像一只小狗。,"Qui c'est qui a faim ? Qui c'est qui a faim ? Moi, évidemment, je ne parle pas au louveteau.","Кто хороший мальчик? Кто хороший мальчик? Хороший мальчик здесь я, а ты — просто щенок.","Quem é o menino com fome? Quem é o menino com fome? Eu sou o menino com fome, você é um cachorro.","¿Quién quiere comer? ¿Quién quiere comer? Yo, el perro acaba de comer."
<!MissingKey:115:Channel your inner deer.>,Channel your inner deer.,Finde deinen inneren Hirsch.,唤醒你心中的鹿。,キミの内なるシカと心を通わせるんだ。,내면의 사슴에 집중하세요.,喚醒你心中的鹿。,Retrouvez le cerf qui sommeille en vous.,Пробудите в себе оленя.,Canalize seu lado cervo.,Parece un personaje de cierta película traumática...
<!MissingKey:116:A special kind of skincare!>,A special kind of skincare!,Für die ganz besondere Hautpflege!,其实是一种比较特别的护肤品。,肌が硬くなる優れものだが、からだがあついかゆい。いったいボクどうな て,아주 특별한 피부 관리 상품입니다!,其實這是一種比較獨特的護膚品。,Un soin de la peau bien particulier !,Отличный выбор для ухода за чувствительной кожей!,Uma skincare especial.,"¡Sabe a piedras, es decir, a nada!"
"<!MissingKey:117:Don't worry, they are just like fire-breathing cats.>","Don't worry, they are just like fire-breathing cats.","Keine Sorge, es ist quasi ein feuerspeiendes Kätzchen.",别怕，他们就像小猫一样温顺，只是会喷火。,大丈夫、火を吐くニャンコみたいなモンだよ。,그냥 불뿜는 고양이 같은 거라고 생각하세요.,別怕，他們就像小貓一樣溫順，只是會噴火。,"Ne vous en faites pas, c'est comme des gros chats, qui crachent du feu.","Не волнуйтесь, он не страшнее огнедышащего пушистого котика.","Não se preocupe, é só um gatinho que cospe fogo.","Es como un gatito, pero que en vez de maullar escupe fuego."
"<!MissingKey:118:The wolverine is a true superhero! They are the largest weasels on earth! His claws are made of Keratin, which is usual for claws.>","The wolverine is a true superhero! They are the largest weasels on earth! His claws are made of Keratin, which is usual for claws.","Der Vielfraß, auch bekannt als Gierschlund, ist ein Raubtier aus der Familie der Marder. Seine mächtigen Klauen sind aus Keratin. Das ist normal für Klauen.",很多人以为是狼人的爪子，其实是大号黄鼠狼的。没想到角蛋白的爪子这么锋利。,クズリはね、真のスーパーヒーローなんだ！ 一番大きなイタチの仲間さ。別名はウルヴァリンっていうんだ。このクローにはそのツメを使ってるんだよ。,울버린은 진정한 수퍼히어로에요! 세상에서 가장 큰 족제비랍니다! 울버린의 발톱은 집게발에서 흔히 쓰이는 케라틴으로 이뤄져있답니다.,很多人以為是狼人的爪子，其實是超大隻黃鼠狼的爪子。沒想到角蛋白的爪子這麼鋒利。,"Le carcajou est digne d'un super-héros ! C'est la plus grande fouine sur terre ! Ses griffes sont faites de kératine, ce qui est en fait habituel pour les griffes.","Нет, это не когти оборотня. Это когти большой милой ласки. Когти ласок покрыты кератином, который делает их невероятно острыми.","O Wolverine é um verdadeiro super-herói! Ele é a maior doninha do planeta! Suas unhas são feitas de queratina, o que é comum para garras.","¡Las garras de un auténtico superhéroe! ¡Sacadas de las comadrejas más grandes de la Tierra! Están hechas de queratina, algo muy habitual en garras."
"<!MissingKey:119:It really is one of the worst things you could eat, ever. But it does not taste all that bad.>","It really is one of the worst things you could eat, ever. But it does not taste all that bad.","Es ist tatsächlich eine der am wenigstens essbaren Sachen überhaupt, aber dafür schmeckt es ganz ok.",没人知道尝起来什么味，试过的人都死了。,いかにも食べたらダメそうなキノコでしょ？でも味はそんなに悪くないんだよね。,"먹을 수 있는 것들 중 최악의 맛을 지녔지만, 사실 그렇게 못 먹을 정도는 아닙니다.",沒人知道嘗起來什麼味，試過的人都死了。,"C'est vraiment l'une des pires choses que vous puissiez manger. Mais en vrai, ce n'est pas si mauvais que ça.",Съесть его — самое худшее решение. Хотя на вкус он не так уж плох.,"É realmente uma das piores coisas que você poderia comer, mas o gosto nem é tão ruim assim.","Es una de las peores cosas que podrías comer, la verdad, pero el sabor está bastante bien."
<!MissingKey:120:He has a very big heart. Literally.>,He has a very big heart. Literally.,Er hat wortwörtlich ein sehr großes Herz.,不负责快递，自己想办法搬运哦。,ほんと心の大きなヤツだよ。文字通り。,말 그대로 아주 큰 마음씨를 지니고 있습니다.,不負責快遞，自己想辦法搬運哦。,Il a un très grand cœur. Littéralement.,У него очень большое сердце. Буквально большое.,Ele tem um coração gigante. Literalmente.,"Tiene un corazón enorme..., literalmente."
"<!MissingKey:121:I have no idea how much is in there, just shake it a bit I guess...>","I have no idea how much is in there, just shake it a bit I guess...","Keine Ahnung, ob da Gold drin ist.",我不知道里面有多少钱，摇晃几下看看……,おいそこのブタ野郎。テメエいくら貯め込んでやがんだァ…？ちょっとジャンプしてみろよ。,돈이 얼마나 들어있는지는 모르겠네요. 잠깐 흔들어볼까요?,我不知道裡面有多少錢，搖晃幾下看看好了……,"Je n'ai aucune idée de la quantité à l’intérieur, il suffit de secouer un peu, j'imagine…","Никому не известно, сколько в ней монет. Надо немного встряхнуть ее...","Não faço ideia de quanto tem aí, dê uma balançada...","No tengo ni idea de cuánto tiene dentro. Dale un meneo, a ver qué oyes..."
"<!MissingKey:122:If you want night to come earlier, maybe just try asking nicely?>","If you want night to come earlier, maybe just try asking nicely?","Wenn du willst, dass die Nacht früher kommt, frag doch einfach mal nett.",如果你想黑夜快点到来，向月亮祈祷吧。,つきの ちからって すげー！,"더 빨리 밤이 찾아왔으면 한다면, 정중하게 한 번 물어보시는 건 어떨까요?",如果你想黑夜快點到來，向月亮祈禱吧。,"Si vous voulez que la nuit arrive plus tôt, vous pouvez peut-être commencer par essayer de le demander gentiment.","Быть может, если хорошо попросить, ночь наступит раньше?","Se você quer que a noite chegue mais cedo, talvez tente pedir educadamente?","Si quieres que la noche llegue antes, prueba a pedirlo con educación."
<!MissingKey:123:Vampires just can't stand the smell.>,Vampires just can't stand the smell.,Vampire hassen diesen Trick.,吸血鬼受不了的味道。,このニオイ、吸血鬼からすればたまったモンじゃないだろうね。キミの友だちとしてもたまったモンじゃないよ。,뱀파이어는 근처에도 못 올 겁니다.,吸血鬼受不了的味道。,C'est surtout l'odeur que les vampires ne supportent pas.,Вампиры не выносят его запаха.,Os vampiros não suportam o cheiro.,Los vampiros no soportan el olor.
"<!MissingKey:124:Assuming this toad to be a bewitched nobleman is inherently classist. He might as well be a bewitched plumber, or just a toad.>","Assuming this toad to be a bewitched nobleman is inherently classist. He might as well be a bewitched plumber, or just a toad.","Nicht jeder Frosch kann ein Adelsmann sein, manche sind auch Klempner oder einfach nur Frösche.",也许是一个受诅咒的贵族，也许是个受诅咒的水管工，但也有可能就是个蟾蜍，亲之前想好哦。,このカエル、魔法をかけられた王族かも…なんて、あまりに階級差別だよね。魔法をかけられた配管工かもしれないし、ただのカエルかもしれないんだから。,"이 두꺼비를 마법에 걸린 대단한 사람으로 취급하는 건 차별적인 생각일 수도 있습니다. 마법에 걸린 배관공일 수도 있고, 그냥 두꺼비일 수도 있죠.",也許是一個受詛咒的貴族，也許是個受詛咒的水管工，但也有可能就是個蟾蜍，親之前想好哦。,Supposer que ce crapaud est un noble ensorcelé est intrinsèquement classiste. Il pourrait tout aussi bien être un plombier ou tout simplement un crapaud.,"Может быть, это проклятый дворянин, может быть, проклятый водопроводчик, а может и просто жаба. Так что трижды подумайте, прежде чем целовать ее!","Presumir que este sapo seja um príncipe enfeitiçado é bem elitista. Ele pode muito bem ser um encanador enfeitiçado, ou só um sapo mesmo.","Asumir que este sapo es un noble hechizado es clasista. Podría ser un electricista hechizado, o un sapo normal y corriente."
<!MissingKey:125:Don't forget to bow to the bow god.>,Don't forget to bow to the bow god.,Ein kompakter und praktischer Reisebogen.,虽然是短弓，但是射程没有变短。,弓の神様に敬意を払うのを、ゆみゆみ忘れないようにね。,작은 활이 맵다는 걸 보여주네요.,雖然是短弓，但是射程沒有變短。,"Dans la vie, ne tirez pas trop sur la corde, sauf quand il s'agit de tir à l'arc.","Хоть и маленький, да удаленький.",Esse arco às vezes até faz um arco.,¿Ar-que te gusta tener un arco?
<!MissingKey:126:You can light it to dim the room.>,You can light it to dim the room.,"Eine eindrucksvolle Art, den Raum zu dimmen. ",点燃后会让房间变暗。,寒色系の間接照明みたいなもんだよ。,불을 밝혀 방을 어둡게 만들 수 있습니다.,點燃後會讓房間變暗。,Vous pouvez toujours l'allumer pour tamiser la pièce.,"Зажгите его, чтобы затемнить комнату.",Você pode acendê-lo para iluminar o cômodo.,Puedes encenderla si en tu habitación hay mucha luz.
<!MissingKey:127:So lucky you didn't draw the divorced couple arguing who owns the dog.>,So lucky you didn't draw the divorced couple arguing who owns the dog.,"Du hast Glück, diese Karte ist viel besser als „Paar das sich streitet, wer den Hund bekommt“.",我也不知道这个牌准不准，有人测过的说一下好吗？,飼い犬をどっちが引き取るか口論してる『別れた恋人』を引かなくてラッキーだったね。,이혼한 부부가 강아지 소유권 분쟁 중인 모습이 그려져있지 않아서 다행이네요.,我也不知道這個牌準不準，有人測過的可以分享一下嗎？,"Heureusement que vous n'avez pas tiré ""Le couple divorcé se disputant la garde du chien"".","Не знаю, что значит эта карта. Может кто-нибудь подскажет?",Ainda bem que você não tirou o casal divorciado brigando pelo cachorro.,Mejor sacar esta carta que la de los divorciados que se pelean por el perro.
<!MissingKey:128:Everything tastes better with banana juice!>,Everything tastes better with banana juice!,Alles schmeckt besser mit etwas Bananensaft!,加了香蕉汁什么都好喝。,バナナジュースを足せば、なんだっておいしくなるからね！,바나나즙 하나만 있으면 뭐든지 맛있어진답니다!,加了香蕉汁什麼都好喝。,Tout est tellement meilleur avec du jus de banane !,Банановый сок делает все вкуснее!,Tudo fica mais gostoso com suco de banana!,¡Todo sabe mejor si le echas jugo de plátano!
"<!MissingKey:129:All it takes is a little bit of love, nitrate and genetic alterations.>","All it takes is a little bit of love, nitrate and genetic alterations.","Was man mit etwas Liebe, Nitrat und nur wenigen genetischen Veränderungen alles erreichen kann.",要让三叶草变成四叶草，只需要一点爱、硝酸肥和基因变异。,必要なのはちょっぴりの愛と、硝酸肥料と、あとは遺伝子の変異だね。,"약간의 사랑과 질산 비료, 그리고 유전자 변형만 있으면 됩니다.",要讓三葉草變成四葉草，只需要一點愛、硝酸肥和基因變異。,"Il suffit d'un peu d'amour, de nitrate et de quelques modifications génétiques.","Чтобы получить четырехлистный клевер, достаточно немного любви, удобрений и ГМО.","Basta um pouquinho de amor, nitrato e alterações genéticas.","Solo se necesita un poquito de amor, nitrato y alteraciones genéticas."
<!MissingKey:130:Wielding a flame sword just makes you feel important.>,Wielding a flame sword just makes you feel important.,"Man fühlt sich einfach wichtig, wenn man ein Flammenschwert schwingt.",虽然比火焰剑要短，保暖效果还是一样。,燃える剣を振りまわしてると、自分が重要人物だって気分になれるんだよ。,불타는 검은 휘두르는 것만으로도 뭔가 높은 사람이 된 것 같은 느낌이 듭니다.,雖然比火焰劍要短，保暖效果還是一樣。,"Manier une épée de flamme, ça change la prestance d'un individu, pas vrai ?",Согревает холодными одинокими вечерами.,Nós nos sentimos importantes quando empunhamos uma espada de fogo.,Usar una espada flamígera te hace sentir importante.
"<!MissingKey:131:Don't call it a “Stone”. Call it a “mineral”, or “mighty bling”.>","Don't call it a “Stone”. Call it a “mineral”, or “mighty bling”.",Bezeichne es nicht als „Stein“. Nenne es „Mineral“ oder „Fetter Klunker“.,为什么叫它“宝石”，又不是石头，其实是矿物质。,昔トパーズだと思っていたものはペリドットだったんだ。安心して、これはトパーズだよ。…たぶんね。,"""돌덩이""라고 하지 마세요. ""광물""이나 ""왕반짝이""로 불러주세요.",為什麼叫它“寶石”，又不是石頭，其實是礦物質。,"Ne les appelez pas ""pierres"". Ce sont des ""minéraux"", ou alors ""bling-bling"" à la rigueur.",Только не называйте его «камнем»! Можете называть его «минералом» или «мощной вещицей».,"Não chame de ""pedra"": chame de ""mineral"" ou ""grande brilhante"".","No es una «piedra», es un «mineral». O «algo bonito que brilla»."
<!MissingKey:132:Its power comes from being needlessly large and very intimidating.>,Its power comes from being needlessly large and very intimidating.,Es zieht seine Kraft daraus wirklich brutal auszusehen.,单看这把武器的尺寸就知道很强。,限界超えちゃってまーす。,이 검의 위력은 쓸데없이 위협적인 크기에서 비롯됩니다.,單看這把武器的尺寸就知道很強。,Son pouvoir réside probablement dans sa taille démesurée et son pouvoir d'intimidation.,Деморализирует противника одним только внешним видом.,O poder dela advém de ser desnecessariamente grande e muito intimidadora.,Dicen que un mercenario liberó una ciudad distópica con una muy parecida. Qué fantasía.
"<!MissingKey:133:Somehow these spikes just do not want to be near each other, they seem to hate each other - like electrons.>","Somehow these spikes just do not want to be near each other, they seem to hate each other - like electrons.","Diese Dornen wollen einfach nicht am selben Ort sein. Sie hassen sich auf die selbe Art, wie sich Elektronen hassen.",不知道怎么的，尖刺觉得太挤了，相互越看越不顺眼，就像电子一样躁动。,このトゲ同士はどういうわけか近づこうとしない。お互いのことが嫌いみたいなんだ。水と油みたいに。,"왜인지는 모르겠지만 이 가시들은 마치 전자처럼 서로를 증오하며, 서로에게 가까워지고 싶지도 않아하는 것 같습니다.",不知道怎麼的，尖刺覺得太擠了，相互越看越不順眼，就像電子一樣躁動。,"Il semblerait que ces pics ne veuillent pas être à proximité les uns des autres, qu'ils se repoussent, comme des électrons.",Почему-то эти шипы выглядят странно. Они будто с неприязнью отталкиваются друг от друга.,"De alguma forma, esses espinhos simplesmente não querem ficar perto uns dos outros, eles parecem se odiar – como elétrons.","Estos pinchos se repelen, no quieren estar cerca unos de otros, y parecen odiarse, como los electrones."
<!MissingKey:134:We could not stop it from stealing things so we might as well embrace it.>,We could not stop it from stealing things so we might as well embrace it.,"Wenn sie schon stibitzen, dann doch bitte was Nützliches.",它藏起来的坚果多半是从你那偷的。,リスに盗みをやめさせるのはムリだから、受け入れるしかないのかもね。,"물건을 훔쳐가는 걸 막을 수가 없었기 때문에, 그냥 수용하기로 했습니다.",它藏起來的堅果多半是從你那偷的。,"Ce n'était pas possible de l'empêcher de voler des trucs ça et là, alors autant l'accepter.","Большинство орехов, которые она спрятала, были украдены у вас.","Não conseguimos impedi-lo de roubar as coisas, então resolvemos acolhê-lo de uma vez.","No podemos evitar que robe cosas, hay que quererla como es."
"<!MissingKey:135:If you don't believe in the heart of the cards, how do you think they pump blood through their veins?>","If you don't believe in the heart of the cards, how do you think they pump blood through their veins?","Wenn du nicht an das Herz der Karten glaubst, wie funktioniert dann bitte ihr Blutkreislauf?!",卡牌的心脏，挺离谱的对吧，但是确实是这张卡在输送血液。,カードの心臓の存在を信じないなら、どうやってカードに血を送り出しているって言うんだい？,"카드와의 유대도 믿지 않는다면, 대체 세상에 믿을 수 있는 게 뭐가 있을까요?",卡牌的心臟，挺離譜的對吧，但是確實是這張卡在輸送血液。,"Si vous ne croyez pas que les cartes ont un cœur, comment pensez-vous qu'elles pompent le sang dans leurs veines ?",Даже у карты должно быть сердце. А как ей иначе качать кровь по венам?,"Se você não acredita no coração das cartas, como acha que elas bombeiam sangue pelas suas veias?","Si las cartas no tuvieran corazón, ¿cómo bombean la sangre por las venas?"
"<!MissingKey:136:You can munch on it if you want, but only a little.>","You can munch on it if you want, but only a little.","Du darfst daran knabbern, aber nicht zu viel.",戴脖子上饿了还能咬一口橡子。,かじってもいいけど、食べられるところはちょっとしかないよ。,"깨물어보셔도 되지만, 추천드리지는 않습니다.",戴在脖子上餓了還能咬一口橡實。,"Vous pouvez le grignoter si ça vous chante, mais alors juste un peu.","Если хотите, можете откусить небольшой кусочек. Но только небольшой.","Pode mascá-lo se quiser, mas só um pouco.","Puedes darle un mordisco si quieres, pero sin pasarte."
"<!MissingKey:137:Hey, Struggles family, how is it going? Oh, I'm sorry...>","Hey, Struggles family, how is it going? Oh, I'm sorry...","Wie geht es der Familie Seelenpein? Oh, das tut mir leid.",嘿，贴贴女士，最近过的怎么样？没什么……,やあ、Mr.ストラグルズのご家族じゃないか。調子はどう？ おっと、ご愁傷様です…,"버둥 부인, 요새는 좀 어떻게 지내시나요? 오, 아무것도 아닙니다...",嘿，貼貼女士，最近過的怎麼樣？沒什麼……,"Alors la famille Rixe, comment ça va ? Oh, pardon…","Ну что, миссис Обнимашка, как дела? Не хочешь говорить? Ну ладно...","Como vai, família Descontente? Ah, sinto muito...","Hombre, si es la familia Penurias. ¿Cómo va todo? Oh, lo siento muchísimo..."
<!MissingKey:138:Results depend on the precise way you wave it around.>,Results depend on the precise way you wave it around.,Ergebnisse variieren je nach Fuchteltechnik.,这不是武器，别乱砸。,何事も、結果は工程の産物だよ。つまり、キミの振りかぶり方次第ってこと。,어떻게 흔드느냐에 따라 의식의 결과는 달라집니다.,這不是武器，別亂砸。,Les résultats dépendent de la manière précise dont vous vous agitez autour.,Главное правильно его использовать. Как? Никто не в курсе.,O resultado depende do jeito que você o chacoalha.,Muévelo de forma adecuada para obtener resultados óptimos.
<!MissingKey:139:Do they bring diseases? Only sometimes.>,Do they bring diseases? Only sometimes.,Ob die Krankheiten übertragen? Nur manchmal.,不是所有老鼠都携带病菌。,このネズミみたいに美しくなりたい。,병균이 있는 건 일부 쥐들 뿐입니다.,不是所有老鼠都攜帶病菌。,Est-ce qu'ils sont porteurs de maladies ? Parfois seulement.,Переносят ли крысы болезни? Только иногда.,Eles causam doenças? Só de vez em quando.,"¿Que si transmiten enfermedades? Bueno, solo a veces."
<!MissingKey:140:They are so cute but raise too many questions about Goobert reproduction that I am not willing to investigate.>,They are so cute but raise too many questions about Goobert reproduction that I am not willing to investigate.,"Sie sind süß, aber sie eröffnen zu viele Fragen über Schlotzberts Reproduktionszyklus.",看起来太可爱啦！但是不要细想黏黏是怎么繁殖的。,ねぇ知ってる？スライムを触った手で目をこすると、目が腫れ上がって開かなくなることがあるんだよ～,"자세히 조사해볼 예정은 없지만, 슬돌이의 복제품이 아니냐는 의혹이 제기되고 있습니다.",看起來太可愛啦！但是不要細想黏呼呼是怎麼繁殖的。,Ils sont tellement adorables mais soulèvent bien trop de questions quant à la reproduction des Viskeux que je préférerais ne pas approfondir.,"Они такие милые, но вызывают слишком много вопросов о размножении Слаймера. Наверное, не стоит пытаться выяснить правду...","Eles são tão fofos, mas levantam muitas perguntas sobre a reprodução dos Gosberto que eu não estou disposto a investigar.","Son monísimos, pero mejor no hagas muchas preguntas sobre la reproducción de los viscosinos. Es mejor vivir en la ignorancia."
<!MissingKey:141:That's what my mama used to make me when I was sick!>,That's what my mama used to make me when I was sick!,"Das hat mir meine Mutti immer gebraut, wenn ich krank war!",我有一次生病的时候不小心做出来的。,ボクが病気になった時、よくママが作ってくれたっけ。,저희 어머니가 제가 아프면 만들어주시던 물약이네요!,我有一次生病的時候不小心做出來的。,C'est ce que ma mère me préparait quand j'étais malade !,То самое мамино снадобье от всех болезней!,Era isto que a minha mãe fazia para mim quando eu ficava doente!,¡Esto es lo que mi mami me hacía siempre cuando me ponía malito!
<!MissingKey:142:Don't forget to feed it!>,Don't forget to feed it!,Und immer gut füttern.,记得把它喂饱。,エサの血をやるのを欠かさずにね！,밥 주는 걸 잊지 마세요!,記得把它餵飽。,N'oubliez pas de la nourrir !,Не забывайте его насыщать!,Não se esqueça de alimentá-la!,¡No te olvides de darle de comer!
"<!MissingKey:143:No, $h[you] are severely poisoned! Hah!>","No, $h[you] are severely poisoned! Hah!",Nein $h[du] bist jetzt vergiftet! Hah!,哈！中毒的是$h[你]！,リバースカードめくり！今付与した毒は$h[貴様]のものとなる！,"심각한 중독입니다. 흥, 웃기는 소리!",哈！中毒的是$h[你]！,"Non, c'est $h[vous] qui êtes gravement empoisonné ! Haha !","Ха, получай $h[обратно]!","Não, $h[você] é que levou veneno! Rá!","¡No, el veneno te cae a $h[ti]! ¡Fastídiate!"
"<!MissingKey:144:Poison here and poison there, the poison just gets everywhere.>","Poison here and poison there, the poison just gets everywhere.","DU bekommst Gift, und DU bekommst Gift! Wir alle bekommen Gift!",别竖着拿，毒液会滴到手上。,誰彼かまわず毒を吐いていると巡り巡って自分に毒が返ってくる。,여기도 콸콸. 저기도 콸콸. 사방에 독이 콸콸콸!,別豎著拿，毒液會滴到手上。,"Du poison par-ci, du poison par-là, si vous voulez mon avis, le poison finit partout.","Яд здесь, яд там, яд течет к вашим ногам.","Veneno aqui, veneno ali, o veneno se espalha por todo lado.","Veneno por acá, veneno por allá."
<!MissingKey:145:Did you know that there is no other blue fruit in nature? Any that comes to mind is just an impostor. I would never make up Blueberry facts.>,Did you know that there is no other blue fruit in nature? Any that comes to mind is just an impostor. I would never make up Blueberry facts.,"Wusstest du, dass die Blaubeere die einzige blaue Frucht ist? Wenn sie was anderes erzählen, lügen sie. Ich würde mir niemals Blaubeerfakten ausdenken.",你知道吗，这是自然界中唯一的蓝色植物，如果还有其他的，那肯定是假的。,コレ以外に、自然界に青いフルーツはないって知ってた？ 今キミが思い浮かべた青いヤツは、みんなニセモノだよ。,블루베리가 지구상에서 유일한 파란색 과일이라는 사실을 알고 계신가요? 나머지는 전부 조작입니다.,你知道嗎？這是自然界中唯一的藍色植物，如果還有其他的，那肯定是假的。,Vous saviez qu'il n'existe aucun autre fruit bleu dans la nature ? Tous les autres qui vous viennent à l'esprit ne sont que des imposteurs. Je ne mens jamais quand il s'agit de myrtilles.,"А вы знали, что в природе не существует других голубых плодов? Все варианты, которые приходят вам на ум, — это неправда. Мне совесть не позволит соврать о чернике!",Sabia que esta é a única fruta azul que existe na natureza? Qualquer outra que venha à mente é impostora. Eu jamais inventaria fatos sobre o mirtilo.,"¿Sabías que no hay otras frutas de este color? Si se te ocurre alguna, no tienes pruebas. Yo nunca me invento curiosidades sobre los arándanos."
"<!MissingKey:146:Sometimes, late at night, you may hear it bark at you.>","Sometimes, late at night, you may hear it bark at you.","Manchmal, spät in der Nacht, hörst du es bellen.",有时候在晚上你能听到嚎叫。,たまに、夜遅くになると、このバッジが吠えてる声が聞こえるかもね。,늦은 밤이 되면 가끔씩 짖는 소리가 들릴 수도 있습니다.,有時候在晚上你能聽到嚎叫。,"Parfois, tard dans la nuit, il vous arrivera de l'entendre aboyer.",Иногда ночью можно услышать его вой.,"Às vezes, na calada da noite, você pode ouvi-la latir para você.",Igual te despierta aullando por las noches.
"<!MissingKey:147:The girl is mightier than the sword. - Sun Tzu (probably, maybe)>","The girl is mightier than the sword. - Sun Tzu (probably, maybe)","Die Frau ist mächtiger als das Schwert. - Sun Tzu (sehr frei, vielleicht auch gar nicht)",虽然是弓箭手，但是近战更猛。,"女の子は剣よりも強し。
 ―孫子（きっと、たぶん）","손무왈, 여자는 칼보다 강하다. (확실하지 않음)",雖然是弓箭手，但是近戰更猛。,"La fille est plus redoutable que l'épée. - Sun Tzu (probablement, sans doute)","Девушка могущественнее любого меча. -Аристотель (возможно, он так и сказал)","A garota é mais poderosa que a espada. – Sun Tzu (provavelmente, talvez)","La chica es más poderosa que la espada. - Sun Tzu (o eso creo, quizás)"
<!MissingKey:148:The quickest way to access your tools of destruction!>,The quickest way to access your tools of destruction!,Für den schnellsten Zugriff auf all deinen Krimskrams!,可以很快让你掏出那些毁天灭地的玩意。,破壊力の高い武器を素早く取り出したいならコレ！,공격 수단을 가장 빠르게 활용할 수 있을 겁니다!,拿出毀天滅地工具最方便快速的手段。,La manière la plus rapide d'accéder à vos outils de destruction préférés !,Лучшая сумка для убийственно-опасных предметов!,A maneira mais rápida de acessar suas ferramentas de destruição!,¡La forma más rápida de acceder a tus herramientas de destrucción!
"<!MissingKey:149:Not just *a* bomb, it's *the* bomb!>","Not just *a* bomb, it's *the* bomb!","Es ist nicht *eine* Bombe, es ist *DIE BOMBE*, Mann!",这可不是一般的炸弹！,ただのボムじゃねぇぞ…！,어디서나 볼 수 있는 그런 폭탄이 아닙니다!,這可不是一般的炸彈！,"Ce n'est pas seulement *une* bombe, c'est *la* bombe !",Это не какая-нибудь там простая бомба. Это Б-О-М-Б-А!,"Não é só *uma* bomba, é *a* bomba!","No es solo una bomba, ¡es LA bomba!"
"<!MissingKey:150:Shopping success is highly dependent on the right basket, everyone knows that!>","Shopping success is highly dependent on the right basket, everyone knows that!",Der richtige Korb ist entscheidend für das Einkaufserlebnis!,不战斗的时候还能当购物袋，用起来还挺顺手。,ショッピング成功のカギはちょうどいいバスケットを選ぶこと。常識だよね！,"성공적인 쇼핑은 올바른 바구니를 사용하느냐에 달려있습니다, 기본적인 상식이죠!",不戰鬥的時候還能當購物袋，用起來還挺順手。,"Le succès d'une boutique dépend fortement du choix du panier, tout le monde le sait !",Общеизвестный факт: успех шопинга во многом зависит от правильно подобранной корзины.,Todo mundo sabe que o sucesso de uma compra depende da cesta que se usa!,¡La cesta ideal para llevarle la comida a tu abuelita sin que te vea el lobo!
"<!MissingKey:151:Yuk, you dropped this green goo on your dagger!>","Yuk, you dropped this green goo on your dagger!","Ups, da hat wohl jemand das Gift verschüttet.",呃，你怎么把绿色的东西搞到匕首上了。,悪役みたいに刃先を舌なめずりでもすればきっと様になるよ。,"윽, 단검에 녹색 점액을 흘리신 것 같은데요?",呃，你怎麼把綠色的東西弄到匕首上？,"Beurk, c'est vous qui avez laissé tomber ce truc vert sur votre dague ?","Фу, что за зеленая слизь на кинжале?","Eca, você derramou essa meleca verde na sua adaga!","¡Puaj, se te ha caído una sustancia asquerosa en la daga!"
<!MissingKey:152:So you found the switch.>,So you found the switch.,"Gut, du hast den Schalter gefunden.",其实黑暗剑并不存在。,ライトとダークの切り替えスイッチを見つけたんだね。,끄는 스위치를 찾으셨군요.,其實黑暗劍並不存在。,Je vois que vous avez trouvé l'interrupteur.,На самом деле его не существует.,Então você achou o botão...,Ahora en versión oscura.
<!MissingKey:153:Never run out of stones again! Woah!>,Never run out of stones again! Woah!,Endlich stehst du nie wieder ohne Steine da! Wow!,石头再也丢不完了！,やったね！これで石は投げつけ放題だよ。,이제 돌이 모자랄 일은 없을 겁니다!,石頭再也丟不完了！,Génial ! On ne sera plus jamais à court de pierres !,"Камни больше никогда не кончатся! Здорово, да?",Ficar sem pedras é coisa do passado!,¡Nunca te volverás a quedar sin piedras!
"<!MissingKey:154:No one knows how they taste, because no one survived trying.>","No one knows how they taste, because no one survived trying.","Niemand weiß, wie sie schmecken, weil es noch niemand überlebt hat, eins zu kosten.",没有人知道这个蛋尝起来怎样，尝试过的人都没活下来。,どんな味がするか誰も知らないんだ。食べて生き延びた人がいないからね。,맛이 어떤지는 아무도 모릅니다. 생존자가 없거든요.,沒有人知道這個蛋嘗起來怎樣，嘗試過的人都沒活下來。,"Personne ne sait quel goût ils ont, car personne n'a jamais survécu aux tentatives.","Никто не знает, каково это яйцо на вкус. Наверное, не стоит и пробовать.","Ninguém sabe qual é o sabor deles, porque ninguém sobreviveu para contar a história.","Nadie sabe a qué saben, porque todo el que lo prueba se muere."
"<!MissingKey:155:Money does not make you happy, it’s things that make you happy!>","Money does not make you happy, it’s things that make you happy!","Geld macht nicht glücklich, Dinge machen einen glücklich!",闭着眼睛打这个挺危险的。,お金がキミを幸せにするんじゃない。お金で得られるモノがキミを幸せにするんだ！,"돈이 있어야 행복해지는 게 아니라, 돈으로 사는 것들로 행복해지는 거죠!",閉著眼睛打這個挺危險的。,"L'argent ne fait pas le bonheur, mais certains objets le peuvent !","Не деньги, а вещи делают вас счастливыми!","O dinheiro não te faz feliz, são as coisas que te fazem feliz!","El dinero no da la felicidad, ¡pero lo que compras con él sí!"
<!MissingKey:156:Offer mana and receive love.>,Offer mana and receive love.,Für ein bisschen Mana bekommt man so viel zurück!,献出你的魔法，获得小火团的爱。,おいらにマナをくれたら、あんたを好きになってやるよ。,마나를 주고 사랑을 받습니다.,獻出你的魔法，獲得小火團的愛。,Offrez du mana et recevez de l'amour.,Предложите ему свою магию и получите его любовь.,Dê mana e receba amor.,Recibe amor a cambio de maná.
<!MissingKey:157:The best part is the frosting. >,The best part is the frosting. ,Puderschnee mit Puderzucker!,即是装饰物，又是食物。,一番おいしいところはアイシング部分。,먹으면서 머리가 시린 걸 즐겨야 합니다.,即是裝飾物，又是食物。,Le glaçage du gâteau est ce que je préfère.,Самое неповторимое в его вкусе — это ощущение холодка.,A melhor parte é a congelação.,Mejor servirlo bien frío.
"<!MissingKey:158:A badger never gives up. A badger always fights. Always. Yes, always.>","A badger never gives up. A badger always fights. Always. Yes, always.",Ein Dachs gibt niemals auf. Ein Dachs ist immer kampfbereit. Wirklich absolut immer.,獾是世界上最无畏的动物，不是在打架就是在打架的路上。,アナグマは決してあきらめないんだ。いつだって戦うのさ。そう、いつだって。,오소리는 절대 포기하지 않습니다. 오소리는 항상 맞서 싸웁니다. 항상요.,獾是世界上最無畏的動物，不是在打架就是在打架的路上。,Une mouffette n'abandonne jamais. La mouffette se bat jusqu'au bout. Encore et encore.,Барсуки никогда не сдаются. Барсуки всегда борются до конца. Всегда. И это не шутка.,"Os texugos nunca desistem. Os texugos sempre lutam. Sempre. Isso, sempre.","Un tejón nunca se rinde, un tejón lucha hasta la muerte. La muerte del otro, a poder ser."
<!MissingKey:159:So you have chosen a cheesy strategy?>,So you have chosen a cheesy strategy?,Das stinkt ja zum Himmel. ,没人会动你的奶酪！除了黏黏。,ふーん、チーズよろしく「きなクサい」戦法を選ぶってわけ？,치즈처럼 끈덕지게 생존하세요.,沒人會動你的乳酪！除了黏呼呼。,C'est donc ça la stratégie dont vous faisiez tout un fromage ?,Никто не прикоснется к твоему сыру! Ну почти никто. Кроме Слаймера.,Então você optou pela estratégia do queijo?,Qué será lo que tiene el queso...
<!MissingKey:160:Someone feed the blade already.>,Someone feed the blade already.,Kann bitte endlich jemand die Klinge füttern?,这小东西可饿着呢！,この剣、もう誰かから血を吸ってるみたい。,누가 이미 밥을 줬나보네요.,快來人餵這小傢伙吃餅！,Que quelqu'un lui donne à manger.,"Кажется, он уже успел насытиться...",Alguém alimente logo essa espada!,A la espada le rugen las tripas...
<!MissingKey:161:Only for strong vampires.>,Only for strong vampires.,Nur für starke Vampire.,只适合强大的吸血鬼。,究極の吸血鬼専用だよ。,약해빠진 인간에겐 추천하지 않습니다.,只適合強大的吸血鬼。,Réservée aux plus forts des vampires.,Только для сильных вампиров!,Só para vampiros fortes.,Solo para vampiros poderosos.
"<!MissingKey:162:Be mana, my friend.>","Be mana, my friend.","Sei Mana, mein Freund.",人法合一，我的朋友。,友よ、マナになれ。,마나가 친구가 됩니다.,人法合一，我的朋友。,"Soyez mana, c'est la vie.","Будь маной, друг мой.","Seja mana, meu amigo.","Maná maná, du duuu du du du..."
"<!MissingKey:163:Great, now it’s all tangled up.>","Great, now it’s all tangled up.","Na toll, jetzt hat sich alles verheddert.",这下好了，全都缠在一起去了。,あーもう、ぜんぶグチャグチャに絡まっちゃったよ。,"좋아요, 이제 완전히 엉켜있네요.",這下可好，全都纏在一起了。,"Super, elles sont toutes emmêlées maintenant…","Отлично, теперь все стало запутанно.","Ótimo, agora está tudo embolado.",Ahora a ver quién lo desenreda...
<!MissingKey:164:You should not mess with the tree these grow on.>,You should not mess with the tree these grow on.,Ärger niemals den Dornenbusch.,别去招惹那些长这些玩意的树。,木を育てるときは、こんなイバラが巻き付かないように注意してね。,이게 자라난 나무는 함부로 건드려선 안됩니다.,別去招惹那些長著這些東西的樹。,N'allez pas embêter l'arbre duquel ils proviennent.,"Не стоит даже пытаться приблизиться к дереву, на котором он вырос...",É melhor não mexer com a árvore na qual isso cresce.,No me pondría a jugar con los árboles de donde sacan estos artilugios.
"<!MissingKey:165:Tim. Oh Tim. Once a legendary warrior, now just a spooky old skull.>","Tim. Oh Tim. Once a legendary warrior, now just a spooky old skull.","Tim. Einst ein mächtiger Krieger, jetzt nur noch eine gruselige Dekoration.",蒂姆啊，蒂姆。现在早就不是万圣节了，不要吓人了。,おおティムよ。死んでしまうとはなさけない。,"팀. 오, 팀. 한때는 전설적인 전사였지만 지금은 을씨년스러운 오래된 해골에 불과합니다.",蒂姆啊，蒂姆。現在早就不是萬聖節了，不要嚇人了。,"Tim. Oh Tim. Autrefois guerrier légendaire, il n'est plus qu'un vieux crâne sinistre.","О, Джон, наш милый Джон. Когда-то Джон был легендарным воином, а теперь он — просто старый жуткий череп.","Pobre Tim. Antes um guerreiro lendário, agora uma mera caveira medonha.","Ay, Tim... Solía ser un guerrero legendario, ahora no es más que una decoración de Halloween."
<!MissingKey:166:The spot in the middle is perfect for frying an egg.>,The spot in the middle is perfect for frying an egg.,Auf dieser Stelle in der Mitte kann man ein perfektes Spiegelei braten!,盾牌中间部分用来煎鸡蛋非常合适。,この盾の真ん中らへんは、目玉焼きを作るのにピッタリなんだ。,방패 정중앙은 계란후라이를 만들기에 완벽한 포인트입니다.,盾牌中間部分用來煎雞蛋非常合適。,La partie centrale est idéale pour faire frire un œuf.,Середина щита идеально подходит для жарки яиц.,Aquele círculo no meio é perfeito para fritar ovos.,Puedes freír un huevo si lo pones justo en el medio.
<!MissingKey:167:Some people cannot taste the spiciness of a banana. So weird.>,Some people cannot taste the spiciness of a banana. So weird.,Manche Menschen können die natürliche Schärfe einer Banane nicht wahrnehmen. Wie seltsam.,很多人竟然尝不出这个香蕉的辣味，奇怪。,バナナの辛味を感じられない人もいるらしいね。まったくおかしな話だよ。,바나나의 매운 맛을 느낄 수 없는 사람도 있다고 하네요. 신기해라.,很多人竟然嘗不出這個香蕉的辣味，奇怪。,Certaines personnes sont incapables de percevoir la saveur épicée d'une banane. C'est curieux.,"А вы знали, что некоторые люди не чувствуют остроты банана?",Algumas pessoas não conseguem sentir a picância de uma banana. Muito estranho.,Algunas personas dicen que los plátanos no son picantes. Qué cosa más rara.
<!MissingKey:168:What I want from a helmet is that it is sturdy and $h[really] heavy.>,What I want from a helmet is that it is sturdy and $h[really] heavy.,"Was ich mir von einem guten Helm wünsche, ist dass er stabil ist und $h[richtig] schwer.",头盔不就得又重又硬吗！,頭に重機のせてんのかい！,모름지기 투구는 딱딱하고 $h[완전] 무겁기만 하면 됩니다.,頭盔不就得又重又硬嗎！,"Ce que j'attends d'un casque, c'est qu'il soit solide et $h[vraiment] lourd.",Разве шлем не должен быть $h[действительно] жестким и тяжелым?,O que eu espero de um elmo é que seja resistente e $h[muito] pesado.,Lo que necesito en un buen casco: que sea resistente y $h[muy] pesado.
"<!MissingKey:169:It’s all just atoms and stuff, just swirl it around a bit.>","It’s all just atoms and stuff, just swirl it around a bit.","Das sind doch alles nur Atome und so, einfach gut umrühren sollte reichen.",原子层面分解物品并构筑新物品，具体原理我也不懂。,違うんです！何もしてないのに壊れたんです！,그냥 원자 같은 걸 뭉쳐둔 것입니다. 약간 돌려보세요.,原子層面分解物品並構築新物品，具體原理我也不懂。,"Ce ne sont que des atomes et des trucs dans le genre, il suffit de les faire tourner un peu.",На атомном уровне происходит разрушение предметов и создание новых. Более точные принципы процесса никому не понятны.,"São só átomos e tal, basta girar um pouco.","Átomos por aquí y por allá, un meneo y listo."
<!MissingKey:170:You are so lucky to have that piggy.>,You are so lucky to have that piggy.,"Du hast du ein Glück, dieses Schweinchen zu besitzen.",能为你带来好运的存钱罐。,はるか西の国では、思いがけず良いことがあった時「ブタを手に入れた」って言うらしいね。つまりキミもブタちゃんを手に入れたわけだ。,그 돼지저금통이 있다니 정말 운이 좋으시네요.,能為你帶來好運的存錢罐。,Vous avez beaucoup de chance d'avoir ce petit cochon.,Эта свинка точно принесет удачу!,Você tem tanta sorte por ter esse cofrinho.,Tienes mucha suerte de tener ese cerdito.
<!MissingKey:171:Ready for barking!>,Ready for barking!,Immer bellreit! ,汪汪汪！,吠える準備はバッチリ！,짖을 준비 완료!,汪汪汪！,Prêt à aboyer !,Гав-гав!,Pronto para latir!,"Ladrando, que es gerundio."
"<!MissingKey:172:Dragons love decorative nicknack and shiny things, especially when they are dragon-shaped.>","Dragons love decorative nicknack and shiny things, especially when they are dragon-shaped.","Drachen lieben dekoratives Gedöns, und vor allem drachenförmiges.",龙很喜欢收藏闪闪发光的小玩意，特别是龙形的。,ドラゴンは飾りになるガラクタや光り物が好きなんだ。ドラゴンがあしらわれた剣のキーホルダーなんかは特に好きだね。,"용들은 작은 장신구와 반짝이는 것을 좋아하는데, 용 모양이기까지 하면 더할 나위가 없겠네요.",龍很喜歡收藏閃閃發光的小玩意，特別是龍形的。,"Les dragons aiment les décorations et les objets brillants, surtout lorsqu'ils ont la forme d'un dragon.","Драконы обожают блестящие безделушки, особенно вещицы в форме дракона.","Os dragões adoram besteiras decorativas e coisas brilhantes, ainda mais quando têm formato de dragão.","A los dragones les encantan las decoraciones bonitas, sobre todo si tienen forma de dragón."
<!MissingKey:173:You never felt so safe in your entire life.>,You never felt so safe in your entire life.,Du hast dich noch nie so geborgen gefühlt.,这下你刀枪不入了。,今までの人生でここまで安心感を覚えたことはなかったでしょ。,평생을 통틀어 이렇게 안전했던 적이 없습니다.,這下你刀槍不入了。,Vous ne vous êtes sans doute jamais senti aussi en sécurité de toute votre vie.,Вы еще никогда не чувствовали себя настолько защищенно.,Você nunca se sentiu tão seguro em toda a sua vida.,Nunca te habías sentido tan seguro en tu puñetera vida.
<!MissingKey:174:Double rainbow all the way!>,Double rainbow all the way!,"Wer einen Regenbogen fängt, bekommt einen Topf voll Gold und den Physik-Nobelpreis.",只有极其幸运之人才能看到双重彩虹！,二重の虹は幸運の象徴なんだ。だから、今買わないと不幸が訪れるよ。,저 멀리 뻗은 쌍무지개입니다!,只有極其幸運之人才能看到雙重彩虹！,"Un double arc-en-ciel, en veux-tu en voilà !",Только самым везучим людям выпадает шанс увидеть двойную радугу!,Arco-íris duplo o tempo todo!,¡Arcoíris doble a tope!
"<!MissingKey:175:Yes, you can use it to make ear holes, but you should not.>","Yes, you can use it to make ear holes, but you should not.","Ja, man kann sich damit Ohrlöcher stechen – das ist kein Grund es zu tun.",可以用来打耳洞，但是不建议这样做。,耳たぶにピアスの穴を開けるのにも使えるよ。絶対オススメしないけど。,"귀를 뚫는데 써도 문제될 건 없지만, 추천드리진 않습니다.",可以用來打耳洞，但是不建議這樣做。,"Oui, vous pouvez l'utiliser pour vous percer les oreilles, mais vous ne devriez pas.","Подойдет и для жарки белки на костре, но лучше использовать по назначению.","Sim, dá para usá-la para furar a orelha, mas não é uma boa ideia.","Sí, se puede usar para atravesar cabezas, pero no es lo ideal."
"<!MissingKey:176:What is this crooked thing? Oh, okay.>","What is this crooked thing? Oh, okay.",Das krumme Ding hat doch Dreck am Stecken.,但是我这里不卖羊哎？,上部が曲がっているのは、首にひっかけて羊を引き戻すためらしい。この知識があれば、配置が難しいのも許せる…かもしれない。,"이 구부러진 건 뭐지? 아, 흠.",但是我這裏不賣羊哎？,"Qu'est-ce que c'est que ce truc tordu ? Ah, je vois.","Что за кривая палка? Ладно, уже не интересно...","O que é essa coisa torta? Ah, entendi.","¿Qué es esta cosa retorcida? Ah, bueno."
"<!MissingKey:177:Also known as “The Fairy King's Butterknife”, and as “The Sparkling Slasher”.>","Also known as “The Fairy King's Butterknife”, and as “The Sparkling Slasher”.","Auch genannt „Des Feenkönigs Buttermesser“, oder auch „Der Glitzerschlitzer“.",被称为“精灵王的黄油刀”，但是别真的用来刮黄油。,光と闇とその他もろもろが合わさり最強に見える。,"""요정왕의 버터나이프""나 ""스파클링 슬래셔"" 같은 이름으로 불리기도 합니다.",被稱為“精靈王的黃油刀”，但是別真的用來刮黃油。,"Également connue sous le nom de ""Couteau à beurre du roi"" et de ""Tueur étincelant"".",Также известен как «Масляный нож короля фей» и «Сверкающий убийца».,"Também leva o nome ""Faca do Rei das Fadas"" e como ""O Cortador Cintilante"".",También conocida como «El cuchillo de la reina hada» o «La hoja multicolor».
"<!MissingKey:178:What time is it? IT’S SLIME TIME! You know, slime time can be at different times, but it’s never at 6 o’clock.>","What time is it? IT’S SLIME TIME! You know, slime time can be at different times, but it’s never at 6 o’clock.","Wie spät es ist? Es ist SCHLEIMZEIT! (Schleimzeit ist immer, außer frühs um 6.)",黏黏的派对比较疯狂，做好心理准备。,レッツ・スライムタイム！,"지금 몇 시죠? 슬라임 타임입니다! 슬라임 타임은 매번 달라지지만, 확실한 건 6시는 아닙니다.",黏呼呼的派對比較瘋狂，做好心理準備。,"Quelle heure est-il ? L'HEURE DE L'INSTANT GLUANT, BIEN SÛR ! Il peut avoir lieu à toutes heures, mais jamais à 18 heures, attention.","Который час? Слайм-тайм! Слайм-тайм может наступить в любое время, но только не в полдень!","Que horas são? É HORA DO SLIME! Sabe, a hora do slime pode ser em momentos diferentes, mas nunca é às 6 horas.","¿Qué hora es? ¡Es hora de viscosidades! No es a ninguna hora en específico, pero NUNCA puede ser a las seis."
"<!MissingKey:179:Getting this up and down the shelves wasn't easy, please respect that.>","Getting this up and down the shelves wasn't easy, please respect that.","Das war kein Spaß, den aufs Regal zu kriegen.",把这个从货架上搬下来挺难的，我不想搬回去了。,コレを棚から上げ下ろしするのは大変なんだ。労ってよね。,선반에 올리고 내리는 게 쉬운 일은 아니랍니다. 칭찬 한번 해주세요.,把這個從貨架上搬下來挺難的，我不想搬回去了。,"Si vous croyez que ça été facile à mettre en rayon, alors un peu de respect, je vous prie.",Ее непросто затаскивать на полку или снимать. Не заставляйте меня делать это снова.,"Tirar isto das prateleiras e pôr de volta não foi fácil, então tenha respeito, por favor.","Poner y quitar esto de la estantería no ha sido una tarea fácil, un respeto."
"<!MissingKey:180:Just because it looks $h[a tiny bit] cursed, doesn't mean it is, ok?>","Just because it looks $h[a tiny bit] cursed, doesn't mean it is, ok?","Nur weil es ein bisschen verflucht aussieht, heißt das ja noch gar nichts.",虽然看起来$h[有点]被诅咒的样子，其实并没有。,$h[ほんのちょっぴり]呪われてるっぽく見えるからって、呪われてるとは限らないよ。でしょ？,"$h[아주 약간] 저주받은 것처럼 생겼다고 해서, 꼭 그런 건 아니랍니다.",雖然看起來$h[有點]被詛咒的樣子，但其實並沒有。,"Ce n'est pas parce qu'elle a l'air $h[un tout petit peu] maudite, qu'elle l'est, d'accord ?","Не стоить делать поспешных выводов. Если он выглядит $h[слегка] проклятым, это еще ничего не значит.","Só porque parece um $h[bocadinho] amaldiçoado, não significa que seja, tá?","Sí, parece $h[un pelín] maldito, pero las apariencias engañan, ¿vale?"
"<!MissingKey:181:What, a bow AND an arrow for the price of one? An incredible deal!>","What, a bow AND an arrow for the price of one? An incredible deal!",Pfeil UND Bogen in nur einem Angebot?! Heute muss dein Glückstag sein!,买弓附赠箭哦，超值优惠！,弓と矢がセットでこのお値段！ しかも今ならなんと、弓をもう1個お付けしてお値段はそのまま！,하나 사는 가격에 활과 화살을 모두 얻을 수 있다니!,買弓附贈箭哦，超值優惠！,Mais quoi ? Un arc et une flèche pour le prix d'un ? Quelle aubaine !,"И лук, и стрелы? Два по цене одного? Отличная сделка!",Como é!? Um arco E uma flecha pelo preço de um!? Que negócio imperdível!,¡Paga el arco y llévate una flecha de regalo! ¡Menudo chollo!
<!MissingKey:182:A bad diet is worse than any monster.>,A bad diet is worse than any monster.,Eine falsche Ernährung ist schlimmer als jedes Monster.,注意饮食均衡！,どんなモンスターより怖いのは、悪い食生活だよ。,좋지 않은 식단은 그 어떤 괴물보다도 나쁘답니다.,注意飲食均衡！,Un mauvais régime alimentaire est pire que n'importe quel monstre.,Плохое питание хуже любого монстра.,Pior que qualquer monstro é uma alimentação ruim.,Una dieta pobre es peor que cualquier monstruo.
"<!MissingKey:183:Everyone is unique, but some are uniquer!>","Everyone is unique, but some are uniquer!","Jeder ist einzigartig, aber ich ganz besonders!",每个人都很特别，但是有些人更加特别！,意外にこれ知られてないんですけど、ユニークアイテムは個性的なんです。,"모든 사람은 특별하지만, 더 특별한 사람도 있죠!",每個人都很特別，但是有些人更加特別！,"Bien sûr que tout le monde est unique, mais certains le sont plus que d'autres !","Каждое существо уникально, но некоторые уникальнее других!","Todos são únicos, mas alguns são mais únicos!","Todo el mundo es único, ¡pero algunos lo son aún más!"
<!MissingKey:184:A little bit of this and a lot of that! Nice!>,A little bit of this and a lot of that! Nice!,Ein bisschen hiervon und eine Riesenmenge davon! Super!,加一点这个，加一点那个！,こんなちょっとで、あんなたくさん！やった！,"이것도 넣고, 저것도 넣고! 좋아!",加一點這個，加一點那個！,Un peu de ceci et beaucoup de ça ! Parfait !,"Нальем немного этого, немного того...",Um pouquinho disto e um montão daquilo! Boa!,"¡Un poquito de esto, un muchito de lo otro...! ¡Listo!"
<!MissingKey:185:The highest evolution of a matchstick.>,The highest evolution of a matchstick.,Die höchste Form des Streichholzes.,火柴的最终形态。,マッチ棒の究極進化系がコレだよ。,성냥개비의 최종 진화 버전입니다.,火柴的最終形態。,Le sommet de l'évolution d’une allumette.,Высшая стадия эволюция спички.,A maior evolução de um palito de fósforo.,La forma final de la cerilla.
<!MissingKey:186:It just likes mana sooo much!>,It just likes mana sooo much!,Es mag Mana einfach sooo gern!,简直是个魔法海绵！,この剣は、マナがすーっごく大好きなんだ！この間ついにマナに告白したらしいよ。,마나를 너무너무 좋아하는 친구랍니다!,簡直就像魔法海綿！,C'est un pur concentré de mana !,Он просто обожает ману!,Ela aaama mana!,¡Es que le encanta el maná!
<!MissingKey:187:It can even cut cold butter.>,It can even cut cold butter.,Es schneidet durch Butter wie durch... äh.,你是不是看了很多用烧红的刀切东西的视频，现在可以亲自尝试了。,冷えてカチカチになったバターもスルッと切れるよ。,차가운 버터도 자를 수 있답니다.,你是不是看了很多用燒紅的刀切東西的影片，現在可以親自嘗試了。,"Elle peut trancher absolument tout, même le beurre froid !",Нарезает даже масло из бабушкиной морозилки.,Corta até manteiga gelada.,Puede cortar la mantequilla recién sacada de la nevera.
<!MissingKey:188:Someone stole one of these and I felt so... betrayed.>,Someone stole one of these and I felt so... betrayed.,Jemand hat mir mal hinterrücks den Dolch geklaut – so ein Verrat!,有人偷了我的匕首存货，现在他的坟头草已经2米高了。,女の子の偽名として使うには賛否が分かれるかもしれない。,이걸 누가 훔쳐갔을 때는 정말 깊은 배신감이 들었습니다.,有人偷了我的匕首存貨，現在他已經去見上帝了。,Je m'en suis déjà fait voler une et… le sentiment de trahison était immense.,У меня как-то украли один. Словно нож в спину...,Alguém roubou uma destas e eu me senti tão... traído.,El daño que la daga haga abre llagas y te deja en bra... Mejor no sigo.
"<!MissingKey:189:You can keep what you find, just don't talk to anyone about anything.>","You can keep what you find, just don't talk to anyone about anything.","Du darfst alles behalten, was du ausgräbst, aber sprich mit niemandem darüber.",挖到的东西你可以自己留着，别到处说就行。,掘り出したモノは取っておいていいけど、そのことは誰にも話さないようにね。,"찾아내는 건 가지셔도 되니, 다른 사람들한테 말하지만 마세요.",挖到的東西你可以自己留著，別到處說就行。,"Vous pouvez garder ce que vous trouverez, mais ne le dites à personne.","Вы можете оставить себе все, что откопаете. Но никому о ней не рассказывайте.","Você pode ficar com o que encontrar, só não conte para ninguém.","Lo que encuentras, te lo quedas, pero no se lo cuentes a nadie."
"<!MissingKey:190:Don't ask me what it does, but I know it does something.>","Don't ask me what it does, but I know it does something.","Ich weiß nicht, was es macht, aber irgendwas macht es!",别问我这玩意有啥用，反正有用就是了。,なんで未鑑定品を売っているのかって？そりゃ経費さくげ……ワクワク感をお届けするためさ！,"이게 뭘 하는진 모르지만, 뭔가 할 거라는 것만은 확실합니다.",別問我這玩意有啥用，反正有用就是了。,"Ne me demandez pas ce qu'elle fait, mais je sais qu'elle fait quelque chose.","Даже не спрашивайте меня, что делает эта штука. Но что-то она точно делает.","Não me pergunte o que ele faz, só sei que faz alguma coisa.","No me preguntes qué hace porque no lo sé, pero algo hará."
<!MissingKey:191:Knuckle up!>,Knuckle up!,Für einen gleichermaßen coolen und gewalttätigen Eindruck.,吃我一拳！,正々堂々、拳だけで語り合おう。,제대로 한판 붙어보시죠!,吃我一拳！,"De quoi leur faire la tête au ""jarret"" !",В рукопашную!,Prepare os punhos!,¡Puños arriba!
<!MissingKey:192:The mana condenses in the middle.>,The mana condenses in the middle.,Das Mana sammelt sich in der Mitte.,中间聚集着魔法之力。,中心にはマナがぎっしり集まってるんだ。,중심부에 마력이 응축되어 있습니다.,中間聚集著魔法之力。,C'est au milieu que se concentre tout le mana.,В центре листа сгущается мана.,A mana se condensa no meio.,El maná se condensa en el centro.
<!MissingKey:193:It gets better before it gets worse before it finally gets better.>,It gets better before it gets worse before it finally gets better.,"Bevor es besser werden kann, muss es erst schlimmer werden, und dann noch schlimmer.",生气有害健康，但是是对手的健康。,"イラッ…いや、怒りを抑えなくちゃ。1, 2, 3……ああぁああぁぁあああぁああああ！！！","더 화나기 전에 좀 괜찮아졌고, 이젠 완전히 풀렸습니다.",生氣有害健康，但是是對手的健康。,Les choses s'améliorent toujours avant de s'aggraver puis de s'améliorer.,"Так всегда: сначала лучше, а потом хуже, чтобы, наконец-то, все стало лучше.","Fica melhor antes de piorar, antes de finalmente melhorar.",La cosa mejora y luego empeora y al final termina por mejorar.
<!MissingKey:194:It takes months to gather and ripen enough pestilence for a single flask.>,It takes months to gather and ripen enough pestilence for a single flask.,"Es ist ein aufwendiger Prozess, so viel Pest zu kultivieren.",我可是花了几个月的时间才酿出这么一瓶。,疫毒をひとつのフラスコに集めて数か月熟成させたものがこちらになります。,플라스크 하나 분량의 독을 모으고 숙성시키는 데는 몇 달이 걸립니다.,我可是花了幾個月的時間才釀出這麼一瓶。,Il faut des mois pour rassembler et faire mûrir assez de pestilence pour remplir une simple flasque.,"Нужны месяцы, чтобы наполнить один флакон готовым ядом.",Leva meses para coletar e amadurecer pestilência suficiente para um único frasco.,Se tarda meses en que madure la suficiente pestilencia para una sola poción.
"<!MissingKey:195:If you wanna take some, I'm not judging.>","If you wanna take some, I'm not judging.","Nimm dir ruhig was, ich verurteile dich nicht.",想吃零食就拿，别客气。,コレをつまみ食いしたとして、キミを責めたりはしないよ。,먹어보고 싶으시다면 말리진 않겠습니다.,想吃零食就拿，別客氣。,"Si vous en voulez une, je ne vous jugerai pas.","Если хотите взять немного, я не буду осуждать.","Se você quiser comer algumas, não vou julgar.","Aunque diga que es para mascotas, come si tienes hambre."
"<!MissingKey:196:Sit on it, but be careful, okay?>","Sit on it, but be careful, okay?",Setz dich ganz ganz vorsichtig darauf.,上面可以坐人，但是别把蛋坐破了。,上に座って温めよう。でも、気をつけてね。,조심스럽게 위에 앉아보세요.,上面可以坐人，但是別把蛋坐破了。,"Asseyez-vous dessus, mais faites attention.","Любое яйцо нужно высиживать. Но не переусердствуйте, ладно?","Pode se sentar em cima dele, mas com cuidado, tá?","Puedes sentarte encima, pero con cuidado."
<!MissingKey:197:Just looking at it makes you dizzy.>,Just looking at it makes you dizzy.,Schon beim Anblick wird mir schwummrig.,直视面具会让人产生眩晕感。,見るだけでクラクラしてくる一品だよ。,쳐다보기만 해도 뭔가 어지럽네요.,直視面具會讓人產生眩暈感。,Le simple fait de le regarder vous fait tourner la tête.,"Смотрит прямо в душу, и от этого не по себе...",Fico zonzo só de olhar para ela.,Solo con mirarla ya te mareas.
"<!MissingKey:198:People used to paint portraits with a pineapple, and I totally understand that.>","People used to paint portraits with a pineapple, and I totally understand that.",Diese Frucht hat einfach das gewisse Etwas.,人们之前会用菠萝去雕刻肖像，我也理解。,爆発する方のパイナップルじゃないから安心してね。,본인 초상화 옆에 파인애플을 두는 사람들이 있죠. 왜 그러는지는 알 것 같습니다.,人們以前都會用鳳梨去雕刻肖像，這我完全能夠理解。,"Les gens avaient l'habitude de se faire peindre avec un ananas, et je le comprends tout à fait.",Раньше люди рисовали портреты с помощью ананаса... их можно понять.,"As pessoas pintavam retratos com um abacaxi, e é totalmente compreensível.","La gente solía pintar retratos con piñas, algo totalmente comprensible."
"<!MissingKey:199:This looks intimidating, but it must be a nightmare to clean that thing.>","This looks intimidating, but it must be a nightmare to clean that thing.","Sieht gruselig aus, aber der wahrere Horror ist die Reinigung!",看起来挺吓人的，事后清理应该非常麻烦。,パッと見怖い武器だけど、それより怖いのは使ったあとのお手入れさ。悪夢だよ。,"무시무시하게 생겼지만, 이걸 손질해야 한다고 생각하면 더 끔찍하네요.",看起來挺嚇人的，事後清理起來應該非常麻煩。,"Ça a l'air intimidant comme ça, mais ça doit être un cauchemar de nettoyer ce machin.","Оружие надежное, но чистить эту штуку — сущий кошмар.","Dá medo quando a gente olha, mas terror maior deve ser na hora de limpar.","Parece intimidante, pero lo duro tiene que ser limpiar este cacharro."
<!MissingKey:200:A tasty little snack.>,A tasty little snack.,Ein leckerer Snack für zwischendurch.,别和易燃物放一起。,ボクにとってはおいしいオヤツさ。,맛있는 한입 간식이죠.,別跟易燃物放在一起。,Une petite collation savoureuse.,Не кладите его рядом с легковоспламеняющимися веществами.,Um aperitivo gostosinho.,Un «snack» de lo más sabroso.
<!MissingKey:201:The melting point of time is surprisingly low.>,The melting point of time is surprisingly low.,Der Schmelzpunkt der Zeit liegt unerwartet niedrig.,时间的熔点非常低。,時間の融点は驚くほど低いんだ。,시간의 융해점은 놀라울 정도로 낮습니다.,時間的熔點非常低。,Qui savait que le point de fonte temporelle était si bas…,Температура плавления времени удивительно низкая.,O ponto de fusão do tempo é surpreendentemente baixo.,El punto de fusión del tiempo es alucinantemente bajo.
<!MissingKey:202:He might regret that decision.>,He might regret that decision.,Das könnte er bereuen.,黏黏有点后悔吃了辣椒。,このスラバート、自分の決断を後悔してるかもね。,본인의 선택을 후회하고 있을지도 모릅니다.,黏呼呼有點後悔吃了辣椒。,Ce type de régime amène bien souvent quelques regrets le lendemain.,"Возможно, он пожалеет об этом решении...",Talvez ele se arrependa dessa decisão.,Ya verá cuando tenga que ir al baño.
<!MissingKey:203:Protected by the love child of horse and narwhale.>,Protected by the love child of horse and narwhale.,"Das prachtvolle Einhorn, Kind eines Pferdes und eines Narwals. Ein wundervolles Tier.",马和独角鲸的后代保护着你！,ウマとイッカクのあいだに生まれた子の愛に守られている。,말과 일각고래의 사생아가 이 방패를 수호합니다.,受到馬與獨角鯨混血兒的保護！,Protégé par le fruit de l'union d'une jument et d'un narval.,Вы под надежной защитой плода любви лошади и нарвала...,Protegido pelo fruto do amor entre o cavalo e o unicórnio-do-mar.,Protegido por el fruto del amor entre un caballo y un narval.
<!MissingKey:204:[b]BATTLECRY![/b] BATTLECRY! Battlecry!>,[b]BATTLECRY![/b] BATTLECRY! Battlecry!,[b]KAMPFSCHREI![/b] KAMPFSCHREI! Kampfschrei!,[b]瓦哈拉！[/b]瓦哈拉！瓦哈拉！,[b]雄叫び！[/b] 雄叫び！ …雄叫び…,[b]전투의 함성![/b] 의 함성! 성!,[b]瓦哈拉！[/b]瓦哈拉！瓦哈拉！,[b]CRI DE GUERRE ![/b] Cri de guerre ! Cri… de… guerre… !,[b]В АТАКУ!!![/b] В АТАКУ!! В атаку!,[b]GRITO DE GUERRA![/b] GRITO DE GUERRA! Grito de guerra!,[b]¡GRITO DE BATALLA![/b] ¡GRITO DE BATALLA! ¡Grito de Batalla!
<!MissingKey:205:Oh. It's see-through.>,Oh. It's see-through.,"Oh, ganz schön transparent.",里面记得穿衣服，这个盔甲是透明的。,おっと。この鎧、スケスケだね。,오. 속이 다 보이네요.,裏面記得穿衣服，這個盔甲是透明的。,Oh. C'est transparent.,Не забудьте надеть одежду. Этот доспех прозрачен.,"Ah, é transparente.",Usa ropa interior por debajo.
"<!MissingKey:206:Mushrooms are closer related to animals than to plants, you can tell because they are squishy.>","Mushrooms are closer related to animals than to plants, you can tell because they are squishy.","Pilze sind näher mit Tieren verwandt als mit Pflanzen, das merkt man daran, dass sie so knautschig sind.",其实蘑菇应该算作肉类，不然素食主义者怎么不吃蘑菇。,キノコは植物というより動物に近いんだ。ブヨブヨしているところからも分かるようにね。,버섯은 식물보다는 동물에 더 가깝습니다. 흐물흐물거리는 것만 봐도 알 수 있죠.,其實蘑菇應該算作肉類，不然素食主義者怎麼不吃蘑菇。,"Les champignons sont plus proches des animaux que des plantes, ce doit être pour ça qu'ils sont mous.","Грибы больше походят на животных, нежели на растения. Они мясистые и мягкие.",Os cogumelos são mais próximos dos animais do que das plantas; dá pra perceber porque eles são macios.,"Los champiñones son más similares a los animales que a las plantas, aunque su falta de movilidad indique lo contrario."
"<!MissingKey:207:Carotene might not give superpowers, but who knows? Also, it's very orange!>","Carotene might not give superpowers, but who knows? Also, it's very orange!","Karotin gibt dir keine Superkräfte, aber es macht dich orange!",胡萝卜素不能给你超能力，但多吃胡萝卜总没坏处。,カロテンを摂ってもスーパーパワーはゲットできないっていうけど、ほんとにそうかな？キレイなオレンジ色なのに！,"당근을 먹는다고 초능력이 생기진 않지만, 혹시 모를 일이죠! 주황색이기까지 한 걸요!",胡蘿蔔素不能給你超能力，但多吃胡蘿蔔包準沒壞處。,"Le carotène ne donne peut-être pas de superpouvoirs, mais qui sait ? Et puis, elle est particulièrement orange !","Овощи не наделят вас суперсилой, но они все равно очень полезны.","Pode ser que caroteno não dê superpoderes, mas quem sabe? Sem falar que é muito laranja!","Puede que el caroteno no dé superpoderes, pero nunca se sabe... ¡Y es supernaranja!"
<!MissingKey:208:Gooberts UNIFY!>,Gooberts UNIFY!,"Schlotzberts, vereinigt euch! ",黏黏合体！,ｼｬﾊﾞﾄﾞｩﾋﾞﾀｯﾁ合ｯ体！,슬돌이 집합!,黏呼呼合體！,"Viskeux, rassemblement !",Слияние Слаймеров!,"Gosbertos, UNAM-SE!",Viscosinos... ¡FORMACIÓN!
<!MissingKey:209:Shelly rushes to the rescue! ................. And there she goes! ...... Almost on the way!>,Shelly rushes to the rescue! ................. And there she goes! ...... Almost on the way!,Gerdi eilt zur Rettung! .......... Und los geht's! ...... Gleich ist sie auf dem Weg!!,小蜗会在战斗中助你一臂之力，就是你得多等一会。,シェリーが～い～そ～い～で～た～す～け～に～い～く～よ～！い～ま～む～か～っ～て～る～！あ～と～も～う～ち～ょ～っ～と～！,깍지가 여러분을 구하러 갑니다! ................. 거의 다 왔습니다! ...... 코 앞이에요!,小蝸會在戰鬥中助你一臂之力，就是你得多等一會。,Carapacie vole à la rescousse… ! Et la voilà qui arrive… ! Elle y était presque !,Шелли спешит на помощь!................. А вот и она!...... Она... почти в пути!,Shelly corre para o resgate! ................. E lá vai ela! ...... Quase chegando!,"¡Caparacín al rescate!... ¡Casi llegando!... Bueno, ¡ahorita estará en marcha!"
"<!MissingKey:210:What poetic growling, and insightful snarl.>","What poetic growling, and insightful snarl.",Welch poetisches Gejaule!,我们听起来就是普通的嚎叫，其实它在念诗。,なんて詩的な吠え声なんだろう。うなる声からは洞察力が感じられるね。,"문학적인 으르렁거림, 통찰력 있는 그르렁거림.",我們聽起來就是普通的嚎叫，其實它在念詩。,"Quel grognement poétique, mais quel grognement pertinent !","Это звучит как обычные завывания, но на самом деле он читает стихотворение.","Que rugido poético, que rosnado interessante!","Qué gruñido tan poético, qué ladrido tan inspirador."
"<!MissingKey:211:With this exclusive membership, I might even bring out the good stuff!>","With this exclusive membership, I might even bring out the good stuff!",Vielleicht hol ich jetzt sogar die guten Sachen raus!,有了会员资格，我可能会给你弄一些更好的东西哦！,限定会員には、もっと品質のいいアイテムを提供してあげちゃうよ！,"멤버십에 가입하신다면, 더 좋은 상품을 제공해드릴 수도 있습니다.",有了會員資格，我說不定能幫你弄到更好的東西唷！,C'est le genre d'adhésion exclusive qui me donne envie de faire des folies !,Все самое лучшее — для VIP-покупателей!,"Com esta afiliação exclusiva, posso até oferecer as coisas boas de verdade!","Si formas parte de tan selecto club, igual me animo a sacar las cosas que merecen la pena."
<!MissingKey:212:There is a reason “King” rhymes with “Bling”. >,There is a reason “King” rhymes with “Bling”. ,Als König muss man schon entsprechend dekoriert sein.,闪耀着王者的威严。,この輝きを見てよ。これだから、「王」って言葉は「おう！」って驚きの声と似てるのさ。,왕의 품격에 걸맞게 빛나고 있습니다.,閃耀著王者的威嚴。,Ce n'est pas pour rien que « Royauté » rime avec « Monnaie ».,Сияет королевским величием.,"Cheia de brilhantes, à altura da realeza.",Porque no se puede ser rey sin una corona brillante.
"<!MissingKey:213:Some say a Sapphire makes the Saturn favor you, but I don't think it really cares that much.>","Some say a Sapphire makes the Saturn favor you, but I don't think it really cares that much.","Man sagt, mit einem Saphir ist der Saturn dir gewogen. Aber wenn ich ehrlich bin, ich glaube der interessiert sich nicht so sehr.",传说蓝宝石会让土星给你带来好运，其实是扯淡。,サファイアは持ち主に土星の加護をもたらすとも言うけど、土星がそんなちっぽけなこと気にするかな？,"사파이어를 지니면 토성을 사랑하게 된다는 말이 있던데, 제 생각엔 별 상관없는 것 같네요.",傳說藍寶石會讓土星給你帶來好運，其實是扯淡。,"Certains disent qu'un saphir vous apporte les faveurs de Saturne, mais je doute que ce soit vraiment important.","Кто-то говорит, что сапфир способствует благосклонности Сатурна. Но не думаю, что это имеет такое уж большое значение.","Alguns dizem que a safira atrai as graças de Saturno, mas duvido muito que ele dê bola.","Dicen que el zafiro es la piedra favorita de Saturno, pero yo creo que a Saturno le da absolutamente igual."
<!MissingKey:214:Even better with a hint of corruption!>,Even better with a hint of corruption!,"Mhmmm, noch besser mit etwas Korruption.",加入了腐败的力量！但是你真的要喝吗？,仕上げに堕落を適量足します。適量ってどのくらいだろう…？,조금만 더 썩히면 좋을 것 같네요!,加入了腐敗的力量！但是你真的要喝嗎？,Encore meilleure avec un soupçon de corruption !,Вот где истинная сила проклятий!,Fica ainda melhor com um toque de corrupção!,¡Ahora con un toque a corrupción!
"<!MissingKey:215:It’s more than just banging a hammer on metal, but not that much more!>","It’s more than just banging a hammer on metal, but not that much more!","Es geht um mehr, als einen Hammer auf Metall zu donnern, aber nicht um viel mehr.",非常实用的教程，任何人看了都会打铁！,ぜんぜんわからない。俺たちは雰囲気で鍛冶をやっている。,"금속에 망치를 두드리는 것보단 복잡하지만, 더 알려드릴 수는 없습니다!",非常實用的教程，任何人看了都會打鐵！,Ce n'est vraiment pas plus compliqué qu'un simple coup de marteau sur du métal !,Стучать молотком по металлу оказалось не так уж и сложно!,"É mais do que apenas martelar o metal, mas não muito mais do que isso!",Podrías pensar que no es más que golpear el metal con un martillo... y prácticamente estás en lo cierto.
<!MissingKey:216:A traditional present for the naughty ones.>,A traditional present for the naughty ones.,Das traditionelle Geschenk für die bösen Kinder.,淘气孩子只能得到一坨煤炭。,悪い子に贈る、由緒正しいプレゼントだよ。,개구쟁이들에게 주어지는 전통적인 선물입니다.,壞孩子只能得到一坨煤炭。,Un cadeau classique pour ceux qui ont été méchants.,Непослушные дети вместо конфет получают кусок угля.,Um presente tradicional para os danadinhos.,El regalo tradicional para los niños malos.
"<!MissingKey:217:Makes you dizzy, in a good way.>","Makes you dizzy, in a good way.","Es macht ein bisschen schwummrig, aber das soll so.",小抿一口就微醺。,飲むとめまいがするよ。,마시면 몸에 좋은 현기증을 느낄 수 있습니다.,小抿一口就微醺。,"Ça vous fait tourner la tête, mais dans le bon sens du terme.","От него кружится голова, но многим нравится это ощущение.","Dá tontura, mas uma tontura boa.","Te marea, pero en plan bien."
"<!MissingKey:218:Well, at least you don't have to worry about having a stone in your shoes...>","Well, at least you don't have to worry about having a stone in your shoes...","Immerhin muss man sicht nicht mehr fragen, ob man einen Stein im Schuh hat…",起码不用担心鞋子里有石头了。,まあ、靴の中に石が入る心配はないだろうけど…,적어도 신발에 돌이 들어갈지 걱정할 필요는 없겠네요.,起碼不用擔心鞋子裏有石頭了。,"Au moins, vous n'avez pas à craindre d'avoir un caillou dans vos chaussures…","Это, конечно, не самая удобная обувь, но зато вам не придется беспокоиться, что в ботинок попадет камень...","Bem, pelo menos você não precisa se preocupar em ter uma pedra nos seus sapatos...","Bueno, al menos no tendrás que preocuparte por tener una piedra en los zapatos..."
<!MissingKey:219:This darn dagger again!>,This darn dagger again!,Schon wieder dieser verfluchte Dolch!,怎么又是这个匕首！,このダガーで祝ってやる。,이 망할 단검이 또 말썽이네!,怎麼又是這個匕首！,Encore cette maudite dague !,Снова этот проклятый кинжал!,De novo esta adaga maldita!,¡Dichosa daga del diablo!
<!MissingKey:220:Everything you need - if you need a very high dose of Vitamin K.>,Everything you need - if you need a very high dose of Vitamin K.,"Enthält alles, was du brauchst – wenn du sehr viel Vitamin K brauchst.",红瓶的，好喝的，富含维他命K。,超高濃度ビタミンKがほしいならこれ1本！,필요한 모든 성분이 들어있습니다. 비타민 K도 물론 들어있죠.,紅色瓶子，好喝液體，富含維他命K。,Tout ce dont vous avez besoin… au cas où il vous faudrait une sacrée dose de vitamine K.,"То, что доктор прописал! Очень высокая доза витамина К.",Tudo de que você precisa - caso precise de uma dose muito alta de vitamina K.,"Justo lo que necesitas..., si lo que necesitas es una buena dosis de vitamina K."
<!MissingKey:221:Solves any iron deficiency you may or may not have.>,Solves any iron deficiency you may or may not have.,Nie wieder Eisenmangel!,对缺铁症疗效显著。,どんな貧血もコレで解決さ。キミが貧血だろうと、そうじゃなかろうとね。,어쩌면 있을지도 모를 철분 부족을 해결해줍니다.,對缺鐵症療效顯著。,Résout la moindre carence en fer que vous pourriez avoir ou non.,"Решит проблему дефицита железа, даже если у вас ее нет.",Resolve qualquer deficiência de ferro que você possa ou não ter.,El enemigo más temido por la anemia.
<!MissingKey:222:Don't drop it through the floor. Not that this ever happened to me.>,Don't drop it through the floor. Not that this ever happened to me.,Nicht fallen lassen.,拿稳了，掉到地上会穿过地板。别问我怎么知道的。,床に落としちゃダメだよ。ボクは一度も落としたことないから、どうなるか知らないんだ。,절대로 바닥에 떨어뜨리지 마세요. 상상조차 하고 싶지 않네요.,拿穩了，掉到地上可是會穿透地板的。別問我怎麼知道的。,Ne la faites pas tomber par terre. Non pas que cela me soit déjà arrivé…,"Не роняйте его на пол. Никто не знает, как далеко вниз он может провалиться.",Não a deixa atravessar o chão! (Não que eu tenha passado por isso.),"Si se te cae, igual atraviesa el suelo. Y como te pase, es una odisea recuperarla..."
"<!MissingKey:223:For the last time, we do a ‘Dark Ritual’ here, not a ‘Dank Ritual’ so please stop making that face.>","For the last time, we do a ‘Dark Ritual’ here, not a ‘Dank Ritual’ so please stop making that face.","Zum letzten Mal, es ist eine „finstere Beschwörung“, keine „fröhliche Beschwörung“, und jetzt setz den lächerlichen Hut ab.",听我解释，我们没有在举行什么邪恶的仪式。,前回、我々は「闇の儀式」を執り行ったが、断じて「髪の儀式」ではないので、そんな顔でこちらを見つめるのはやめなさい。,"여기서 했던 건 '엉뚱한 의식'이 아니라, '어둠의 의식'입니다. 그런 표정으로 보지 마세요.",聽我解釋，我們沒有在舉行什麼邪惡的儀式。,"Pour la dernière fois, c'est un ""Rituel sombre"" que nous avons prévu, pas un ""Rituel de concombre"", alors arrêtez de faire cette tête.","Повторяю в последний раз: мы проводим здесь «темный ритуал», а не «темный карнавал». Никаких праздничных костюмов!","Pela última vez, fazemos um 'Ritual Sombrio' aqui, não um 'Ritual Esquisito', então pare de fazer essa cara.","Por última vez, se llama «ritual oscuro». ¡Oscuro! ¡Con «r»!"
"<!MissingKey:224:A bit small, but with wheels for easy transport.>","A bit small, but with wheels for easy transport.","Etwas klein, aber mit praktischen Rollen.",有点小，但装了轮子运输起来还算方便。,ちょっと小さいけど、車輪がついてるから持ち運びしやすいんだ。,"좀 작지만, 이동용 바퀴도 달려있답니다.",有點小，但裝了輪子運輸起來還算方便。,"Un peu étroit, mais avec des roues pour faciliter le transport.","Небольшой, но с колесиками для удобной транспортировки.","Um pouco pequena, mas tem rodinhas para facilitar o transporte.","Un poco pequeño, pero tiene ruedas para facilitar su transporte."
"<!MissingKey:225:They say it brings bad luck, but look at it. I think it's just a nice little bird.>","They say it brings bad luck, but look at it. I think it's just a nice little bird.","Von wegen Unglücksbringer, mir bringt er Freude!",有人说这鸟会带来厄运，但是怎么看都是一只可爱的小鸟啊。,アリスイは不幸を運ぶ鳥って言われてるけど、そんなことあるわけない！ボクだけはこの子の優しさを分かってるんだ。,"불행을 가져오는 새라는 말도 있지만, 그냥 귀엽지 않나요?",有人說這鳥會帶來厄運，但是怎麼看都是一隻可愛的小鳥啊。,"On le traite d'oiseau de malheur, mais regardez-le : c'est juste un joli petit oiseau.","Ходят слухи, что эта птица приносит несчастье. Но посмотрите на нее! Она же милаха.","Dizem que dá azar, mas olhe para ele: acho que é só um passarinho bonitinho.","Dicen que trae mala suerte, pero no sé... ¡A mí me parece un pajarito de lo más bonito!"
"<!MissingKey:226:Behold, the most squishy being in this shop!>","Behold, the most squishy being in this shop!",Bestaune das knautschigste Wesen in diesem Laden! ,商店里最软绵绵的生物！,プルプル、コイツ…わるいスラバートだよ…！,이 상점 최고의 말랑이랍니다!,商店裡最軟綿綿的生物！,Voici la créature la plus gluante de cette boutique !,А вот и самое желеобразное существо в этом магазине!,Conheça o ser mais molengo desta loja!,¡Es la cosa más achuchable de toda la tienda!
<!MissingKey:227:You just have that certain $h[grip].>,You just have that certain $h[grip].,Endlich rutschsicher!,武器拿得$h[稳]才能打得$h[准]。,これさえ着ければ$h[グリップ]が利いて、アイテムをすばやく扱えるよ！,손은 눈보다 빠르니 걱정하지 마세요.,武器拿得$h[穩]才能打得$h[準]。,Ça vous va comme un $h[gant].,У вас явно есть $h[хватка].,Você tem aquela certa $h[pegada].,Vísteme rápido que $h[tengo prisa].
"<!MissingKey:228:Good old stone, so much more powerful than scissors. But something needs to be done about paper!>","Good old stone, so much more powerful than scissors. But something needs to be done about paper!","Der gute alte Stein, so viel besser als die doofe Schere. Aber jemand muss endlich was gegen Papier unternehmen!",一块能打败剪刀的奇妙石头。如果你想打败纸，就必须使用不同的招式！,古き良き石さ。ハサミよりずっとパワフルなんだ！まあ、紙に対しては無力だけどね！,가위를 이길 수 있는 멋진 돌입니다. 종이를 이기려면 다른 수를 써야겠네요!,一塊能打敗剪刀的奇妙石頭。如果你想打敗紙，就必須使用不同的招式！,"Une bonne vieille pierre, tellement plus puissante que des ciseaux. Mais il va falloir faire quelque chose à propos du papier !",Камень побеждает ножницы! Но вот в случае с бумагой что-то придется придумывать...,"A boa e velha pedra, tão mais poderosa que a tesoura. Mas alguma providência precisa ser tomada a respeito do papel!","La piedra arrasa con todas las tijeras que se le pongan por delante. Ahora, si hablamos del papel..."
"<!MissingKey:229:By the light, poke them!>","By the light, poke them!",Möge das Licht dich pieksen!,以光之名，刺向敌人！,光の名にかけて！,빛의 힘으로 꿰뚫으세요!,以光之名，刺向敵人！,"Au nom de la lumière, piquez-les !",Дырявь врагов во имя света!,"Em nome da luz, espete-os!","¡Por el poder de la luz, yo te atravieso!"
"<!MissingKey:230:A fun and trustworthy guy, straight from Balatro!>","A fun and trustworthy guy, straight from Balatro!",Ein vertrauenswürdiger junger Mann bekannt aus Balatro!,一位来自《小丑牌》的可靠伙计。,『Balatro』からやって来た楽しくて信用できるヤツさ！,발라트로에서 찾아온 유쾌하고 든든한 친구랍니다!,一位來自《小丑牌》的可靠夥計。,"Un jeune homme sympathique et digne de confiance, tout droit sorti de Balatro !",Веселый парень из Balatro!,"Um rapaz divertido e de confiança, direto de Balatro!",¡Un tío de lo más majo y muy de fiar que ha venido desde Balatro!
<!MissingKey:231:There is either something really concerning inside or it is a very powerful case.>,There is either something really concerning inside or it is a very powerful case.,"Also entweder ist da etwas wirklich mächtiges drin, oder das ist ein außerordentlicher Kasten.",看起来里面有什么非常可怕的东西，不然不会用链子锁起来。,鎖で繋がれてるってことは、中にマズイものが入っているか、ケースがヤバイか、どっちかだ。,"안에 뭔가 꺼림칙한 게 들어있거나, 아니면 그냥 엄청나게 강력한 케이스일 것입니다.",看起來裏面有什麼非常可怕的東西，不然不會用鏈子鎖起來。,"Soit il y a quelque chose de vraiment inquiétant à l'intérieur, soit il s'agit d'un étui particulièrement puissant.","Похоже, там хранится что-то очень страшное... иначе его бы не заковали в цепи.",Ou tem algo muito preocupante lá dentro ou é um estojo muito poderoso.,"No sé qué habrá dentro, pero tiene que dar muy mal rollo para tener que encerrarlo así."
"<!MissingKey:232:Oh no, so spooky.>","Oh no, so spooky.",So gruselig!,啊，有点吓人哈！,うわっ、気持ち悪っ。,"오, 으스스하네요.",啊，有點嚇人捏！,"Eh bien, celui-ci a quelque chose de sinistre.",Он стал жутковатым.,"Aiii, que medo.","Uy, qué mieditooo..."
"<!MissingKey:233:Careful, it's a pokey little thing.>","Careful, it's a pokey little thing.","Vorsicht, pieksig!",小心点，挺扎人的。,気をつけてね、ちょっとトゲトゲしてるから。,예민하니까 조심하세요.,小心點，挺刺人的。,"Attention, ça peut picoter un peu.","Осторожнее, очень колючий.","Cuidado, hein, esse negócio espeta!","Cuidadito, que te puedes sacar un ojo."
"<!MissingKey:234:Protect the head, you might still need it.>","Protect the head, you might still need it.","Schütze deinen Kopf, du könntest ihn brauchen.",保护你的脑袋，多少能起点作用。,キミには脱帽しちゃうな！いやいや、ヘルムは被ったままでいいよ。,머리를 보호하세요. 이거라도 필요할 때가 있답니다.,能保護你的腦袋，多少有點作用。,"Protégez votre tête, qui sait, vous pourriez encore en avoir besoin.","Защищайте голову, она вам еще пригодится.","Proteja a cabeça, talvez um dia você ainda precise dela.","Protégete la cabeza, que igual la necesitas."
<!MissingKey:235:Such a brave sword.>,Such a brave sword.,So ein tapferes Schwert!,为你提供勇气加持！,この剣は勇気で満ちてるのさ。,그 누구보다도 용맹한 검입니다.,為你提供勇氣加持！,Quelle brave épée.,Очень-очень смелый меч.,Que espada corajosa!,Qué espada tan valiente.
"<!MissingKey:236:Don't worry, being poisoned means something completely different for Goobert...>","Don't worry, being poisoned means something completely different for Goobert...","Keine Sorge, ein Schlotzbert hat ein gänzlich anderes Verhältnis zu Gift als du und ich.",别太担心，中毒对黏黏来说不算坏事……,心配しなくてもいいよ。スラバートと人間じゃ、毒の効き方が違うから。,"걱정 마세요, 슬돌이에게 있어 독은 아무것도 아닙니다...",不用太擔心，中毒這種事對黏呼呼來說不算壞事……,"Ne vous inquiétez pas, le poison a une toute autre signification pour un Viskeu…","Не волнуйтесь, ядовитость означает для Слаймера совсем другое...","Relaxe, ser envenenado é totalmente diferente para o Gosberto...","No te preocupes, a un viscosino no le afecta el envenamiento como a las personas..."
<!MissingKey:237:Never look directly into it.>,Never look directly into it.,Niemals direkt hinein schauen.,眼睛别直视。,私がお前の父方の叔母だ。,절대 맨눈으로 쳐다보지 마세요.,眼睛別直視。,Ne le regardez jamais directement.,Даже не пытайтесь смотреть на него незащищенными глазами.,Nunca olhe direto para ele.,No se te ocurra mirarlo directamente.
"<!MissingKey:238:As a true omnivore, this dog eats everything.>","As a true omnivore, this dog eats everything.",Als wahrer Allesfresser knabbert er auch wirklich alles an.,作为真正的杂食动物，它什么都吃。,この子は真の雑食だからね、文字通りなんだって食べちゃうよ。,진정한 잡식성인 이 강아지는 모든 걸 먹어치웁니다.,作為真正的雜食動物，它什麼都吃。,"Véritable omnivore, ce louveteau mange de tout.","Ест все подряд, и поэтому такой сильный!","Como um bom onívoro, este cão come de tudo.","Los perros son omnívoros, así que comen de todo."
<!MissingKey:239:Everyone laughs - until they catch a splinter.>,Everyone laughs - until they catch a splinter.,"Alle lachen, bis sie dann 'nen Splitter haben.",你们就笑吧，被木刺扎到还能不能笑出来。,ヒノキではできていないけど、棒きれよりは強いね。,나무 가시에 한 번 찔려보면 비웃을 수 없을 겁니다.,等你被木刺刺到，就再也笑不出來了。,"Tout le monde rigole, jusqu'à ce qu'ils se prennent une écharde.","Враг будет смеяться лишь до тех пор, пока не засадит занозу.",Todos riem - até pegarem uma farpa.,Todo son risas... hasta que te clavas una astilla.
<!MissingKey:240:You would not want to be seen carrying potions like a peasant.>,You would not want to be seen carrying potions like a peasant.,Du kannst ja nicht einfach so mit Tränken in der Hand rumlaufen wie der letzte Himbeertoni.,战术魔药腰带，让你快速存取魔药。,ポーションはベルトに入れるのが今風だよ。バッグに入れるなんて田舎者のすることさ。,촌놈처럼 하나하나 포션을 들고 다닐 건 아니죠?,戰術魔藥腰帶，讓你快速取出魔藥。,Vous ne voudriez tout de même pas être aperçu en train de transporter des potions comme un paysan.,"Намного удобнее, чем искать зелья в мешке со всяким хламом.",Você não vai querer que te vejam carregando poções como um caipira.,No querrás que te vean cargando con las pociones en la mano cual vulgar campesino...
"<!MissingKey:241:It's said to protect its owner from intoxication. In a sense it does - if you buy an Amethyst, you don't buy booze from the money.>","It's said to protect its owner from intoxication. In a sense it does - if you buy an Amethyst, you don't buy booze from the money.","Man sagt, ein Amethyst schützt vor Trunkenheit. Wenn man Amethysten kauft, hat man kein Geld mehr zum Trinken.",传说紫水晶能让人保持清醒，其实是有道理的，买了紫水晶就没钱买酒了。,持ち主を「酔わない」ようにしてくれるんだって。そりゃそうだよね、アメシストを買えば、お酒を買うお金なんて残らないもの。,"지닌 사람을 중독으로부터 보호한다고 알려져 있습니다. 자수정을 사면 그 돈만큼은 술을 못 살 테니, 어느 정도는 맞는 말이겠네요.",傳說紫水晶能讓人保持清醒，其實是有道理的，買了紫水晶就沒錢買酒了。,"On dit qu'elle protège son propriétaire de l'ivresse. Dans un sens, c'est le cas : si vous achetez une améthyste, vous n'aurez plus d'argent pour acheter de l'alcool.","По слухам, он защищает своего владельца от пьянства. Доля правды в этом есть — стоит вам купить аметист, и вы не уже купите на эти деньги выпивку.","Dizem que ela protege contra embriaguez. De certa forma, é verdade: se você compra uma ametista, fica sem dinheiro para beber.","Dice que protege a su dueño del embriagamiento. Supongo que tiene sentido, ¿no? Si compras una amatista, no te queda dinero para alcohol."
"<!MissingKey:242:If you put it next to your ear, you might hear it trumpeting.>","If you put it next to your ear, you might hear it trumpeting.",Halte es neben dein Ohr und du hörst es tröten.,如果你放在耳边仔细听，可以听到大象的声音,耳にコレを近づけると、トランペットみたいな音が聞こえるかもね。,"귓가에 가져다대면, 울음소리가 들릴 수도 있습니다.",如果你放在耳邊仔細聽，可以聽到大象的聲音,"Si vous la placez près de votre oreille, vous l'entendrez peut-être barrir.","Если поднести ее к уху, можно услышать, как трубит слон.","Se você a colocar perto do ouvido, talvez ouça o barulho da tromba.","Si te la pegas al oído, oirás como una trompeta."
<!MissingKey:243:Cut right to the cheese!>,Cut right to the cheese!,Was für eine stinkige Strategie!,没人会动你的奶酪！,配置して、ハイ、チーズ！,신선한 치즈입니다!,沒人會動你的乳酪！,Ne me racontez pas de fromages !,Этот сыр ваш и только ваш!,Vá direto ao queijo!,¿Qué es eso? ¡Eso es queso!
<!MissingKey:244:A fire hazard! I'm not judging.>,A fire hazard! I'm not judging.,Ich hab nichts gegen etwas Brandgefahr.,别玩火，会尿床的。,火をつけたら、なぜかダンジョンのギミックが解けちゃうことも！,불이야! 제 잘못은 아니에요.,別玩火，會尿床的。,Je sens le risque d'incendie ! Je ne juge pas.,Факел детям — не игрушка!,Um risco de incêndio! Nada contra.,¡Peligro de incendio! El que avisa no es traidor.
"<!MissingKey:245:Hey, not the sword, Goobert!>","Hey, not the sword, Goobert!","Nein Schlotzbert, nicht das Schwert!",黏黏，别吃剑！,これは剣じゃなくて、スラバートだからね！,"잠깐, 그 칼은 안돼 슬돌아!",喂，黏呼呼，別吃劍！,"Oh non, pas l'épée, méchant Viskeu !","Эй, Слаймер, только не меч!","A espada não, Gosberto!","¡Suelta la espada, viscosino!"
<!MissingKey:246:When reading the words you feel your tongue getting cold.>,When reading the words you feel your tongue getting cold.,Schon beim Lesen wird die Zunge kalt.,念完咒语舌头都会结冰。,書かれてる内容を読みあげると、舌が冷たくなってくのを感じるハズさ。,한 글자만 읽어도 혓바닥이 서늘해지는 느낌이 듭니다.,念完咒語舌頭都會結冰。,"En lisant ces mots, vous ressentez une sensation de froid sur le bout de la langue.","Читая слова со свитка вы чувствуете, как холодеет ваш язык.","Enquanto lemos as palavras, sentimos a língua esfriar.",Al leer las palabras sientes que se te congela la lengua.
<!MissingKey:247:It radiates a certain unpleasantness into the room. >,It radiates a certain unpleasantness into the room. ,Es strahlt eine gewisse Ungemütlichkeit in den Raum.,散发出一种不祥的气息。,あなたのお部屋にささやかな不快感を。,방 안에 왠지 모를 불쾌감을 풍기고는 합니다.,散發出一種不祥的氣息。,Une certaine sensation de malaise se dégage de la pièce.,Эта побрякушка излучает что-то малоприятное...,Ele irradia uma certa desagradabilidade para a sala.,Irradia un cierto malestar en la sala.
<!MissingKey:248:Cause every class is wonderful.>,Cause every class is wonderful.,Denn jede Klasse ist wundervoll.,每个职业都很棒。,あらゆるクラスをステキにしてくれるバッジだよ。,모든 직업은 멋집니다.,每個職業都很棒。,Car toutes les classes sont merveilleuses.,Каждый класс по-своему хорош!,Porque toda classe é maravilhosa.,Para los que no pueden elegir una sola clase.
"<!MissingKey:249:It feels like getting healed, but much much worse.>","It feels like getting healed, but much much worse.","Es fühlt sich an wie geheilt zu werden, nur sehr viel schlechter.",想象一下被治愈的感觉，但是相反，并且糟糕很多倍。,その時は癒された気になるけど、寝ても疲れが取れなくなるよ。,"낫는 듯한 느낌이 들더라도, 실제로는 악화되고 있답니다.",想像一下被治癒的感覺，但是相反，而且糟糕很多倍。,"On a l'impression d'être guéri, mais pas en bien.","Должно походить на исцеление, но ощущения просто ужасные.","A sensação é de estar sendo curado, só que muito, muito pior.","Parece que te va a curar, pero hace justo lo contrario."
"<!MissingKey:250:No dragons were harmed for this armor – except one, but he was annoying.>","No dragons were harmed for this armor – except one, but he was annoying.","Bei der Produktion dieser Rüstung wurden keine Drachen geschädigt. Außer einer, aber der war nervig.",制作此盔甲过程中没有任何龙受到伤害，除了那条烦人的龙。,"この鎧を製造するにあたりいかなるドラゴンも傷つけていません。

あの目障りなドラゴンを除けばね。",갑옷 제작 과정에서 그 어떤 용도 피해를 입지 않았습니다. - 좀 열받긴 했나보네요.,製作此盔甲過程中沒有任何龍受到傷害，除了那條煩人的龍。,"Aucun dragon n'a été blessé en confectionnant cette armure, sauf un, mais on ne l'aimait pas celui-là.","При изготовлении этого доспеха не пострадал ни один дракон (точнее пострадал только один, но он был очень бесячим).","Nenhum dragão foi ferido para fazer esta armadura (tirando um, mas ele era irritante).","No se han usado dragones para esta armadura... en plural, porque sí se ha usado uno."
"<!MissingKey:251:It's sweet, it's yellow, need I say more?>","It's sweet, it's yellow, need I say more?","Gelb und lecker, komm schon, du willst doch reinbeißen!",又甜又黄的八拿拿！,バナナはおやつに入りますか？とりあえず食べ物には入るね。,노랗고 달콤하고 든든합니다.,黃色香甜可口，你懂我的明白吧？,"C'est sucré et c'est jaune, dois-je en dire plus ?","Сладкий, желтый... Разве нужно говорить еще что-то?","É doce e amarela, precisa dizer mais alguma coisa?","Es amarilla, sabe dulce... En fin, sobran las palabras."
<!MissingKey:252:If you use all your spikes as ammo you won't have any left over as a snack.>,If you use all your spikes as ammo you won't have any left over as a snack.,"Vorsicht, wenn du alle Stacheln verschießt hast du keine mehr zu knabbern.",怎么拿弓是个问题，都没地方下手。,射手ッ！,"가시를 전부 화살로 써버리기 전에, 간식으로 먹을 몇 개는 남겨둬야 한답니다.",怎麼拿弓是個問題，都沒地方能夠抓握。,"Si vous utilisez toutes vos pointes en munitions, il ne vous en restera plus à goûter.","На нем так много шипов, что не понятно, как взять его в руки.","Se você usar todos os seus espinhos como munição, não vai sobrar nenhum para comer.","Si usas todas las espinas como munición, te vas a quedar sin merienda."
<!MissingKey:253:Heroic Potion's got what plants crave. It's got electrolytes!>,Heroic Potion's got what plants crave. It's got electrolytes!,Durch Elektrolyte in die Blüte!,英勇魔药拥有所有植物都渴望的东西：电解质！,ヒーローポーションに、植物が求める成分を足したんだ。「電解質」ってヤツをね！,영웅의 포션은 모든 식물들이 간절히 원하는 것을 지니고 있습니다. 바로 전해질이죠!,英勇魔藥擁有所有植物都渴望的東西：電解質！,Les potions héroïques ont ce dont les plantes ont besoin. Elles contiennent des électrolytes !,Растения просто обожают героическое зелье. А знаете почему? В нем электролиты!,A Poção Heroica tem o que as plantas desejam: eletrólitos!,La poción heroica tiene lo que necesitan las plantas: ¡electrolitos!
"<!MissingKey:254:It hurts when you eat it, but that's what makes it great.>","It hurts when you eat it, but that's what makes it great.","Lecker, es schmeckt nach Schmerz.",吃的时候会辣到痛，但这就是它的美妙之处。,食べると口の中がヒリヒリ痛むけど、それがウリなんだ。,"먹을 때는 고통스럽지만, 그게 또 맛이죠.",吃的時候會辣到痛，但這就是它的美妙之處。,"Ça pique en bouche, mais c'est peut-être ce qui en fait tout le charme.","Невероятно жжет, но в этом и заключается его прелесть.","Arde quando se come, mas é por isso que ela é boa.",Comerte esto es toda una experiencia masoquista.
<!MissingKey:255:It's just nice to have in your pocket on cold days.>,It's just nice to have in your pocket on cold days.,An kalten Tagen perfekt für die Hosentasche.,有了它就可以无限畅饮冷饮了。,寒い日にポッケに入れとくと気持ちいいんだ。,추운 날에 주머니에 넣고 다니면 좋답니다.,有了它就可以無限暢飲冷飲了。,C'est juste agréable de l'avoir en poche les jours où il fait froid.,Приятно согревает ладошки в морозные дни.,É bom de deixar no bolso nos dias frios.,"Si tienes una de estas, te ahorrarás una fortuna en calefacción."
"<!MissingKey:256:Whoops, it ate the gem - and liked it.>","Whoops, it ate the gem - and liked it.","Oh, es hat das Amulett gegessen.",虽然叫吸血匕首，其实并不能真正的“吸”血。,うわあっ、ダガーがアミュレットを食べちゃったよ…しかも気に入ってるみたいだし。,방금 보석 먹지 않았나요? 좋아하는 것 같네요.,雖然叫吸血匕首，但其實並不能真的「吸」血。,"Oups, elle a gobé la gemme et… ça lui a plu.","Упс, он поглотил драгоценность... и ему понравилось.","Ops, ela comeu a gema... e gostou.",Espero que en realidad sea salsa de tomate...
<!MissingKey:257:I do $h[not] trust this crystal.>,I do $h[not] trust this crystal.,Vertrau diesem Kristall nicht.,最好$h[别]放在你的宝石盒里。,この呪われしクリスタルを手にした者はコタツから出られなくなるらしい。,$h[의심스럽기] 짝이 없는 크리스탈이네요.,最好$h[別]把這東西放在你的寶石盒裡。,Je ne fais $h[pas] confiance à ce cristal.,$h[Не стоит] класть его в шкатулку с драгоценностями.,Eu $h[não] confio neste cristal.,Este cristal $h[no] es nada de fiar.
"<!MissingKey:258:I wanted to own all of those, but they printed thousands...>","I wanted to own all of those, but they printed thousands...","Ich wollte sie alle besitzen, aber die haben echt viele davon gedruckt.",我想全部收集全，可是这卡印了几千张……,このカードは独り占めしたかったんだけど、諦めたんだ。世界に4枚どころじゃなく刷られてるからさ…,"하나 갖고 싶었던 건데, 수천 장이 생겼네요...",我想全部都收集到，可是這卡牌印了好幾千張……,"J'en faisais la collection, mais on en a imprimé desmilliers…",Вот бы стать единственным владельцем всех карт! Но скупают тысячами...,"Eu queria ter todas as cartas desta, mas imprimiram milhares...","Decían que era edición limitada, pero en Internet las venden como piruletas..."
<!MissingKey:259:They smell so funny.>,They smell so funny.,Das riecht ja sonderbar.,闻起来怪怪的。,一風変わった香りのハーブで癒やしのひとときを。,기묘한 향이 납니다.,聞起來怪怪的。,Elles ont une drôle d'odeur.,Они так забавно пахнут.,Têm um cheiro tão engraçado.,Huelen un poco raro.
"<!MissingKey:260:Hey, you could poke someone's eyes out with that!>","Hey, you could poke someone's eyes out with that!","Hey, man könnte jemandem damit ein Auge ausstechen. Interessant.",嘿，你可以用这个把敌人的眼睛都戳出来！,ほら、この剣は誰かの目をつつくのにピッタリなんだ！,다른 사람 눈 안 찌르게 조심해서 들고 다니세요!,嘿，你可以用這個把敵人的眼睛都戳出來！,"Hé, attention à ne pas aller crever les yeux de quelqu'un avec ça !","Эй, осторожнее! Проткнуть кого-то насквозь этой штукой — раз плюнуть.","Cuidado, corre o risco de arrancar os olhos de alguém com isso!","¡Anda, con eso le podrías quitar un ojo a alguien!"
<!MissingKey:261:For some reason they smell a little like lavender.>,For some reason they smell a little like lavender.,"Niemand weiß, warum sie immer etwas nach Lavendel duften.",由于某种原因，它们闻起来有点像薰衣草。,どういう訳か、この子たちはほんのりラベンダーみたいな香りがするんだ。,왠지는 모르겠는데 라벤더 향이 나네요.,由於某種原因，它們聞起來有點像薰衣草。,"Pour une raison inconnue, ils dégagent une odeur de lavande.",Почему-то он немного пахнет лавандой.,Por algum motivo o cheiro deles lembra lavanda.,"No se sabe por qué, pero tienen un cierto aroma a lavanda."
"<!MissingKey:262:All we guarantee is that there is something in it, probably!>","All we guarantee is that there is something in it, probably!","Wir garantieren, dass da irgendetwas drin ist. …Meistens.",就像开盲盒，但是没有保底物品,保証されているのは中に何かが入ってるってことだけ。多分ね！,"확실히 말씀드릴 수 있는데, 안에 뭐가 들어있긴 할 겁니다!",就像開盲盒，但是沒有保底物品,"La seule garantie que nous ayons, c'est qu'il y a probablement quelque chose dedans !","Мы можем гарантировать лишь то, что внутри не будет пусто.","Nossa única garantia é que há algo dentro dele, provavelmente!","¡Te podemos garantizar que hay algo dentro..., o no!"
"<!MissingKey:263:Sir Sand does not mind taking a punch for you, or from you! Quite the opposite actually...>","Sir Sand does not mind taking a punch for you, or from you! Quite the opposite actually...","Mr. Sand stört es nicht wenn du ihn haust, ganz im Gegenteil sogar...",别把沙包先生打坏了，沙子撒出来搞到眼睛可不好。,サンドバッグ卿は君の身代わりになっても、君から殴られても気にしない。むしろその逆で、恍惚の表情を浮かべるんだ…,"샌드 경은 주특기는 펀치를 맞는 것, 두 번째 특기는 펀치를 날리는 것입니다.",別把沙包先生打壞了，沙子撒出來搞到眼睛可不好。,"Messire Sable ne craint pas de prendre un coup pour vous, ou de vous en donner ! Bien au contraire d'ailleurs…","Мистер Песчаный мешок не возражает принять удар за вас, или даже от вас! На самом деле, ему это даже нравится...","Senhor Areia não se importa de levar um golpe por você, ou de você! Na verdade, é bem o contrário...","Al Sr. Sacoarenoso no le importa recibir un puñetazo por ti, ¡o de ti! Más bien al contrario..."
<!MissingKey:264:It does not like being compared to a snowball and I respect that.>,It does not like being compared to a snowball and I respect that.,"Es will nicht als Schneeball bezeichnet werden, respektiere das bitte.",别把它错当成雪球了。,雪玉の中に詰めないで直接投げつけてね。,눈덩이하고 비교당하는 걸 싫어한다고 하네요. 이해는 합니다.,別把它錯當成雪球了。,Ils n'aiment pas être comparés à des boules de neige et je respecte cela.,"Ему не нравится, когда его сравнивают со снежком, и его можно понять.","Ela não gosta que a comparem com uma bola de neve, e eu respeito.",No le gustan las comparaciones con las bolas de nieve. Algo respetable.
"<!MissingKey:265:Sometimes, it munches on your scalp a bit, but that's nothing to be worried about and very normal.>","Sometimes, it munches on your scalp a bit, but that's nothing to be worried about and very normal.","Manchmal knabbert es am Haaransatz, keine Sorge, das ist normal. Das soll so.",梳头的时候如果头皮有刺痛的感觉，别担心，肯定不是梳子在吸你的血，嘿嘿。,ときどき頭の皮をかじられると思うけど、心配しなくていいよ。このヘアコームを使ってるとよくあることだから。,"가끔씩 두피에 이빨 자국이 생길 수도 있지만, 일반적인 현상이니 걱정하지 않으셔도 됩니다.",梳頭的時候如果頭皮有刺痛的感覺，別擔心，保證不是梳子在吸你的血，嘿嘿。,"C'est possible qu'il vous mordille un peu le cuir chevelu, mais il n'y a pas lieu de s'inquiéter et c'est tout à fait normal.","Иногда она слегка покусывает кожу головы, но вы быстро к этому привыкните.","Às vezes ele morde seu couro cabeludo, mas isso é completamente normal.","A veces se alimenta de tu cuero cabelludo, pero dicen que es algo normal, nada de lo que preocuparse."
<!MissingKey:266:By the power of sludge!>,By the power of sludge!,Bei der Macht der Schlotze! ,伟大的黏黏！,わぁいチーズ、ぼくチーズだいすき！,슬러지의 힘으로!,偉大的黏呼呼！,Par le pouvoir de la gadoue !,Во имя липкости!,Pelos poderes do lodo!,¡Por el poder de las babas!
<!MissingKey:267:Do you feel your vision improving yet? Or a certain drive to catch mice?>,Do you feel your vision improving yet? Or a certain drive to catch mice?,Kannst du schon besser gucken? Willst du schon Mäuse fangen?,感觉你的视力提升没有？有没有俯冲抓老鼠的冲动？,視力が上がったのは実感できた？ それとも、ネズミを捕まえたい衝動に駆られたかな？,시력이 좋아진 것 같으신가요? 아니면 갑자기 나가서 쥐를 잡고 싶어지셨나요?,感覺你的視力提升沒有？有沒有俯衝抓老鼠的衝動？,Avez-vous l'impression que votre vision s'améliore ? Ou une certaine pulsion d'attraper des souris ?,"Вы уже чувствуете, как зрение улучшается? А может, у вас появилось желание словить пару мышей?",Já está sentindo a visão mais aguçada? Ou um certo instinto de pegar ratos?,¿Notas cómo te mejora la visión? ¿O cómo te aumentan las ganas de comer ratones?
<!MissingKey:268:There still are things it won't hold.>,There still are things it won't hold.,"Es passt immer noch eine letzte Sache rein, wenn man genug drückt, damit ist der Stauraum offensichtlich unendlich.",只要合理利用空间，你永远不知道能装下多少东西。,こんなにカバンが大きくたって運びきれないものもある。夢…とかね。,이 정도더라도 담을 수 없는 것들이 있습니다.,只要合理利用空間，你永遠不知道能裝下多少東西。,Il y a tout de même deux ou trois trucs qu'il ne peut contenir.,"Вопреки своему названию, сохранить он может не все...",Ainda há coisas que ele não suportará.,Todavía hay cosas que no aguanta.
<!MissingKey:269:Buckler up!>,Buckler up!,Hoch die Schilde!,拿稳了！,盾を掲げよ！剣は飾りだ。,방패 올려!,拿穩了！,Boucliez bien votre ceinture de sécurité !,Поднимем щит!,Defender!,¡A protegerse!
<!MissingKey:270:The best offense is a good defense!>,The best offense is a good defense!,Der beste Angriff ist Verteidigung!,最好的进攻就是防守！,最高の攻撃とは優れた防御のことである。,가장 좋은 공격은 철저한 방어입니다!,最好的進攻就是防守！,La meilleure défense reste encore une bonne attaque !,Лучшее нападение - это хорошая защита!,O melhor ataque é uma boa defesa!,¡El mejor ataque es una buena defensa!
<!MissingKey:271:Scaly eggs are uncomfortable to lay.>,Scaly eggs are uncomfortable to lay.,"Drachen berichten, es wäre „unangenehm“, schuppige Eier zu legen.",下带鳞片的蛋对龙来说非常痛苦。,このタマゴ、鱗におおわれてるから、産むときは大変なんだよ。,비늘투성이 알은 품기가 참 힘들죠.,下帶鱗片的蛋對龍來說非常痛苦。,Les œufs écaillés sont les plus difficiles à pondre.,"Думаю, откладывать чешуйчатые яйца — не самое приятное занятие...",É desconfortável botar ovos escamosos.,Imagínate qué dolor tuvo que pasar el dragón que lo puso.
<!MissingKey:272:These would look great on a candle.>,These would look great on a candle.,Die würde sicher gut auf einer Kerze aussehen.,小小的一团火焰，像烛火一样。,ロウソクに、こういう火が灯ってたらステキだろうね。,양초랑 같이 두면 보기 좋답니다.,小小的一團火焰，像燭火一樣。,Elle serait parfaite sur une bougie.,Напоминает пламя свечи.,Ficaria linda em uma vela.,Quedaría de maravilla sobre una vela.
"<!MissingKey:273:Getting a stone flung at you - it hurts the body, but mostly hurts the soul.>","Getting a stone flung at you - it hurts the body, but mostly hurts the soul.","Wenn jemand einen Stein nach einem schmeißt, schmerzt es Körper und Seele.",被石头砸到不怎么疼，但是非常丢脸。,罪のない者だけが石を投げなさいって言うけれど、キミは清廉潔白だから人に石を投げつけられるよね？,"돌에 맞으면 몸도 아프지만, 마음이 더 아픕니다.",被石頭砸到不痛，但很丟臉。,"Se prendre une pierre, ça peut être douloureux physiquement, mais surtout moralement.",Брошенный камень ранит не только тело — он ранит душу.,Levar uma pedrada - dói mais na alma do que no corpo.,"Cuando te lanzan una piedra, te hace casi más daño en la moral que en el cuerpo."
<!MissingKey:274:I guess it's healthy for Goobert as well.>,I guess it's healthy for Goobert as well.,Ich schätze es ist auch gesund für ihn...,黏黏也很喜欢吃胡萝卜。,ニンジンはスラバートの健康にもいいみたいだね。,슬돌이도 더 건강해진 것 같네요.,黏呼呼也很喜歡吃胡蘿蔔。,"On dit que c'est bon pour les yeux, je suppose que c'est aussi bon pour les Viskeux.",Наверняка морковь полезна и для Слаймера.,Acho que faz bem para o Gosberto também.,Viscosino se ha puesto en plan «fitness».
<!MissingKey:275:Punch 'em and then punch 'em again.>,Punch 'em and then punch 'em again.,"Hau sie, und dann hau sie nochmal!",攻击够快就不需要防守。,これさえあれば、高評価ボタンだって1度に2回も押せるぞ！,치고 또 치세요.,攻擊夠快就不需要防守。,Frappez-les et frappez-les encore.,Размахивайте им сколько душе угодно.,"Vai, ataca!",No hace falta tener ojo de halcón para usarla.
<!MissingKey:276:You never know if you will find your demise or something shiny.>,You never know if you will find your demise or something shiny.,"Finde ewigen Reichtum, oder dein Verderben.",一铲铲下去说不定能挖到宝贝呢！,このスキルを取っても他人のプライベートは深掘りしないようにね。,찾는 게 여러분의 파멸일지 아니면 반짝이는 무언가일지는 아무도 알 수 없습니다.,一鏟鏟下去說不定能挖到寶貝呢！,"Qui sait ce que vous trouverez, quelque chose de brillant ou de… fatal.","Никогда не знаешь, что там в глубине — ценный дар или проклятие.",Você nunca sabe se encontrará sua destruição ou algo brilhante.,Nunca se sabe si encontrarás tu muerte o algo brillante.
"<!MissingKey:277:Like a candle, but it can leak – and you can burn blubber in it.>","Like a candle, but it can leak – and you can burn blubber in it.","Wie eine Kerze, aber sie kann auslaufen.",和普通油灯一样，可以烧鲸脂。,ロウソクみたいだけど、漏れる恐れがあるんだ。中で燃える脂が。,기름이 샐 수도 있는 촛불입니다. 남은 지방을 태울 수도 있겠네요.,和普通油燈一樣，可以燒鯨脂。,"Comme une bougie, mais elle peut fuir, et vous pouvez y brûler de la graisse.",Сжигает жир не хуже обычной лампы.,"É tipo uma vela, mas pode vazar — e dá para queimar banha nela.","Como una vela, pero con el aceite que te ha sobrado del almuerzo."
<!MissingKey:278:I wish you a nice and potentially very very bloody harvest!>,I wish you a nice and potentially very very bloody harvest!,Ich wünsch dir eine schöne und blutige Ernte!,开始血腥收割吧！,どうかコレで、たっぷりドッサリ血まみれの収穫を迎えられますように！,거둘 피가 넘쳐나면 좋겠네요!,開始血腥收割吧！ ,En vous souhaitant une belle et potentiellement très sanglante récolte !,Добротного кровавого урожая!,Desejo a você uma boa e possivelmente muito sangrenta colheita!,"Se puede usar para cosechar el campo, o para que llegue la sangre al río."
<!MissingKey:279:Turn up the heat! Spin that thermostat!>,Turn up the heat! Spin that thermostat!,Thermostat AUF ANSCHLAG!,感受热浪！暖气开到最大！,火力を上げろ！もっと！もっと！！,분위기를 더 뜨겁게 달궈볼까요? 온도 조절기를 돌리자구요!,感受熱浪！暖氣開到最大！,Montez la température ! Faites chauffer le thermostat !,Пришло время задать жару! Крутите термостат!,Aumente o calor! Gire esse termostato!,"¡Que suba, suba la temperatura!"
<!MissingKey:280:Helps you keep the blood pressure up! >,Helps you keep the blood pressure up! ,Für einen angemessen hohen Blutdruck.,让你保持高血压！,血圧を上げっぱなしにしたい時にちょうどいいよ！,혈압을 높이는 데 큰 도움이 됩니다!,讓你保持高血壓！ ,Vous aide à maintenir votre tension artérielle à un niveau élevé !,Помогает поддерживать давление в норме.,Ajuda a manter a pressão arterial alta!,¡Te ayuda a que no te baje la presión sanguínea!
<!MissingKey:281:Not getting injured really suits you!>,Not getting injured really suits you!,Gut geschützt zu sein steht dir!,你穿上非常合身！,何の革なのか探っていた冒険者が消息を絶った。,튼튼하고 가볍습니다!,你穿上非常合身！,"Vous allez voir, ne pas se blesser, c'est très bien aussi !",Отсутствие травм вам к лицу!,Não se machucar combina muito bem com você!,¡No hay nada como no acabar en el hospital!
<!MissingKey:282:Now the trees may finally accept you.>,Now the trees may finally accept you.,Damit akzeptieren die Bäume dich endlich.,森林现在接受了你。,これから木々に受け入れてもらえるかもね。,"마침내, 나무가 여러분을 받아들일 것입니다.",森林現在接受了你。,"Aujourd'hui, les arbres vous accepteront peut-être enfin.",Теперь деревья считают вас своим собратом.,Agora pode ser que as árvores finalmente aceitem você.,Ahora los árboles te verán como parte de su grupo.
"<!MissingKey:283:If it's hot? No, just like the Wolf Badge does not bark at you.>","If it's hot? No, just like the Wolf Badge does not bark at you.","Ob es heiß ist? Natürlich nicht, das Wolfsabzeichen bellt dich ja auch nicht an.",我买的时候以为是打火机。,このバッジは熱いかって？いいや。ウルフバッジが吠えないのといっしょさ。,"늑대 배지가 짖지는 않듯이, 이 배지도 뜨겁진 않습니다.",我買的時候以為是打火機。,"S'il brûle ? Non, de même que l'insigne de loup ne vous aboie pas réellement dessus.",Он даже не горячий. Какой от него вообще толк?,"Se estiver quente? Impossível, assim como o Broche de Lobo não late para você.","¿Que si está caliente? No, y la medalla de lobo tampoco te ladra."
"<!MissingKey:284:It's just burning, but in the other direction.>","It's just burning, but in the other direction.","Es brennt, aber halt in die andere Richtung.",你可以摸一下，一点都不烫。,コイツは燃えてるんだけど、燃える方向が普通の火と違うんだよね。,그냥 다른 방식으로 타고 있을 뿐이랍니다.,你可以摸一下，一點都不燙。,"Ça brûle, mais dans l'autre sens.","Он как бы горит, но наоборот...","Está queimando, só que ao contrário.","Como si estuviera quemado, pero al revés."
"<!MissingKey:285:If you put your ear to the flask you can hear the mana whisper, “shake well before drinking“.>","If you put your ear to the flask you can hear the mana whisper, “shake well before drinking“.",Du hörst das Mana flüstern: „Vor Gebrauch gut schütteln.“,仔细看标签，有写到“喝前请摇匀”,耳をビンにあててみなよ。「よく振ってからお飲みください」ってマナがささやくのが聞こえるからさ。,".플라스크에 귀를 가져다대면, 마나의 속삭임이 들려옵니다. ""마시기 전에 충분히 흔들어 드세요""",,"Si vous tendez l'oreille vers la fiole, vous pouvez entendre le mana vous murmurer… : ""Bien agiter avant de boire…"".","Если приложить к уху, можно услышать шепот: «Хорошо взболтай меня перед употреблением».","Quando encostamos a orelha no frasco, ouvimos a mana sussurrando: “agite bem antes de beber"".",Si pegas el oído al recipiente oirás al maná susurrar: «agitar antes de beber».
"<!MissingKey:286:A little large for a kitchen knive, but it will do.>","A little large for a kitchen knive, but it will do.","Ein bisschen groß für ein Buttermesser, aber es wird schon gehen.",用来切菜是不是有点大了……凑合用吧。,海賊を狩りたい場合は、3本持つのがオススメ。,"부엌칼로 쓰기엔 좀 크지만, 별 문제는 없을 겁니다.",用來切菜是不是有點大了……湊合用吧。,"Un peu grand pour un couteau de cuisine, mais ça fera l'affaire.","Немного великовата для кухонного ножа, но в целом сойдет.","Um pouco grande para uma faca de cozinha, mas vai servir.","Un poco grande para ser un cuchillo de cocina, pero servirá."
<!MissingKey:287:For the trees!>,For the trees!,Für die Bäume!,以树之名！,今日までこんなドングリを愛してくれてありがとう。,나무를 위하여!,以樹之名,Pour les arbres !,За лес!,Pelas Árvores!,¡Por los árboles!
"<!MissingKey:288:Fool me once, shame on me. Fool me twice, shame on you!>","Fool me once, shame on me. Fool me twice, shame on you!","Ich weiß die Respektlosigkeit zu schätzen, aber nennen Sie mich bitte trotzdem nicht weiter ""Kasperle"". ",骗我一次，算你狠。骗我两次，算我蠢。,己を愚者と心得る者は賢者に学び、己を賢者と心得る者は愚者に学ばず。,"한 번 속으면 내 잘못이지만, 두 번 속으면 남의 잘못입니다!",騙我一次，算你狠。騙我兩次，算我蠢。,"La folie, c'est de faire toujours la même chose et de s'attendre à un résultat différent.","Обманешь меня раз — позор мне, обманешь меня дважды — позор тебе!","Me engana uma vez, a culpa é minha. Me engana duas, a culpa é sua!",Y así estoy celebrando que me he vuelto un poco loco...
"<!MissingKey:289:You can rub it, but it won't do anything.>","You can rub it, but it won't do anything.","Du kannst an ihr reiben, aber das wird nichts machen.",你可以去擦几下看看，但什么都不会发生。,願いを叶えるには、別売りの魔神をお買い求めください。,문질러도 나올 건 없을 겁니다.,你可以去擦幾下看看，但什麼都不會發生。,"Vous pouvez la frotter, mais ça ne servira à rien.","Вы, конечно, можете потереть ее, но ничего не произойдет.","Pode esfregá-la o quanto quiser, não vai acontecer nada.","Frótala todo lo que quieras, no va a salir nadie."
<!MissingKey:290:Believe in the mineral.>,Believe in the mineral.,Glaube an das Mineral.,投石仙人！,鉱物を信じよ。,광물을 믿으세요.,投石仙人！,Faites confiance aux minéraux.,Доверьтесь камням.,Acredite no mineral.,Un mineral sin igual.
"<!MissingKey:291:Be careful, some people say the rainbows are out to get you! Maybe all those pretty colors are a deception.>","Be careful, some people say the rainbows are out to get you! Maybe all those pretty colors are a deception.","Sei Vorsichtig, manche Leute sagen Regenbögen sind hinter uns allen her und Verfolgen eine dunkle Agenda!",在阳光下能出现彩虹，但是不要一直盯着看，对眼睛不好。,気をつけて、虹はキミを狙ってる、って説があるんだ。あのキレイな色だって人を惹きつける罠かもしれないよ。,화려한 색깔에 현혹되지 마세요! 정신을 놓고 있으면 어떻게 될지 모릅니다.,在陽光下能出現彩虹，但是不要一直盯著看，對眼睛不好。,"Attention, certaines personnes disent que les arcs-en-ciel vous veulent du mal ! Qui sait, toutes ces jolies couleurs sont peut-être une ruse.","За всеми этими цветами радуги может скрываться что угодно, так что немного осторожности никогда не помешает.","Cuidado, algumas pessoas dizem que os arco-íris estão à solta e querem vos pegar! Vai ver essas cores bonitas sejam só uma isca.",He oído que el arcoíris es el mayor enemigo de los corredores de carreras de karts.
"<!MissingKey:292:Your hunger awakens, you desire ...snacks!>","Your hunger awakens, you desire ...snacks!",Du fühlst ein tiefes Verlangen … nach Snacks!,饿了可以用这个护符召唤零食。,自然由来のものなのでどれだけ食べてもカロリーゼロだよ。,이 아뮬렛은 여러분의 허기를 일깨우고...간식이다!,餓了可以用這個護符召喚零食。,"Votre faim s'éveille, vous avez envie d'un… casse-croûte !",Теперь голод вам не страшен!,"Sua fome desperta, você deseja... lanches!","Se te despierta el hambre, y necesitas... ¡merendar!"
<!MissingKey:293:Bonk only who deserve the bonking.>,Bonk only who deserve the bonking.,"Bonk die, die den Bonk verdienen.",只锤不听话的孩子。,これでブッ叩くのは、ブッ叩かれて当然のヤツだけにしておいてね。,자격이 있는 사람만이 휘두를 수 있습니다.,只K不聽話的孩子。,Ne martelez que ceux qui le méritent.,"Бить нужно только тех, кто заслуживает этого.","""Então martela, martela, martela o martelão.""",Golpea solo a quien se lo haya ganado.
<!MissingKey:294:It's like tiny needles. It's literally tiny needles.>,It's like tiny needles. It's literally tiny needles.,"Es fühlt sich an wie 1000 kleine Nadelstiche, aus offensichtlichen Gründen. ",射出去的箭就像一根根小针。,昔はお前のように戦いに出るつもりだったが、指にトゲが刺さってしまってな…,마치 작은 바늘 같네요. 작은 바늘이긴 합니다.,射出去的箭就像一根根小針。,"C'est comme de toutes petites aiguilles. En fait, c'est littéralement de toutes petites aiguilles.",Выпущенные стрелы — словно маленькие иголки. Маленькие безобидные иголочки.,Parecem agulhinhas. São literalmente agulhinhas.,Úsalo con manoplas o te vas a llenar las manos de pinchos.
<!MissingKey:295:I may not be superspacious but I am a littlespacious.>,I may not be superspacious but I am a littlespacious.,Besser Beinfreiheit als gar keine Freiheit.,背包上的口袋越多越好！,ボクの心は大容量じゃないかもしれないけど、小容量くらいはあるかな。,"마음이 엄청 넓은 편은 아니지만, 그렇게 좁지도 않습니다.",背包上的口袋越多越好！,"Je ne suis peut-être pas superspacieux, mais je suis suffisamment spacieux.","Может и не супер, но все-таки пространство.","Eu posso não ser superespaçoso, mas sou um pouco espaçoso.","Yo no seré superespacioso, pero tampoco soy superoloroso."
<!MissingKey:296:They say angering Miss Fortune brings 7 years of missing socks. >,They say angering Miss Fortune brings 7 years of missing socks. ,Miss Glücken zu verärgern bedeutet 7 Jahre verschwindender Socken.,不要去惹怒命运小姐，除非你想在接下来的七年里都找不到袜子。,ミス・フォーチュンを怒らせると、7年間はくつ下を失くしつづけるハメになるんだって。,그녀를 화나게 하면 7년 동안 양말을 잃어버리게 될 겁니다.,不要去惹怒命運小姐，除非你想在接下來的七年裏都找不到襪子。,On dit que mettre en colère Mme Fortune provoque la disparition de chaussettes pendant 7 ans.,"Поговаривают, что если разозлить мисс Фортуну, то можно получить до 7 лет пропавших носков!",Dizem que aborrecer a Sortuda dá 7 anos de meias sem par.,"Como cabrees a Malva Suerte, te maldecirá para que pierdas siempre un calcetín de cada par."
<!MissingKey:297:Proven to be the most effective way to pester people with snowballs. >,Proven to be the most effective way to pester people with snowballs. ,Bewiesenermaßen der effektivste Weg Leute mit Schnebällen zu belästigen.,可以用这个把扔过来的雪球打回去。,最新の研究によれば、雪の棒は雪玉を使って人に嫌がらせをする上で最も効果的な方法であることが示されています。,눈덩이로 남을 괴롭히는 가장 효과적인 방법이라는 것이 증명되었습니다.,可以用這個把扔過來的雪球打回去。,C'est à ce jour le moyen le plus efficace d'agacer qui que ce soit avec des boules de neige.,"Доказано, что снежками можно достать кого угодно.",Comprovado como a maneira mais eficaz de irritar as pessoas com bolas de neve.,La forma más eficaz de molestar a la gente con bolas de nieve.
<!MissingKey:298:It's impressive what people are willing to do for a few pieces of metal.>,It's impressive what people are willing to do for a few pieces of metal.,"Unglaublich, was Leute alles für so ein bisschen Metall machen.",很难想象人们为了得到这一小块金属做的各种事情。,人って、こんな金属のカケラのためにどんなことでもやってのけるんだ。すごいよねえ。,고작 이 금속 쪼가리 때문에 열심히 일하는 사람들을 보면 ,很難想像人們為了得到這一小塊金屬願意做到什麼樣的地步。,C'est tout de même fou ce que les gens sont prêts à faire pour quelques morceaux de métal.,"Поразительно, на что готовы пойти люди ради пары кусочков металла.",É impressionante o que as pessoas são capazes de fazer por alguns poucos pedaços de metal.,Es alucinante lo que la gente está dispuesta a hacer por unos trozos de metal.
<!MissingKey:299:No one said sustaining this fire would be free.>,No one said sustaining this fire would be free.,"Niemand hat gesagt, Feuer wäre gratis.",要维持火焰燃烧，就得拾柴添薪。,たき火を燃やしつづけるのだってタダじゃないんだ。,이용료가 없다는 말은 아무도 하지 않았습니다.,要維持火焰燃燒，就得拾柴添薪。,Personne n'a dit que l'entretien de ce foyer serait gratuit.,"Никто не говорил, что поддержание этого огня будет бесплатным.",Ninguém falou que manter esta fogueira seria grátis.,Prepárate para la factura de calefacción que te va a llegar.
"<!MissingKey:300:What an impressively shiny card, you sure seem very important!>","What an impressively shiny card, you sure seem very important!","Was für eine eindrucksvolle Karte, du bist bestimmt sehr wichtig!",尊贵的白金卡会员，来小店购物有免费的点心吃。,キミにだけ特別に渡してあげるから、このカードの話はよそではやめてね。,"정말 눈부시게 빛나는 카드네요, 엄청나게 중요해보입니다!",尊貴的白金卡會員來小店購物有免費的點心吃。,"Quelle impressionnante carte, et quelle brillance, vous avez l'air si important !",Эта сверкающая карта мгновенно повысит ваш статус в глазах обывателей!,Que cartão brilhoso! Você parece bem importante mesmo!,"Un carnet muy brillante, ¡te hace parecer importante y todo!"
<!MissingKey:301:Do not rush your pets! But you can try to communicate a sense of urgency.>,Do not rush your pets! But you can try to communicate a sense of urgency.,"Du solltest deine Begleiter nicht hetzen, aber du darfst sie freundlich auf den bestehenden Aktionsbedarf hinweisen.",有了这个你就可以和宠物交流了。,ペットを急かしちゃダメだよ！ただ、緊急性を伝えようとするのは大切だね。,애완동물을 재촉하지 마세요! 하지만 상황이 위급하다는 걸 전할 수는 있겠죠.,有了這個你就可以和寵物交流了。,Ne brusquez pas vos familiers ! Mais essayez de leur faire comprendre quand il y a urgence.,"Ходят слухи, что владелец может понимать язык зверей...",Não apresse seus bichinhos! Mas isso não significa que você não possa tentar transmitir urgência.,¡No metas prisa a tus mascotas! Pero puedes intentar transmitirles un sentimiento de urgencia.
"<!MissingKey:302:It's actually a healthy meal when cooked properly, but this one very much isn't.>","It's actually a healthy meal when cooked properly, but this one very much isn't.",Ordnungsgemäß gekocht sind Fliegenpilze gesund und lecker. Aber dieser hier ist roh.,白杆杆，红伞伞，吃完一起躺板板。,どこかの配管工はコレを食べると体が大きくなると思いこんでるみたいだね…,"이건 날것이지만, 제대로 익혀 먹으면 건강식이긴 합니다.",好好料理是美食，但這個要你命三千。,"Excellent pour la santé lorsqu'elle est bien cuisinée, mais ce n'est pas du tout son cas ici.","При правильном приготовлении он может быть даже полезен, но не в нашем случае.","Até dá uma refeição saudável quando bem preparada, o que não é bem o caso deste aqui.","Un menú de lo más sano si se prepara bien, pero yo me fiaría mucho de comer esta."
<!MissingKey:303:Everything can be soup with the right mindset.>,Everything can be soup with the right mindset.,Mit der richtigen Einstellung kann alles eine Suppe werden.,万物皆可炖汤。,考えようによっては、なんだってスープにできる。,"바른 마음가짐을 지녔다면, 어떤 것이든 수프로 만들 수 있습니다.",萬物皆可燉湯。,"Quand le cœur y est, on peut faire de la soupe de tout.",При правильном подходе сварить можно что угодно.,"Com a mentalidade certa, tudo pode virar sopa.",Se puede hacer sopa con cualquier cosa.
<!MissingKey:304:Is there such a thing as too much blood in your veins? I doubt it.>,Is there such a thing as too much blood in your veins? I doubt it.,Kann man überhaupt zu viel Blut im Körper haben? Kann ich mir nicht vorstellen.,血吸够了？不存在的。,体内の血って多過ぎちゃダメなのかな？大いに疑問だね。,혈관에 피가 엄청나게 흐르면 이런 느낌일까요? 잘 모르겠네요.,血吸夠了？不存在的。,Peut-on réellement avoir trop de sang dans les veines ? J'en doute.,Мало жизни не бывает!,Existe isso de ter sangue de mais nas veias? Duvido muito.,"Nunca se tiene demasiada sangre en las venas..., ¿o sí?"
<!MissingKey:305:That is one very disgusting bow.>,That is one very disgusting bow.,"Ok, das ist ein ziemlich widerwärtiger Bogen.",别用舌头舔箭头。,昔はカエルから分泌された毒を矢に塗っていたらしいね。,정말 역겹기 짝이 없는 활이네요.,別用舌頭舔箭頭。,Voilà un arc particulièrement répugnant.,Отравляюще-отвратительное оружие!,"Credo, que arquinho nojento!","Qué arco tan asqueroso, por favor..."
"<!MissingKey:306:Steal buffs from the rich, and give them to the poor! >","Steal buffs from the rich, and give them to the poor! ",Nimm Buffs von den Reichen und gib sie den Armen!,劫富济贫，只不过偷的是增益效果！,裕福な人々からバフを奪い、貧しい人々に分け与えよう！,"부자에게서 버프를 훔쳐, 가난한 이웃들에게 나눠줍니다!",劫富濟貧，只不過偷的是增益效果！,Volez des bonus aux riches pour les offrir aux pauvres !,Кради у богатых и отдавай бедным!,Roube buffs dos ricos e entregue aos pobres!,¡Roba ventajas a los ricos para dárselas a los pobres!
<!MissingKey:307:Slow and steady wins the fight!>,Slow and steady wins the fight!,"Man sagt, das langsamste Pferd kommt am glücklichsten ans Ziel!",稳扎稳打，方能取胜。,カメのようにゆっくり着実に歩みを進められる人がバトルに勝てるのさ！,느리지만 꾸준한 것이 승리의 비결입니다!,穩紮穩打，方能取勝。,Patience et constance gagnent le combat !,Терпение и осторожность — ключ к победе!,Devagar e firme vencem a luta!,¡Despacito pero sin pausa se gana una batalla!
"<!MissingKey:308:The moon is not actually made from cheese, and it tastes really bad.>","The moon is not actually made from cheese, and it tastes really bad.",In Wirklichkeit ist der Mond gar nicht aus Käse und er schmeckt wirklich staubig.,月亮不是奶酪做的，也很难吃。,月はチーズからできてなんかいないし、食べてもすっごくマズいだけだよ。,"달은 치즈로 이뤄져있지 않으며, 맛도 없습니다.",月亮不是乳酪做的，也很難吃。,"Le saviez-vous, la lune n'est en fait pas composée de fromage, et elle a très mauvais goût.","На самом деле луна сделана не из сыра, и на вкус она довольно мерзкая.","Não é verdade que a lua seja feita de queijo, e o sabor dela é muito ruim.","La luna no está hecha de queso, por eso sabe tan mal."
<!MissingKey:309:It's sacktacular.>,It's sacktacular.,Macht automatisch fitter.,让人耐力大增。,体を鍛えてスタミナをつけるにはちょうどいいカバンだよ。,기가 차는 가방이네요.,讓人耐力大增。,C'est sac-taculaire.,Прилив энергии!,É sacotacular.,Un zurrón de lo más molón.
"<!MissingKey:310:Do not feed it, it's made out of paper.>","Do not feed it, it's made out of paper.",Nicht füttern – er ist aus Papier.,过年时的保留节目。,エサはあげないでね、コイツは紙でできたハリボテだから。,먹이를 주지 마세요. 종이로 만들어졌답니다.,過年時的保留節目。,"Vous ne comptiez tout de même pas le nourrir, il est fait de papier.","Не кормите его, он сделан из бумаги.","Não dê de comer a ele, é feito de papel.","Está hecho de papel, así que no necesita comer."
"<!MissingKey:311:There really is no reason to miss your target, it just wastes damage.>","There really is no reason to miss your target, it just wastes damage.",Warum sollte man sein Ziel verfehlen? Das verschwendet nur Schaden.,有了这个你想射偏都不行。,その名の通り、狙い撃つわ！,한 발의 화살도 놓치지 않습니다.,有了這個你想射偏都不行。,"Ça ne sert à rien de rater sa cible, ça ne fait que gaspiller des dégâts.","Нет смысла промахиваться мимо цели, это пустая трата урона!","Não há realmente razão para errar o alvo, isso só desperdiça dano.","No hay una buena razón para fallar tu ataque, menudo desperdicio de daño."
<!MissingKey:312:Brewed from a root that can only be found in my basement!>,Brewed from a root that can only be found in my basement!,Aus einer Wurzel gebraut die ausschließlich in meinem Keller wächst.,在我的地下室秘密酿成！,ウチの地下室にしか生えない根っこから煎じたポーションなんだ！,저희 지하실에서만 자라는 뿌리로 양조했답니다!,在我的地下室偷偷釀造而成！,Brassée à partir d'une racine que l'on ne trouve que dans ma cave !,"Сварено из особого корня, который растет только в моем подвале!",Foi feita com uma raiz que só existe no meu porão!,¡Hecha con una planta que solo crece en mi sótano!
"<!MissingKey:313:I asked the Walrus, and it's glad to be a part of this adventure!>","I asked the Walrus, and it's glad to be a part of this adventure!","Keine Sorge, wir haben das Walross vorher gefragt und es war sehr einverstanden.",海象还挺乐意借给我们的！,セイウチから強引に引き抜いたって？人聞きの悪いことを言わないでよ。$h[拝借]しただけさ。,바다코끼리의 의지는 이어질 겁니다.,我問過，海象還挺樂意把這東西借給我們的！,"J'ai bien demandé au morse, et il est ravi de faire partie de l'aventure !",Разрешение мистера Моржа получено — он рад стать частью этого приключения!,A Morsa disse que está feliz em fazer parte desta aventura!,¡La morsa dijo que le hacía muy feliz formar parte de esta aventura!
"<!MissingKey:314:I'm bagging you, stop these wordplays.>","I'm bagging you, stop these wordplays.",Taschsäcklich beuteln mich Wortspiele.,你是背包贩子吗？,翻訳が大変だから、こういう言葉遊びはもうやめよう。すぐに$h[袋]小路に迷い込んじゃうからさ。,제발 이런 말장난 좀 그만해주세요.,你是背包販子嗎？,"Dernier avertissement, arrêtez ces jeux de mots-valises.",Ну хватит уже придумывать сомнительные словечки!,"Estou te implorando, pare com esses trocadilhos.",Sería espectacular un mundo sin juegos de palabras.
"<!MissingKey:315:Do not call this a cheap trick, it is a good value trick!>","Do not call this a cheap trick, it is a good value trick!","Nenn es doch keinen billigen Trick, es ist ein Kostenminimierungsmanöver!",限时折扣，千万别错过！,安い小細工とは言ってくれるなよ。計算高い工夫と言ってくれ。,"잔재주라고 하지 마세요, 전혀 자잘하지 않았거든요!",限時折扣，千萬別錯過！,"Ne dites pas que c'est un tour de passe-passe au rabais, c'est un tour de passe-passe avec un excellent rapport qualité-prix !",Никакое это не подхалимство!,"Não chame isso de truque barato, é um truque de bom valor!","¡No es un truco barato, es un truco de gran valor!"
<!MissingKey:316:The choice of every fashionable knight.>,The choice of every fashionable knight.,Die erste Wahl des modebewussten Ritters.,每个时尚骑士的选择。,オシャレな騎士には欠かせないファッションアイテムだよ。,"멋쟁이 기사라면, 이거 하나쯤은 있어야죠.",每個時尚騎士的選擇。,Tout chevalier qui se respecte devrait en avoir un.,Выбор любого модного рыцаря.,A escolha de todo cavaleiro estiloso.,La elección de cualquier caballero con clase.
"<!MissingKey:317:I don't want to fall back to dirty tricks, but if we have to...>","I don't want to fall back to dirty tricks, but if we have to...",Im Notfall müssen wir zu schmutzigen Tricks greifen.,老妈揍你时最趁手的武器。,汚い手は使いたくないけど、使わざるを得ないときの後片付けにはコレを…,상대를 쓸어버릴 시간이 온 것 같군요...,我其實不想用骯髒卑鄙下流齷齪的手段，但有時也不得不……,"Je ne souhaite pas recourir aux coups bas, mais s'il le faut…",Мало кому захочется играть по-грязному. Но если не останется другого выбора...,"Não quero ter que apelar, mas já que é necessário...",Alguna bruja se ha quedado sin medio de transporte...
"<!MissingKey:318:They always say Obsidian dragons are the hardest ones, but they are soft on the inside. >","They always say Obsidian dragons are the hardest ones, but they are soft on the inside. ","Man sagt, Obsidiandrachen sind die härtesten, aber sie haben einen weichen Kern.",在黑晶龙坚硬的外表下，是一颗温柔的心。,黒曜のドラゴンは一番硬いドラゴンだって言われてるけど、心は柔らかくて繊細なんだ。,"흑요석 용이 가장 단단하다고 하지만, 실은 그 누구보다 여린 마음을 지니고 있습니다.",在黑晶龍堅硬的外表下，是一顆溫柔的心。,"On dit toujours que les dragons d'obsidienne sont les plus coriaces, mais ils sont pourtant si tendres à l'intérieur.",Под суровой внешностью обсидианового дракона скрывается нежное сердце.,"Sempre dizem que os dragões de obsidiana são os mais duros, mas eles são sensíveis por dentro.","Dicen que los dragones de obsidiana son los más duros, pero en el fondo son unos sensiblones."
<!MissingKey:319:It's about the simple things in life: Slightly larger numbers.>,It's about the simple things in life: Slightly larger numbers.,Es geht um die einfachen Dinge im Leben: Etwas größere Zahlen.,加成永远不嫌多。,力が欲しいか…？ならば、陳列されているから取るがいい…,인생의 단순한 진리죠: 숫자만 커지면 됩니다.,加成永遠不嫌多。,Voilà les choses simples de la vie : des chiffres un peu plus élevés.,Все просто: теперь вы немного сильнее.,São as coisas simples da vida: Números um pouco maiores.,Son las cosas sencillas de la vida: Números un poco más grandes.
"<!MissingKey:320:Enchanted weapons are way more effective, and most importantly, very sparkly.>","Enchanted weapons are way more effective, and most importantly, very sparkly.","Verzauberte Waffen sind sehr effektiv, und vor allem glitzern sie wundervoll.",附魔的武器非常强力，最重要的是能发光！,エンチャントした武器は効果が超強力になるし、何と言っても、最高にキラキラするんだ。,"마법이 부여된 무기는 강한 위력을 지녔으며, 엄청 반짝거립니다.",附魔的武器非常強力，最重要的是能發光！,"Les armes enchantées sont bien plus efficaces et, surtout, très brillantes.","Возможно, зачарованное оружие мощнее... но главное — оно сияет!","Armas encantadas são muito mais eficazes e, o mais importante, super brilhantes.","Las armas encantadas son mucho más efectivas, pero lo mejor de todo es que brillan."
<!MissingKey:321:Does it feel like it is munching on you? Oh no.>,Does it feel like it is munching on you? Oh no.,"Knabbert die Rüstung an dir? Oh, das ist gar nicht gut.",穿上后有没有感觉在吸你的血，糟了！,鎧に生気を吸われてる感じがするって？まさか、そんなものを取り扱うはずないじゃないか。,뭔가 몸을 씹는 느낌이 드신다구요? 저런...,穿上之後有沒有感覺在吸你的血，糟了！,"Comment ça, vous avez l'impression qu'elle vous dévore ? Mais non.","Вам кажется, что он вас поглощает? О нет...","Parece que ela está mordendo você? Ah, não.","Si te la pones, igual notas que te drena por dentro... ¡Cosas de la vida!"
<!MissingKey:322:SANDY SURPRISE!>,SANDY SURPRISE!,Körnige Überraschung!!,沙子糊你眼睛！,分類するとしたら、じめんタイプ…ってとこかな。,모래 받아라!,請你眼睛吃沙子！,IMPEN-SABLE SURPRISE !,ПЕСОЧНЫЙ СЮРПРИЗ!,SURPRESA ARENOSA!,¡Arena por todas partes!
<!MissingKey:323:The “Book of Ice And Even More Ice” is one of my favorites.>,The “Book of Ice And Even More Ice” is one of my favorites.,Eines meiner Lieblingsbücher: „Das Buch von Eis und noch viel mehr Eis“.,我最喜欢《冰霜之书》的续集。,『続：もっと氷結した書』は、ボクのお気に入りの一冊なんだよね。,"""얼음과 얼음의 노래""는 제가 가장 좋아하는 시리즈 중에 하나랍니다.",我最喜歡《冰霜之書》的續集。,"Le ""Livre de glace et d'encore plus de glace"" est l'un de mes préférés.",Продолжение захватывающей серии книг «Мороз и ничего кроме льда».,"O ""Livro do Gelo e Mais Gelo Ainda"" é um dos meus preferidos.",El Libro del arte del hielo es uno de mis favoritos.
"<!MissingKey:324:It is more inclusive towards the undead to call it ""alternative life"".>","It is more inclusive towards the undead to call it ""alternative life"".","Heutzutage sagt man ""alternatives Leben"", das ist inklusiver gegenüber den Untoten.",就算你不庆祝亡灵节，它们也会庇护你的。,アンデッド差別に配慮して、ここは「もうひとつの命」と呼ぼう。,"언데드를 더 포괄적으로 부르는 방법은, ""대체 생명""입니다.",就算你不慶祝亡靈節，它們也會庇護你的。,"Les revenants préfèrent le terme « Vie alternative », c'est plus inclusif.",Назвать это «альтернативной жизнью» было бы более уважительно по отношению к нежити.,"É mais inclusivo para os mortos-vivos chamá-lo de ""vida alternativa"".","Para ser más inclusivo con los no-muertos, mejor llamarlos ""vida alternativa""."
"<!MissingKey:325:With great fanfare I present you... no, I mean I present a great fanfare...you.>","With great fanfare I present you... no, I mean I present a great fanfare...you.","Ich will jetzt kein großes Trara machen, das macht diese wunderbare Fanfare nämlich schon selbst!",可以一直吹烦死敌人。,壮麗なラッパの音と共に、キミにこの商品を…違うな、この壮麗な音のラッパを、商品として…キミに提供するよ。,팡파르를 울려보세요!,可以一直吹，煩死敵人。,"Sonnez trompettes et clairons, je vous présente… Non, je veux dire que je vous présente là, allez-y, soufflez dedans.","Если в нее долго дуть, враг сам захочет сдаться.","Com grande entusiasmo, eu apresento a você... não, quero dizer, eu apresento um grande entusiasmo... você.",Una trompeta que no es violeta. Es... es amarilla...
"<!MissingKey:326:It's not the size of the rod that makes the magician, but it's certainly impressive!>","It's not the size of the rod that makes the magician, but it's certainly impressive!","Es kommt nicht darauf an, wer den größten Zauberstab hat... Aber der hier ist riesig.",魔法师能力不是看魔杖的大小哦！,普通は杖が人を選ぶんだけど、このお店ではキミが杖を選んでいいよ！,"지팡이가 크다고 위대한 마법사는 아니지만, 이건 꽤나 인상적이네요!",魔法師能力不是看魔杖大小決定的唷！,"Ce n'est pas la taille de la baguette qui fait le magicien, mais celle-ci est certainement impressionnante !","Не размер посоха делает мага магом... но размер, безусловно, впечатляет!","Tamanho não é documento, mas é de se admirar!","El tamaño no es lo más importante en lo que a magia se refiere, ¡pero nunca está de más!"
"<!MissingKey:327:They call him the ""Hungry Void"" for a reason. Go give him some snacks!>","They call him the ""Hungry Void"" for a reason. Go give him some snacks!","Er ist nur gruselig, bis man ihn besser kennt, füttere ihn, um dich mit ihm anzufreunden!",只有不可名状的可爱！快喂点零食吧！,暗黒になった食べ物はこの後スタッフがおいしくいただきました。,"""굶주린 공허""라는 이름을 가진 데는 마땅한 이유가 있습니다. 어서 간식을 주세요!",只有不可名狀的可愛！快喂點零食吧！,"Ce n'est pas pour rien qu'on l'appelle le ""Vide affamé"". Allez donc lui donner à manger !",Не зря его называют «Голодной бездной». Принесите ему немного перекусить!,Eles o chamam de “Vazio Faminto” por um motivo. Vá dar a ele alguns lanches!,Por algo le llaman el «Vacío hambriento». ¡Dale algo de comer!
