key,en,de,zh_Hans_CN,ja,ko,zh_Hant_TW,fr,ru,pt_BR,es
<!MissingKey:0:Perpetuum Mobile>,Perpetuum Mobile,Perpetuum Mobile,永动机,永久運動,영구기관,永動機,Mobile perpetuum,Вечный двигатель,Móvel Perpétuo,Móvil perpetuo
<!MissingKey:1:Black King>,Black King,Schwarzer König,黑色国王,黒のキング,블랙 킹,黑色國王,Roi noir,Темный король,Rei Preto,Rey negro
"<!MissingKey:2:$t[After $cds:] Use $p_heatt $heat to gain $p_luck $lucky \~and $block $bl. $t[Charge received:] Emit $h[2 charges], traveling $h[1]$lightning every $p3s (once). >","$t[After $cds:] Use $p_heatt $heat to gain $p_luck $lucky \~and $block $bl. $t[Charge received:] Emit $h[2 charges], traveling $h[1]$lightning every $p3s (once). 

 Items under the $h[charges] have $chance% chance to duplicate buffs they gain \~+ $chance2% per $lightning traveled.","$t[Nach $cds:] Nutze $p_heatt $heat, um $p_luck $lucky und \~$block $bl zu erhalten. $t[Ladung erhalten:] Erzeuge $h[2 Ladungen], die sich $h[1]$lightning alle $p3s bewegen (einmalig). 

 Gegenstände unter den $h[Ladungen] haben $chance% Chance Buffs zu duplizieren + $chance2% pro zurückgelegtem $lightning.","$t[$cds后：]消耗$p_heatt点$heat，获得$p_luck点$lucky和$block点$bl。$t[获得电荷时：]发射$h[2个电荷]，每$p3s移动$h[1]$lightning（单次触发）。

位于$h[电荷]上的物品在获得增益时有$chance%的几率复制，每移动1$lightning复制几率额外提高$chance2%。","$t[$cd秒後：]$p_heatt $heat を消費して、$p_luck $lucky と$block $bl を獲得する$t[通電時：]$h[電荷2つ]を放出する（1回のみ）。$h[電荷]は$p3秒ごとに $lightning $h[1]マスを移動する

$h[電荷]の下にあるアイテムは$chance%の確率でバフを追加獲得する（通過した $lightning 1マスにつき +$chance2%）","$t[$cd초 후:] $heat를 $p_heatt 사용해 $lucky을 $p_luck, $bl를 $block 획득합니다. $t[전하를 받을 시:] $p3초마다 $h[1]$lightning를 이동하는 $h[전하 2개]를 방출합니다 (한 번).

$h[전하]를 보유한 아이템이 $chance%의 확률로 획득하는 버프를 복제하고, $lightning 이동 거리마다 확률이 추가로 $chance2% 증가합니다.","$t[$cds後：]消耗$p_heatt點，$heat獲得$p_luck點$lucky和$block點$bl。$t[獲得電荷時：]發射$h[2個電荷]，每$p3s移動$h[1]$lightning（單次觸發）。

位於$h[電荷]上的物品在獲得增益時有$chance%的機率複製，每移動1$lightning複製機率額外提高$chance2%。","$t[Après $cd s :] utilisez $p_heatt $heat pour gagner $p_luck $lucky et $block $bl. $t[Charge reçue :] émettez $h[2 Charges], parcourant $h[1]$lightning toutes les $p3 s (une fois). 

 Les objets sous les $h[Charges] ont $chance % de chance de dupliquer les bonus qu'ils obtiennent +$chance2 % par $lightning parcouru.","$t[Через $cd сек.:] использует $p_heatt $heat и добавляет $p_luck $lucky и $block $bl. $t[При получении заряда:] выпускает $h[2 заряда], перемещающиеся на $h[1]$lightning каждые $p3 сек. (один раз за бой). 

 Предметы под $h[зарядом] получают шанс $chance% удвоить получаемые усиления + $chance2% за каждое перемещение на $lightning.","$t[Após $cd s:] Usa $p_heatt $heat para ganhar $p_luck $lucky e $block $bl. $t[Carga recebida:] Emite $h[2 cargas], percorrendo $h[1]$lightning a cada $p3 s (uma vez). 

 Itens abaixo das $h[cargas] têm $chance% de chance de duplicar os buffs que recebem + $chance2% de chance por $lightning percorrido.","$t[Tras $cd s:] Usa $p_heatt $heat para obtener $p_luck $lucky y $block $bl. $t[Al recibir carga:] Emite $h[2 cargas] que se trasladan $h[1]$lightning cada $p3 s (una vez). 

 Los objetos bajo las $h[cargas] tienen un $chance % de probabilidad de duplicar ventajas que obtienen + un $chance2 % por $lightning trasladado."
<!MissingKey:3:Add $h[4] backpack slots. >,"Add $h[4] backpack slots. 

 Items inside heal $p_healamp% more. $t[Start of battle:] Gain $p_maxhealth maximum health.","Füge $h[4] Rucksackplätze hinzu. 

 Gegenstände darin heilen $p_healamp% mehr. $t[Kampfbeginn:]\~ Erhalte $p_maxhealth Maximalleben.","增加$h[4]格背包槽位。

 背包内物品的生命恢复效果加强$p_healamp%。$t[战斗开始时：]获得$p_maxhealth点最大生命值。","バックパックのスロットを$h[4]追加する 

中にあるアイテムの回復量 +$p_healamp% $t[バトル開始時：]体力最大値が$p_maxhealth増える","배낭 슬롯을 $h[4]개 추가합니다.

내부에 위치한 아이템이 $p_healamp% 더 많이 치유합니다. $t[전투 시작 시:] 최대 체력을 $p_maxhealth 획득합니다.","增加$h[4]格背包槽位。

 背包內物品的生命恢復效果加強$p_healamp%。$t[戰鬥開始時：]獲得$p_maxhealth點最大生命值。","Ajoutez $h[4] emplacements de sac à dos. 

 les objets à l'intérieur guérissent $p_healamp % en plus. $t[Au début du combat :] gagnez $p_maxhealth de PV max.","Добавляет $h[4] слота к рюкзаку. 

 Предметы внутри восстанавливают на $p_healamp% больше здоровья. $t[Начало боя:] добавляет $p_maxhealth максимального здоровья.","Adiciona $h[4] espaços na mochila. 

 Itens dentro curam $p_healamp% a mais. $t[Início da batalha:] Ganha $p_maxhealth de vida máxima.","Añade $h[4] espacios a la mochila. 

 Los objetos en su interior curan un $p_healamp % más. $t[Al comienzo de la batalla:] ganas $p_maxhealth PS máx."
"<!MissingKey:4:Always choose the right shiny for the job. Not that that's interesting or anything, but chromium is the third hardest element, just after boron.>","Always choose the right shiny for the job. Not that that's interesting or anything, but chromium is the third hardest element, just after boron.",Man kann übrigens *alles* verchromen und es wird dadurch besser.,工作时一定要选对闪亮的材料。虽然听起来不太有趣，但铬是第三硬的元素，仅次于硼。,別に面白いネタじゃないけど、クロムはホウ素に次いで3番目に硬い元素なんだ。,"딱히 흥미로운 얘기는 아니지만, 크로뮴은 붕소 다음으로 세 번째로 단단한 원소입니다.",工作時一定要選對閃亮的材料。雖然聽起來不太有趣，但鉻是第三硬的元素，僅次於硼。,"Choisissez toujours ce qui brille le plus. Ce n'est peut-être pas très intéressant, mais le chrome est le troisième élément le plus dur, juste après le bore.",Всегда выбирай правильную блестяшку для дела. Хотя кому это интересно - хром вообще-то третий по твердости элемент после бора.,"Sempre escolha o brilho certo para cada trabalho. Não que isso interesse nem nada do tipo, mas crômio é o terceiro elemento mais duro, logo depois do boro.","Elige siempre el brillo adecuado para cada trabajo. No es que sea interesante, pero el cromo es el tercer elemento más duro, después del boro."
<!MissingKey:5:War Scythe>,War Scythe,Kriegssense,战镰,戦鎌,전쟁 낫,戰鐮,Faux de guerre,Боевая коса,Gadanha de Guerra,Guadaña bélica
<!MissingKey:6:Spirit Bells>,Spirit Bells,Geisterglöckchen,捕梦网,精霊のベル,영혼의 종,捕夢網,Cloches spirituelles,Ловец колокольчиков,Sinos Espirituais,Campanas espirituales
<!MissingKey:7:$t[On hit:] $chance% chance to $stun[stun] your opponent for $p1s. Use $p_manat $mana to deal \~$p_dam $effect-damage and inflict $p_blind $blind for $p5s.>,$t[On hit:] $chance% chance to $stun[stun] your opponent for $p1s. Use $p_manat $mana to deal \~$p_dam $effect-damage and inflict $p_blind $blind for $p5s.,"$t[Bei Treffer:] $chance% Chance, $p1s lang $stun[Benommenheit] auszulösen. \~Nutze $p_manat $mana, um $p_dam $effect-Schaden zu verursachen und $p5s lang $p_blind $blind zu verursachen.",$t[击中对手：]有$chance%的几率$stun[眩晕]对手，持续$p1s。消耗$p_manat点$mana，造成$p_dam点$effect伤害，并向对手施加$p_blind层$blind，持续$p5s。,$t[ヒット時：]$chance%の確率で相手を$p1秒間$stun[スタン]させる。$p_manat $mana を消費して、$p_dam $effect ダメージを与えて$p5秒間$p_blind $blind を付与する,$t[적중 시:] $chance%의 확률로 상대를 $p1초 동안 $stun[기절]시킵니다. $mana를 $p_manat 사용해 $effect 피해를 $p_dam 가하고 $p5초 동안 $blind을 $p_blind 부여합니다.,$t[擊中對手：]有$chance%的機率$stun[暈眩]對手，持續$p1s。消耗$p_manat點$mana，造成$p_dam點$effect傷害，並向對手施加$p_blind層$blind，持續$p5s。,$t[Par coup :] $chance % chance d'$stun[étourdir] votre adversaire pendant $p1 s. Utilisez $p_manat $mana pour infliger $p_dam de dégâts $effect et $p_blind $blind pendant $p5 s.,"$t[При попадании:] $chance% шанс $stun[оглушить] противника на $p1 сек. Использует $p_manat $mana, чтобы нанести $p_dam $effect-урона и накладывает на противника $p_blind $blind на $p5 сек.",$t[Ao acertar:] $chance% de chance de $stun[atordoar] o oponente por $p1 s. Usa $p_manat $mana para causar $p_dam dano-$effect e infligir $p_blind $blind por $p5 s.,$t[Al golpear:] $chance % de probabilidad de $stun[aturdir] al rival durante $p1 s. Usa $p_manat $mana para infligir $p_dam de daño $effect e infligir $p_blind $blind durante $p5 s.
<!MissingKey:8:$red[$affected items trigger $p_speed% slower.] $t[Start of battle:] Gain $p_maxhealth_base% maximum health + $p_maxhealth_item% per $affected item. $t[After $cds:] Awaken hidden $s[sloth powers$s]!>,$red[$affected items trigger $p_speed% slower.] $t[Start of battle:] Gain $p_maxhealth_base% maximum health + $p_maxhealth_item% per $affected item. $t[After $cds:] Awaken hidden $s[sloth powers$s]!,$red[$affected Gegenstände aktivieren $p_speed% langsamer.] $t[Kampfbeginn:] Erhalte $p_maxhealth_base% Maximalleben + $p_maxhealth_item% pro \~$affected Gegenstand. $t[Nach $cds:] Erwecke geheime $s[Faultierkräfte$s]!,$red[$affected的物品触发速度慢$p_speed%。]$t[战斗开始时：]获得$p_maxhealth_base%最大生命值，每有一个$affected的物品额外获得$p_maxhealth_item%。$t[$cds后：]唤醒隐藏的$s[树懒之力$s]！,$red[$affectedにあるアイテムの使用速度が$p_speed%下がる]$t[バトル開始時：]体力最大値が$p_maxhealth_base%増える（$affectedにあるアイテム1個につき +$p_maxhealth_item%）$t[$cd秒後：]秘められし$s[ナマケモノの力$s]が覚醒する！,$red[$affected에 위치한 아이템이 $p_speed% 느리게 발동합니다]. $t[전투 시작 시:] 최대 체력을 $p_maxhealth_base% 획득하고 $affected에 위치한 아이템마다 추가로 $p_maxhealth_item% 획득합니다. $t[$cd초 후:] 숨겨진 $s[나무늘보의 힘$s]을 깨우칩니다!,$red[$affected的物品觸發速度慢$p_speed%。]$t[戰鬥開始時：]獲得$p_maxhealth_base%最大生命值，每有一個$affected的物品額外獲得$p_maxhealth_item%。$t[$cds後：]喚醒隱藏的$s[樹懶之力$s]！,$red[Les objets $affected se déclenchent $p_speed % moins vite.] $t[Au début du combat :] gagnez $p_maxhealth_base % de PV max + $p_maxhealth_item % par objet $affected. $t[Après $cd s :] éveillez la $s[puissance de la paresse$s] cachée !,$red[$affected предметы срабатывают на $p_speed% реже.] $t[Начало боя:] добавляет $p_maxhealth_base% макс. здоровья + $p_maxhealth_item% за каждый$affected предмет. $t[Через $cd сек.:] пробуждает тайную $s[силу ленивца$s]!,$red[Itens $affected ativam $p_speed% mais devagar.] $t[Início da batalha:] Ganha $p_maxhealth_base% de vida máxima + $p_maxhealth_item% por cada item $affected. $t[Após $cd s:] Desperta $s[poderes de preguiça $s] ocultos!,$red[Los $affected objetos se activan un $p_speed % más lento.] $t[Al comienzo de la batalla:] Obtiene un $p_maxhealth_base % de PS máx. + $p_maxhealth_item % por $affected objeto. $t[Tras $cd s:] ¡Despierta los $s[poderes de la pereza$s] ocultos!
UI_DMG_NR_2,Items,Gegenstände,物品,アイテム,아이템,物品,Objets,Предметы,Itens,Objetos
"<!MissingKey:10:$t[Every $cds:] Inflict $p_cold $cold. If your opponent has at least $p_coldt $cold, gain $p_empower $empower instead. >","$t[Every $cds:] Inflict $p_cold $cold. If your opponent has at least $p_coldt $cold, gain $p_empower $empower instead. 
 Cleanse $h[1] debuff. 

 Triggers $p_speed% faster for each \~$affected $ice-item.","$t[Alle $cds:] Verursache $p_cold $cold. Wenn dein Gegner mindestens $p_coldt $cold hat, erhalte stattdessen $p_empower $empower. 
 Entferne $h[1] Debuff. 

 Aktiviert $p_speed% schneller pro \~$affected $ice-Gegenstand.","$t[每$cds：]向对手施加$p_cold层$cold。如果对手至少有$p_coldt层$cold，则获得$p_empower层$empower。
净化$h[1]层减益效果。

每有一个$affected的$ice物品，触发速度快$p_speed%。","$t[$cd秒毎：]$p_cold $cold を付与する。相手が$p_coldt $cold 以上ある場合、代わりに$p_empower $empower を獲得する 
$h[1]デバフを解除する 

$affectedにある $ice アイテム1個につき使用速度が$p_speed%上がる","$t[$cd초마다:] $cold를 $p_cold 부여합니다. 상대가 $p_coldt 이상의 $cold를 보유할 경우, 그 대신 $empower를 $p_empower 획득합니다.
디버프를 $h[1]개 제거합니다.

$affected에 위치한 $ice 아이템마다 $p_speed% 빠르게 발동합니다.","$t[每$cds：]向對手施加$p_cold層$cold。如果對手至少有$p_coldt層$cold，則獲得$p_empower層$empower。
淨化$h[1]層減益效果。

每有一個$affected的$ice物品，觸發速度快$p_speed%。","$t[Après $cd s :] infligez $p_cold $cold. Si votre adversaire a au moins $p_coldt $cold, gagnez $p_empower $empower à la place. 
 Purgez $h[1] malus. 

 Se déclenche $p_speed % plus vite pour chaque objet $ice $affected.","$t[Раз в $cd сек.:] накладывает на противника $p_cold $cold. Если у противника уже не менее $p_coldt $cold, вместо этого добавляет герою $p_empower $empower. 
 Снимает $h[1] негативный эффект. 

 Срабатывает на $p_speed% чаще за каждый $affected $ice-предмет.","$t[A cada $cd s:] Inflige $p_cold $cold. Se seu oponente tiver pelo menos $p_coldt $cold, ganha $p_empower $empower no lugar. 
 Purifica $h[1] debuff. 

 Ativa $p_speed% mais rápido por cada item $ice $affected.","$t[Cada $cd s:] aplicas $p_cold $cold. Si tu rival tiene al menos $p_coldt $cold, obtienes $p_empower $empower en su lugar. 
 Purgas $h[1] desventaja. 

 Se activa un $p_speed % más rápido por cada $affected objeto de $ice."
<!MissingKey:11:$t[On attack:] Use $p_manat $mana: >,"$t[On attack:] Use $p_manat $mana: 
Gain $p_dam damage. 
$affected items trigger $p_speed% faster (up to $p_max times). 
 Remove $p_luck $lucky from your opponent.","$t[Bei Angriff:] Nutze $p_manat $mana: 
 Erhöhe Schaden um $p_dam. 
$affected Gegenstände aktivieren $p_speed% schneller (bis zu $p_max mal). 
 Entferne $p_luck $lucky von Gegner.","$t[攻击时：]消耗$p_manat点$mana：
获得$p_dam点伤害加成。
$affected的物品触发速度快$p_speed%（最高$p_max次）。
移除对手$p_luck点$lucky。","$t[攻撃時：]$p_manat $mana を消費して、
ダメージ値が$p_dam増える 
$affectedにあるアイテムの使用速度が$p_speed%上がる（最大$p_max回まで） 
相手から$p_luck $lucky を除去する","$t[공격 시:] $mana를 $p_manat 사용해 가하는 피해가 $p_dam 증가합니다.
$affected에 위치한 아이템이 $p_speed% 빠르게 발동합니다 (최대 $p_max번).
상대의 $lucky을 $p_luck 제거합니다.","$t[攻擊時：]消耗$p_manat點$mana：
獲得$p_dam點傷害加成。
$affected的物品觸發速度快$p_speed%（最高$p_max次）。
移除對手$p_luck點$lucky。","$t[Par attaque :] utilisez $p_manat $mana : 
gagnez $p_dam de dégâts. Les objets 
$affected se déclenchent $p_speed % plus vite (jusqu'à $p_max fois). 
 Retirez $p_luck $lucky à votre adversaire.","$t[При атаке:] использует $p_manat $mana: 
Добавляет $p_dam урона. 
$affected предметы срабатывают на $p_speed% чаще (не более $p_max раз). 
 Снимает с противника $p_luck $lucky.","$t[Ao atacar:] Usa $p_manat $mana: 
Ganha $p_dam de dano. 
Itens $affected ativam $p_speed% mais rápido (até $p_max vezes). 
 Remove $p_luck $lucky do seu oponente.","$t[Al atacar:] usas $p_manat $mana: 
Obtienes $p_dam de daño. 
Los objetos $affected se activan un $p_speed % más rápido (hasta $p_max veces). 
 Elimina $p_luck $lucky al rival."
UI_DMG_NR_3,None,Keine,无,なし,없음,無,Aucun,-,Nenhum,Ninguno
<!MissingKey:13:$t[Every $cds:] $affected items trigger $p_speed% faster and gain $chance% chance to duplicate debuffs they inflict (up to $p_max times). Steal $p_luck $lucky from your opponent.>,$t[Every $cds:] $affected items trigger $p_speed% faster and gain $chance% chance to duplicate debuffs they inflict (up to $p_max times). Steal $p_luck $lucky from your opponent.,"$t[Alle $cds:] $affected Gegenstände aktivieren \~$p_speed% schneller und erhalten \~$chance% Chance, verursachte Debuff zu duplizieren (bis zu $p_max mal).\~ Stehle $p_luck $lucky von deinem Gegner.",$t[每$cds：]$affected物品触发速度快$p_speed%，且有$chance%的几率复制施加的减益效果(最高$p_max次)。偷取对手$p_luck点$lucky。,$t[$cd秒毎：]$affectedにあるアイテムは、使用速度が$p_speed%上がり、デバフを追加付与する確率が$chance%上がる（最大$p_max回まで）。相手から$p_luck $lucky を奪う。,"$t[$cd초마다:] $affected에 위치한 아이템이 $p_speed% 빠르게 발동하고, $chance%의 확률로 부여하는 디버프를 복제합니다 (최대 $p_max번). 상대의 $lucky을 $p_luck 빼앗습니다.",$t[每$cds：]$affected物品觸發速度快$p_speed%，且有$chance%的幾率複製施加的減益效果(最高$p_max次)。偷取對手$p_luck點$lucky。,$t[Toutes les $cd s :] les objets $affected se déclenchent $p_speed % plus vite et gagnent $chance % de chances de dupliquer les malus qu'ils infligent (jusqu'à $p_max fois). Volez $p_luck $lucky à votre adversaire.,$t[Раз в $cd сек.:] $affected предметы срабатывают на $p_speed% чаще и получают шанс $chance% повторить любой наложенный ими негативный эффект (макс. до $p_max раз). Крадет у противника $p_luck $lucky.,$t[A cada $cd s:] Itens $affected ativam $p_speed% mais rápido e ganham $chance% de chance de duplicar os debuffs que infligem (até $p_max vezes). Rouba $p_luck $lucky do seu oponente.,$t[Cada $cd s:] los objetos $affected se activan un $p_speed % más rápido y obtienen un $chance % de probabilidad de duplicar las desventajas que aplican (hasta $p_max veces). Robas $p_luck $lucky al rival.
UI_DMG_NR_0,All ,Alle,全部,すべて,전체,全部,Tout,Все,Tudo,Todo
<!MissingKey:15:$h[Mage] items are offered in the shop. $t[Start of battle:] Gain $p_mana $mana. >,"$h[Mage] items are offered in the shop. $t[Start of battle:] Gain $p_mana $mana. 

 $affected items gain $chance% chance to $h[duplicate] $mana they gain.","$h[Magier]-Gegenstände werden im Laden angeboten. $t[Kampfbeginn:] Erhalte $p_mana $mana. 

 $affected Gegenstände haben $chance% Chance, erzeugtes $mana zu $h[duplizieren].","$h[魔法]物品将在商店出售。$t[战斗开始时：]获得$p_mana点$mana。

 $affected的物品有$chance%的几率$h[复制]获得的$mana。","$h[メイジ]固有アイテムがショップで売られるようになる $t[バトル開始時：]$p_mana $mana を獲得する 

$affectedにあるアイテムが$chance%の確率で $mana を$h[追加獲得]する","$h[메이지] 아이템이 상점에 등장합니다. $t[전투 시작 시:] $mana를 $p_mana 획득합니다.

$affected에 위치한 아이템이 $chance%의 확률로 획득하는 $mana를 $h[복제]합니다.","$h[魔法]物品將在商店出售。$t[戰鬥開始時：]獲得$p_mana點$mana。

 $affected的物品有$chance%的幾率$h[複製]獲得的$mana。","Les objets de $h[Mage] sont disponibles dans la boutique. $t[Au début du combat :] gagnez $p_mana $mana. 

 Les objets $affected gagnent $chance % de chance de $h[Dupliquer] le $mana qu'ils gagnent.","$hПредметы [мага] будут продаваться в магазине. $t[Начало боя:] добавляет $p_mana $mana. 

 $affected предметы получают $chance% шанс $h[удвоить] полученную $mana.","$hItens [Mago] são oferecidos na loja. $t[Início da batalha:] Ganha $p_mana $mana. 

 Itens $affected ganham $chance% de chance de $h[duplicar] $mana que ganham.","Los objetos de $h[mago] están disponibles en la tienda. $t[Al comienzo de la batalla:] obtienes $p_mana $mana. 

 Los $affected objetos tienen un $chance % de probabilidad de $h[duplicar] el $mana que reciben."
UI_DMG_NR_1,Characters,Charaktere,角色,キャラクター,캐릭터,角色,Personnages,Персонажи,Personagens,Personajes
<!MissingKey:17:Frog Prince>,Frog Prince,Froschprinz,青蛙王子,カエル王子,개구리 왕자,青蛙王子,Prince grenouille,Принц-лягушка,Príncipe Sapo,Príncipe rana
HINT_SwitchMode,"After each battle, you will take the opponent's backpack. 
Items won’t fuse when entering the shop. Instead, generate a Cog. 
{gold} and storage box do not carry over to the next round.","Nach jedem Kampf übernimmst du den Rucksack deines Gegners. 
Gegenstände verschmelzen nicht beim Betreten des Ladens, stattdessen erzeuge ein Zahnrad. 
Weder {gold} noch Gegenstände können in die nächste Runde übernommen werden.","每场战斗后，你将接管对手的背包。
物品进入商店时不会融合。取而代之的是生成一个齿轮。
{gold}和储物箱不会带到下一回合。","毎バトル終了後、相手のバックパックを受け取ります。
ショップ入店時にアイテムが合成されない代わりに、歯車1個が生成されます。
{gold} と保管ボックスの中身は次のラウンドに持ち越せません。","전투가 끝날 때마다, 상대의 배낭을 가져옵니다.
상점에 진입 시 아이템이 융합되지 않습니다. 그 대신, 톱니를 생성합니다.
{gold}와 창고가 다음 라운드로 이월되지 않습니다.","每場戰鬥後，你將接管對手的背包。
物品進入商店時不會融合。取而代之的是生成一個齒輪。
{gold}和儲物箱不會帶到下一回合。","Après chaque combat, vous récupérerez le sac à dos de votre adversaire. 
Les objets ne fusionnent pas en entrant dans la boutique. À la place, générez un rouage. 
{gold} et la réserve ne sont pas transférés au tour suivant.","После каждого боя вы забираете рюкзак противника.
Предметы не объединяются при переходе в магазин. Вместо этого создается шестеренка. {gold} и предметы в ящике не переносятся на следующий раунд.","Após cada batalha, você recebe a mochila do oponente. 
Os itens não se fundirão ao entrar na loja. Em vez disso, vai gerar uma engrenagem. 
{gold} e a caixa de depósito não são carregados para a próxima rodada.","Tras cada batalla, tomarás la mochila del rival. Los objetos no se fusionarán al entrar en la tienda. En su lugar, generarás un engranaje. Los {gold} y la caja de almacenamiento no se transfieren a la siguiente ronda."
<!MissingKey:19:Automanaton>,Automanaton,Automanaton,自动魔像,オートマナトン,오토마나톤,自動魔像,Automanaton,Автоманатон,Autômato,Automanatón
<!MissingKey:20:Mage Hat>,Mage Hat,Spitzhut,魔法帽,メイジの帽子,마법사 모자,魔法帽,Chapeau de mage,Шляпа мага,Chapéu de Mago,Sombrero de mago
<!MissingKey:21:Just do the stabby from afar.>,Just do the stabby from afar.,Erstechen jetzt von noch weiter weg.,这个飞回来怎么接住？,本当の友達なら敵に投げつけても帰ってきてくれるんだ！,그냥 멀리서 던지기만 하면 됩니다.,這個飛回來怎麼接住？,Pointez tout simplement l'adversaire de loin.,Пыряешь… но издалека.,Só faça o golpe de longe.,"Vale, pero tú apuñala desde lejos."
<!MissingKey:22:The black knight always wins.>,The black knight always wins.,Er ist unbesiegbar.,一匹“黑马”，嘿嘿！,黒の騎士が出たってことは、まだレベルが足りないのかも？,블랙 나이트는 언제나 승리합니다.,一匹“黑馬”，嘿嘿！,Le cavalier noir gagne toujours.,Темный конь не терпит поражений.,O cavalo preto sempre vence.,El caballo negro siempre gana.
"<!MissingKey:23:It's not a ""tower"" or a ""chariot"" – it's obviously an elephant, and if you think otherwise, you are wrong.>","It's not a ""tower"" or a ""chariot"" – it's obviously an elephant, and if you think otherwise, you are wrong.","Es ist offensichtlich kein ""Turm"" oder ""Streitwagen"", sondern ein Elefant und er kann sprechen.",这不是“车”，而是“象”，我说是就是。,「塔」とか「戦車」だって言う人もいるけど、どう見てもこれは「ゾウ」だよ。異論は認めない。,"""탑""이나 ""전차""가 아닙니다 - 코끼리 외에는 전부 헛소문이며, 절대로 믿으시면 안됩니다.",這不是“車”，而是“象”，我說是就是。,"Ce n'est ni une « tour » ni un « chariot » : il s'agit clairement d'un éléphant, et si vous pensez le contraire, vous vous trompez.","Это не «башенка» и не «колесница» — очевидно, что это слон. И если ты думаешь иначе — ты не прав.","Não é uma ""torre"" nem um ""carruagem"" – é claramente um elefante, e se você pensa o contrário, está errado.","No es una «torre» ni un «carro», es OBVIAMENTE un elefante, y si piensas otra cosa, estás equivocado."
<!MissingKey:24:Everybody should have at least enough sewing skills to make a sockmonster.>,Everybody should have at least enough sewing skills to make a sockmonster.,Jeder sollte genug Nähfertigkeit besitzen um ein Sockenmonster zu basteln. ,我觉得针线活时每个人的必备技能。,靴下モンスターを作れるくらいの裁縫スキルはみんな持ってた方がいいと思うんだ。,양말도깨비를 만들 정도의 재봉 기술은 모두에게 필요합니다.,我覺得針線活時每個人的必備技能。,Tout le monde devrait avoir au moins les compétences nécessaires pour coudre un monstre-chaussette.,Каждый должен уметь сшить хотя бы монстра из носка.,Todo mundo deveria ter pelo menos habilidades suficientes em costura para fazer um monstro de meia.,"Todos deberían saber coser, al menos para hacer un monstruito de calcetín."
<!MissingKey:25:Add $h[6] backpack slots. $t[Start of battle:] Gain $p_mana $mana. >,"Add $h[6] backpack slots. $t[Start of battle:] Gain $p_mana $mana. 

 Items inside have $chance% chance to $h[duplicate] $mana they gain. 

 $chance2% chance to protect $mana from removal. ","Fügt $h[6] Rucksackplätze hinzu. $t[Kampfbeginn:] Erhalte $p_mana $mana. 

 Gegenstände darin haben $chance% Chance, erzeugtes $mana zu $h[duplizieren]. 

 $chance2% Chance, $mana vor dem Entfernen zu schützen.","增加$h[6]格背包槽位。$t[战斗开始时：]获得$p_mana点$mana。

背包内物品有$chance%的几率$h[复制]获得的$mana。

还有$chance2%的几率保护$mana被移除。","バックパックのスロットを$h[6]追加する $t[バトル開始時：]$p_mana $mana を獲得する 

中にあるアイテムが$chance%の確率で $mana を$h[追加獲得]する 

$chance2%の確率で $mana を除去効果から保護する","배낭 슬롯을 $h[6]개 추가합니다. $t[전투 시작 시:] $mana를 $p_mana 획득합니다.

내부에 위치한 아이템은 $chance%의 확률로 획득하는 $mana를 $h[복제]합니다.

$chance2%의 확률로 $mana가 제거되는 것을 막습니다.","增加$h[6]格背包槽位。$t[戰鬥開始時：]獲得$p_mana點$mana。

背包內物品有$chance%的幾率$h[複製]獲得的$mana。

還有$chance2%的幾率保護$mana被移除。","Ajoutez $h[6] emplacements de sac à dos. $t[Au début du combat :] gagnez $p_mana $mana. 

 Les objets à l'intérieur ont $chance % de chance de $h[Dupliquer] le $mana gagné. 

 $chance2 % de chance de protéger le $mana du retrait.","Добавляет $h[6] слотов к рюкзаку. $t[Начало боя:] добавляет $p_mana $mana. 

 Предметы внутри сумки имеют $chance% шанс $h[удвоить] получаемую $mana. 

 $chance2% шанс проигнорировать снятие $mana.","Adiciona $h[6] espaços na mochila. $t[Início da batalha:] Ganha $p_mana $mana. 

 Itens dentro têm $chance% de chance de $h[duplicar] $mana que ganharem. 

 $chance2% de chance de proteger $mana contra remoção.","Añade $h[6] espacios a la mochila. $t[Al comienzo de la batalla:] obtienes $p_mana $mana. 

 Los objetos en su interior tienen un $chance % de probabilidad de $h[duplicar] el $mana que reciben. 

 $chance2 % de probabilidad de proteger el $mana de ser eliminado."
<!MissingKey:26:Loot is my love language.>,Loot is my love language.,Liebe zeigt man am besten mit Beute.,开宝箱就像开盲盒一样啊！,宝箱…イイ響きだ。,사랑스러운 전리품이네요.,開寶箱就像開盲盒一樣啊！,"Piller, c'est ma façon d'exprimer mon amour.",Награды — мой язык любви.,Saques são minha língua do amor.,El botín es mi lenguaje del amor.
<!MissingKey:27:$t[$affected items gained $p_gained buffs:] \~Heal for $p_heal. $t[$affected items used $p_used buffs:] \~Inflict $p_poison $poison and gain $p_mana $mana. $t[Every $cds:] Inflict $p_poison2 $poison and gain $p_mana2 $mana.>,$t[$affected items gained $p_gained buffs:] \~Heal for $p_heal. $t[$affected items used $p_used buffs:] \~Inflict $p_poison $poison and gain $p_mana $mana. $t[Every $cds:] Inflict $p_poison2 $poison and gain $p_mana2 $mana.,$t[$affected Gegenstände erzeugen $p_gained Buffs:] Heile um $p_heal. $t[$affected Gegenstände nutzen $p_used Buffs:] Verursache $p_poison $poison und erhalte $p_mana $mana. $t[Alle $cds:] \~Verursache $p_poison2 $poison und erhalte $p_mana2 $mana.,$t[$affected的物品获得$p_gained层增益效果：]恢复$p_heal点生命值。 $t[$affected的物品消耗$p_used层增益效果：]向对手施加$p_poison层$poison，并获得$p_mana点$mana。$t[每$cds：]向对手施加$p_poison2层$poison，并获得$p_mana2点$mana。,$t[$affectedつきアイテムが$p_gainedバフ獲得毎：]体力を$p_heal回復する $t[$affectedつきアイテムが$p_usedバフ消費毎：]$p_poison $poison を付与し、$p_mana $mana を獲得する $t[$cd秒毎：]$p_poison2 $poison を付与し、$p_mana2 $mana を獲得する,$t[$affected에 위치한 아이템이 버프를 $p_gained 획득 시:] 체력을 $p_heal 회복합니다. $t[$affected에 위치한 아이템이 버프를 $p_used 사용 시:] $poison을 $p_poison 부여하고 $mana를 $p_mana 획득합니다. $t[$cd초마다:] $poison을 $p_poison2 부여하고 $mana를 $p_mana2 획득합니다. ,$t[$affected的物品獲得$p_gained層增益效果：]恢復$p_heal點生命值。 $t[$affected的物品消耗$p_used層增益效果：]向對手施加$p_poison層$poison，並獲得$p_mana點$mana。$t[每$cds：]向對手施加$p_poison2層$poison，並獲得$p_mana2點$mana。,$t[Les objets $affected gagnent $p_gained bonus :] guérissez de $p_heal. $t[Les objets $affected utilisent $p_used bonus :] infligez $p_poison $poison et gagnez $p_mana $mana. $t[Toutes les $cd s :] infligez $p_poison2 $poison et gagnez $p_mana2 $mana.,$t[Когда $affected предметы накапливают до $p_gained усилений:] восстанавливает $p_heal ед. здоровья. $t[Когда $affected используют до $p_used усилений:] накладывает на противника $p_poison $poison и добавляет герою $p_mana $mana. $t[Раз в $cd сек.:] накладывает на противника $p_poison2 $poison и добавляет герою $p_mana2 $mana.,$t[Itens $affected ganharam $p_gained buffs:] Cura por $p_heal. $t[Itens $affected usaram $p_used buffs:] Inflige $p_poison $poison e ganha $p_mana $mana. $t[A cada $cd s:] Inflige $p_poison2 $poison e ganha $p_mana2 $mana.,$t[Si los objetos $affected obtienen $p_gained ventajas:] te curas $p_heal. $t[$affected objetos usan $p_used ventajas:] aplicas $p_poison $poison y obtienes $p_mana $mana. $t[Cada $cd s:] aplicas $p_poison2 $poison y obtienes $p_mana2 $mana.
UI_Ranked,Ranked,Gewertet,排位,ランク,랭크 게임,排位,Classé,Рейтинг,Ranqueada,Clasificatoria
"<!MissingKey:29:$t[Every $cds:] $affected items trigger $p_speed% faster, $red[inflict $h[1] $blind to yourself] (up to $p_max times). >","$t[Every $cds:] $affected items trigger $p_speed% faster, $red[inflict $h[1] $blind to yourself] (up to $p_max times). 

 Triggers $p_speed_dark% faster for each \~$affected2 $dark-item.","$t[Alle $cds:] $affected Gegenstände aktivieren $p_speed% schneller, $red[verursache dir] $h[1] $blind (bis zu $p_max mal). 

 Aktiviert $p_speed_dark% schneller pro\~ $affected2 $dark-Gegenstand.","$t[每$cds：]$affected的物品触发速度快$p_speed%，$red[对自己施加$h[1]层$blind]（最高触发$p_max次）。

每有一个$affected2的$dark物品，卷轴触发速度快$p_speed_dark%。","$t[$cd秒毎：]$affectedにあるアイテムの使用速度が$p_speed%上がる、$red[自分に$h[1] $blind を付与する]（最大$p_max回まで） 

$affected2にある $dark アイテム1個につき使用速度が$p_speed_dark%上がる","$t[$cd초마다:] $affected에 위치한 아이템이 $p_speed% 빠르게 발동하며, $red[자신에게 $blind을 $h[1]] 부여합니다 (최대 $p_max번).

$affected2에 위치한 $dark 아이템마다 $p_speed_dark% 빠르게 발동합니다.","$t[每$cds：]$affected的物品觸發速度快$p_speed%，$red[對自己施加$h[1]層$blind]（最高觸發$p_max次）。

每有一個$affected2的$dark物品，卷軸觸發速度快$p_speed_dark%。","$t[Toutes les $cd s :] les objets $affected se déclenchent $p_speed % plus vite, $red[infligez $h[1] $blind à vous-même] (jusqu'à $p_max fois). 

 Se déclenche $p_speed_dark % plus vite pour chaque objet $dark $affected2.","$t[Раз в $cd сек.:] $affected предметы срабатывают на $p_speed% чаще, $red[накладывает $h[1] $blind на героя] (макс. до $p_max раз). 

 Срабатывает на $p_speed_dark% чаще за каждый $affected2 $dark-предмет.","$t[A cada $cd s:] Itens $affected ativam $p_speed% mais rápido, $red[inflige $h[1] $blind em você mesmo] (até $p_max vezes). 

 Ativa $p_speed_dark% mais rápido por cada item $affected2 do tipo $dark.","$t[Cada $cd s:] los $affected objetos se activan $p_speed % más rápido, $red $h[1] $blind a ti mismo] (hasta $p_max veces). 

 Se activa un $p_speed_dark % más rápido por cada $affected2 objetos $dark."
"<!MissingKey:30:When you throw everything into the pot, the right recipe is always included.>","When you throw everything into the pot, the right recipe is always included.","Wenn du alles in den Topf wirfst, ist das richtige Rezept mit Sicherheit dabei.",当你把所有东西都丢进锅里时，正确的配方总会包含在内。,とりあえず全部を鍋に突っ込めば、正しいレシピの材料も含まれてるよ。,"모든 걸 냄비에 때려 넣으면, 항상 올바른 레시피입니다.",當你把所有東西都丟進鍋裡時，正確的配方總會包含在內。,"Lorsque vous mettez tout dans le chaudron, ça ne peut être que bon !","Когда кидаешь в котел все подряд, нужный рецепт почему-то всегда находится.",Não tem como esquecer de pôr os ingredientes certos na panela se você simplesmente colocar todos de uma vez.,"Cuando se echa todo en la olla, siempre se incluye la receta adecuada."
"<!MissingKey:31:Cleanse effects have $chance% chance to cleanse an additional debuff. $t[Every $cds:] Gain $p_heat $heat, cleanse $p_debuffs debuffs and heal for $p_heal. >","Cleanse effects have $chance% chance to cleanse an additional debuff. $t[Every $cds:] Gain $p_heat $heat, cleanse $p_debuffs debuffs and heal for $p_heal. 

 Triggers $p_speed% faster for each \~$affected $h[Potion].","Debuffs zu entfernen hat $chance% Chance, einen weiteren Debuff zu entfernen. $t[Alle $cds:] Erhalte $p_heat $heat, entferne \~$p_debuffs Debuffs und heile um $p_heal. 

 Aktiviert $p_speed% schneller pro $affected $h[Trank].","净化效果时有$chance%几率再次净化一个额外减益效果。$t[每$cds：]获得$p_heat层$heat，净化$p_debuffs层减益效果并恢复$p_heal点生命值。

每有一个$affected的$h[魔药]，触发速度快$p_speed%。","$chance%の確率でデバフ解除効果で解除できるデバフが1増える $t[$cd秒毎：]$p_heat $heat を獲得し、$p_debuffsデバフを解除し、体力を$p_heal回復する 

$affectedにある$h[ポーション]1個につき使用速度が$p_speed%上がる","정화 효과가 $chance% 확률로 추가로 디버프를 제거할 수 있게 됩니다. $t[$cd초마다:] $heat를 $p_heat 획득하고, 디버프를 $p_debuffs개 제거하고, 체력을 $p_heal 회복합니다.

$affected에 위치한 $h[포션]마다 $p_speed% 빠르게 발동합니다.","淨化效果時有$chance%幾率再次淨化一個額外減益效果。$t[每$cds：]獲得$p_heat層$heat，淨化$p_debuffs層減益效果並恢復$p_heal點生命值。

每有一個$affected的$h[魔藥]，觸發速度快$p_speed%。","Les effets de purge ont $chance % de chance de purger un malus supplémentaire. $t[Toutes les $cd s :] gagnez $p_heat $heat, purgez $p_debuffs malus et guérissez de $p_heal. 

 Se déclenche $p_speed % plus vite pour chaque $affected[Potion] $h.","Снятие негативного эффекта получает шанс $chance% снять дополнительный эффект. $t[Раз в $cd сек.:] добавляет $p_heat $heat, снимает до $p_debuffs негативных эффектов и восстанавливает герою $p_heal здоровья. 

 Срабатывает на $p_speed% чаще за каждое $affected $h[зелье].","Efeitos de purificação têm $chance% de chance de purificar um debuff adicional. $t[A cada $cd s:] Ganha $p_heat $heat, purifica $p_debuffs debuffs e cura por $p_heal. 

 Ativa $p_speed% mais rápido por cada $h[Poção] $affected.","Los efectos de limpieza tienen un $chance % de probabilidad de eliminar una desventaja adicional. $t[Cada $cd s:] obtienes $p_heat $heat, purgas $p_debuffs desventajas y te curas $p_heal. 

 Se activa un $p_speed % más rápido por cada $affected $h[poción]."
"<!MissingKey:32:For you it's a weapon, for them it's a home.>","For you it's a weapon, for them it's a home.","Für dich ist es eine Waffe, für sie ein Zuhause.",是一把武器，也是小鸟的家。,キミにとっては武器でも、この子たちにとっては家なんだよ。,"누군가에게는 무기지만, 누군가에게는 집입니다.",是一把武器，也是小鳥的家。,"Pour vous, c'est une arme, pour eux, c'est leur maison.",Для тебя это оружие. Для птички — дом.,"Para você é uma arma, para eles é um lar.","Para ti es un arma, para ellos es su hogar."
<!MissingKey:33:Damage dealt increased by {amount} ({origin}).>,Damage dealt increased by {amount} ({origin}).,,造成的伤害增加{amount}（{origin}）。,与えるダメージが{amount}増えた（{origin}）。,{amount}만큼 가하는 피해가 증가함 ({origin}).,造成的傷害增加{amount}（{origin}）。,Dégâts infligés augmentés de {amount} ({origin}).,Ваш урон повышается на {amount} ({origin}).,Dano causado aumentado em {amount} ({origin}).,Daño infligido aumentado en {amount} ({origin}).
<!MissingKey:34:$t[On buy:] Replace this with $p_gold $gold worth of items. May contain \~$treasure-items!>,$t[On buy:] Replace this with $p_gold $gold worth of items. May contain \~$treasure-items!,$t[Bei Kauf:] Ersetze dies mit Gegenständen im Wert von $p_gold $gold. Kann $treasure-Gegenstände enthalten!,$t[购买此物品时：]用价值$p_gold枚$gold的物品代替此宝藏箱。可能包含$treasure物品！,$t[購入時：]$p_gold $gold のアイテムと置き換わる。 $treasure アイテムが入っていることも！,$t[구매 시:] $p_gold $gold 가치의 아이템들로 교체됩니다. $treasure 아이템이 포함될 수 있습니다!,$t[購買此物品時：]用價值$p_gold枚$gold的物品代替此寶藏箱。可能包含$treasure物品！,$t[À l'achat :] Remplacez ceci par des objets d'une valeur de $p_gold $gold. Peut contenir des objets $treasure !,$t[При покупке:] заменяется на предметы стоимостью в $p_gold $gold. Может содержать $treasure-предметы!,$t[Ao comprar:] Substitui isso por $p_gold $gold de itens. Pode conter itens $treasure!,$t[Al comprarlo:] cámbialo por objetos valorados en $p_gold $gold. ¡Puede contener objetos de $treasure!
<!MissingKey:35:A bright shining light on demand? What trickery is this?>,A bright shining light on demand? What trickery is this?,Helles Leuchten auf Knopfduck? Was ist das für ein Hexenwerk?!,随叫随到的明亮光芒？这是什么把戏？,好きな時に光が？一体どういう仕組みなんだ…？,원할 때마다 밝게 빛난다니! 대체 무슨 요술을 부린 걸까요?,隨叫隨到的明亮光芒？這是什麼把戲？,Une lumière éclatante à la demande ? Quelle est cette diablerie ?,Яркий свет по щелчку? Да это же магия какая-то!,Uma luz forte e na hora que eu quiser? Que tipo de truque é esse?,¿Una luz brillante a pedido? ¿Qué truco es este?
<!MissingKey:36:Poison Frog>,Poison Frog,Pfeilgiftfrosch,剧毒蛙,ドクガエル,독개구리,劇毒蛙,Grenouille vénéneuse,Ядовитая лягушка,Sapo Venenoso,Rana venenosa
"<!MissingKey:37:Great, now you made the fire birb mad.>","Great, now you made the fire birb mad.","Toll, jetzt ist der Vogel stinkig.",太好了，现在你把火焰小鸟惹毛了。,コイツをキレさせたら大したもんですよ。,"좋아요, 이제 미친듯이 화가 났네요.",太好了，現在你把火焰小鳥惹毛了。,"Super, vous nous avez bien énervé l'oiseau de feu maintenant.","Отлично, тебе удалось разозлить огненную птичку. Молодец.","Que bom, você irritou o passarinho de fogo.","Genial, hiciste enojar al pájaro de fuego."
,,,,,,,,,,
<!MissingKey:39:Someone's gotta unclog the manapipes again...>,Someone's gotta unclog the manapipes again...,"Los, einer muss die Manaleitungen durchpömpeln...",又得有人去疏通法力管道了……,また誰かがマナパイプ掃除をしなきゃいけないのか…,누가 이 마나파이프 조인 것 좀 풀어보세요.,又得有人去疏通法力管道了……,Quelqu'un a encore bouché les tuyaux de mana…,Опять кто-то должен прочистить манопровод…,Alguém vai ter que desentupir os canos de mana de novo...,Alguien tiene que destapar las tuberías de nuevo…
BUTTON_GridStorage,Grid storage,Rasteransicht,网格储物,保管ボックスのグリッド化,그리드 창고,網格儲物,Rangement en grille,Секторное хранилище,Depósito em grade,Almacenamiento en cuadrícula
<!MissingKey:41:Snowmaster>,Snowmaster,Schneemeister,大师雪人,スノーマスター,스노우마스터,大師雪人,Maître de neige,Мистер-Снеговик,Mestre da Neve,Maestro de la Nieve
"<!MissingKey:42:$t[On hit:] Use $p_luckt $lucky to gain $p_dam damage. Use $p_regent $regen to remove $p_buffs buffs from your opponent – if they have no buffs, attack $p_speed% faster.>","$t[On hit:] Use $p_luckt $lucky to gain $p_dam damage. Use $p_regent $regen to remove $p_buffs buffs from your opponent – if they have no buffs, attack $p_speed% faster.","$t[Bei Treffer:] Nutze $p_luckt $lucky, um den Schaden um $p_dam zu erhören. \~Nutze $p_regent $regen, um $p_buffs Buffs vom Gegner zu entfernen – wenn er keine hat, greife $p_speed% schneller an.",$t[击中对手：]消耗$p_luckt点$lucky来获得$p_dam点伤害加成。消耗$p_regent层$regen来移除对手$p_buffs层增益效果，如果对手没有增益效果，则此物品的攻击速度加快$p_speed%。,$t[ヒット時：]$p_luckt $lucky を消費して、ダメージ値が$p_dam増える。$p_regent $regen を消費して、相手から$p_buffsバフを除去し、相手にバフがない場合は使用速度が$p_speed%上がる,"$t[적중 시:] $lucky을 $p_luckt 사용해 가하는 피해가 $p_dam 증가합니다. $regen을 $p_regent 사용해 상대의 버프를 $p_buffs개 제거합니다 - 상대가 보유한 버프가 없다면, $p_speed% 빠르게 공격합니다.",$t[擊中對手：]消耗$p_luckt點$lucky來獲得$p_dam點傷害加成。消耗$p_regent層$regen來移除對手$p_buffs層增益效果，如果對手沒有增益效果，則此物品的攻擊速度加快$p_speed%。,"$t[Par coup :] utilisez $p_luckt $lucky pour gagner $p_dam de dégâts. Utilisez $p_regent $regen pour retirer $p_buffs bonus à votre adversaire. S'il n'a pas de bonus, attaquez $p_speed % plus vite.","$t[При попадании:] использует $p_luckt $lucky, чтобы добавить $p_dam урона. Использует $p_regent $regen и снимает до $p_buffs усилений с противника – если у противника нет усилений, атакует на $p_speed% чаще.","$t[Ao acertar:] Usa $p_luckt $lucky para ganhar $p_dam de dano. Usa $p_regent $regen para remover $p_buffs buffs do oponente — se ele não tiver buffs, ataca $p_speed% mais rápido.","$t[Al golpear:] usas $p_luckt $lucky para ganar $p_dam daño. Usas $p_regent $regen para eliminar $p_buffs ventajas de tu rival, si no tiene ventajas, atacas un $p_speed % más rápido."
<!MissingKey:43:$t[Charge received:] Steal $p_buffs buffs (up to $p_max times). $t[On buy:] Restock with a Battery.>,$t[Charge received:] Steal $p_buffs buffs (up to $p_max times). $t[On buy:] Restock with a Battery.,$t[Ladung erhalten:] Stehle $p_buffs Buffs (bis zu $p_max mal). $t[Bei Kauf:] Fülle mit einer Batterie auf.,$t[获得电荷时：]偷取$p_buffs层增益效果（最多$p_max次）。$t[购买此物品时：]商店会刷新一个新电池。,$t[通電時：]$p_buffsバフを奪う（最大$p_max回まで）$t[購入時：]バッテリーを補充する,$t[전하를 받을 시:] 버프를 $p_buffs개 빼앗습니다 (최대 $p_max번). $t[구매 시:] 배터리가 다시 입고됩니다.,$t[獲得電荷時：]偷取$p_buffs層增益效果（最多$p_max次）。$t[購買此物品時：]商店會刷新一個新電池。,$t[Charge reçue :] volez $p_buffs bonus (jusqu'à $p_max fois). $t[À l'achat :] réapprovisionnez-vous avec une batterie.,$t[При получении заряда:] крадет до $p_buffs усилений у противника (не более $p_max раз). $t[При покупке:] вместо нее на полке появится батарейка.,$t[Carga recebida:] Rouba $p_buffs buffs (até $p_max vezes). $t[Ao comprar:] Reabastece com uma Bateria.,$t[Al recibir carga:] Roba $p_buffs ventajas (hasta $p_max veces). $t[Al comprarlo:] Se reabastece con una batería.
<!MissingKey:44:$h[Adventurer] items are offered in the shop. $t[$h[Twine] bought:] $shopchance% chance to restock with another $h[Twine]. >,"$h[Adventurer] items are offered in the shop. $t[$h[Twine] bought:] $shopchance% chance to restock with another $h[Twine]. 

 $affected $h[Crafted] items trigger $p_speed% faster and have $chance% chance to duplicate their buffs.","$h[Abenteurer]-Gegenstände werden im Laden angeboten. $t[$h[Schnur] gekauft:] $shopchance% Chance mit $h[Schnur] aufzufüllen. 

 $affected $h[Hergestellte] Gegenstände aktivieren $p_speed% schneller und haben $chance% Chance erzeugte Buffs zu duplizieren.","$h[冒险家]物品将在商店出售。$t[购买$h[细绳]时：]商店有$shopchance%几率刷新一个新$h[细绳]。

 $affected的$h[打造]物品触发速度快$p_speed%，还有$chance%的几率复制获得的增益效果。","$h[アドベンチャラー]固有アイテムがショップで売られるようになる $t[$h[結び糸]購入時：]$shopchance%の確率で$h[結び糸]を補充する 

$affectedにある$h[クラフト]アイテムは、使用速度が$p_speed%上がり、$chance%の確率でバフを追加獲得する","$h[모험가] 아이템이 상점에 등장합니다. $t[$h[노끈] 구매 시:] $shopchance%의 확률로 다른 $h[노끈]이 다시 입고됩니다.

$affected에 위치한 $h[제작된] 아이템이 $p_speed% 빠르게 발동하며, $chance%의 확률로 획득하는 버프를 복제합니다.","$h[冒險家]物品將在商店出售。$t[購買$h[細繩]時：]商店有$shopchance%幾率刷新一個新$h[細繩]。

 $affected的$h[打造]物品觸發速度快$p_speed%，還有$chance%的幾率複製獲得的增益效果。","Des objets $h[Aventurier] sont disponibles dans la boutique. $t[$h[Ficelle] achetée :] $shopchance % de chance de réapprovisionner avec une autre $h[Ficelle]. 

 Les objets $h[Fabriqués] $affected se déclenchent $p_speed % plus vite et ont $chance % de chance de dupliquer leurs bonus.","$hПредметы [авантюриста] будут продаваться в магазине. $t[При покупке $h[каната]:] $shopchance% шанс, что в магазине при покупке появился другой $h[канат]. 

 $affected $h[Созданные] предметы срабатывают на $p_speed% чаще и имеют $chance% шанс удвоить получаемые усиления.","$hItens [Aventureiro] estão disponíveis na loja. $t[$h[Barbante] comprado:] $shopchance% de chance de reabastecer com outro $h[Barbante]. 

 Itens $affected $h[Fabricados] ativam $p_speed% mais rápido e têm $chance% de chance de duplicar seus buffs.","Los objetos de $h[aventurero] están disponibles en la tienda. $t[$h[Hilo] comprado:] $shopchance % de probabilidad de reabastecer con otro $h[hilo]. 

 Los objetos $affected $h[fabricados] se activan un $p_speed % más rápido y tienen un $chance % de probabilidad de duplicar sus ventajas."
<!MissingKey:45:Chemist>,Chemist,Chemiker,化学家,ケミスト,화학자,化學家,Chimiste,Химик,Qúimico,Química
<!MissingKey:46:You feel more steely in its presence.>,You feel more steely in its presence.,Man fühlt sich gleich viel stählerner.,在它身边时，你会感觉自己更有钢铁气质。,どのくらい磨いたんだい？制限時間がないゲームだから分からなくて。,근처에 있으면 더 단단한 느낌이 듭니다.,在它身邊時，你會感覺自己更有鋼鐵氣質。,« Acier » pas tous les jours que vous vous sentez aussi solide.,В его присутствии ты чувствуешь себя стальнее.,Você se sente um pouco mais afiado com isso.,Te sientes más firme en su presencia.
<!MissingKey:47:Who told you it's bad to lick a battery?>,Who told you it's bad to lick a battery?,"Wer hat gesagt, es wäre schlecht an Batterien zu lecken?",是谁说舔电池不好？,誰がバッテリーをナメるなって言ったんだい？,배터리를 핥으면 안된다고 누가 그랬죠?,是誰說舔電池不好？,D'où vient cette superstition selon laquelle il ne faut pas lécher piles et batteries ?,"Кто вообще сказал, что лизать батарейку - плохая идея?",Quem disse que lamber bateria era uma má ideia?,¿Quién te dijo que es malo lamer una batería?
UI_Achievement,Achievement unlocked!,Errungenschaft freigeschalten!,已解锁成就！,実績アンロック！,도전과제 해금!,已解鎖成就！,Succès déverrouillé !,Достижение разблокировано!,Conquista desbloqueada!,¡Logro desbloqueado!
<!MissingKey:49:$t[Capturing:] Gain $p_mana $mana. $t[Eliminated:] Inflict $p_poison $poison.>,$t[Capturing:] Gain $p_mana $mana. $t[Eliminated:] Inflict $p_poison $poison.,$t[Schlägt:] Erhalte $p_mana $mana. $t[Wird eliminiert:] Verursache $p_poison $poison.,$t[吃掉其他棋子时：]获得$p_mana点$mana。$t[被吃掉时：]向对手施加$p_poison层$poison。,$t[取る時：]$p_mana $mana を獲得する $t[取られる時：]$p_poison $poison を付与する,$t[포획 시:] $mana를 $p_mana 획득합니다. $t[제거될 시:] $poison을 $p_poison 부여합니다.,$t[吃掉其他棋子時：]獲得$p_mana點$mana。$t[被吃掉時：]向對手施加$p_poison層$poison。,$t[À la capture :] gagnez $p_mana $mana. $t[À l'élimination :] infligez $p_poison $poison.,$t[При захвате:] добавляет $p_mana $mana. $t[При уничтожении:] накладывает $p_poison $poison.,$t[Ao capturar:] Ganha $p_mana $mana. $t[Eliminado:] Inflige $p_poison $poison.,$t[Al capturar:] ganas $p_mana $mana. $t[Al ser eliminado:] infliges $p_poison $poison.
TUTORIAL_Skill,"Pick one $h[Skill]! I will offer different ones next time, but always on the same round!","Wähle einen davon! Die Auswahl wird jedes mal anders sein, aber immer in der selben Runde!",选择一个$h[技能]！下次我搞点不一样的。,ひとつ$h[スキル]を選んでね！次は違うスキルを並べるけど、スキルを選ぶのはいつも同じラウンドだよ！,"$h[스킬]을 하나 선택하세요! 다음에는 다른 스킬들이겠지만, 항상 동일한 라운드에 제공됩니다!",選擇一個$h[技能]！下次我搞點不一樣的。,"Choisissez une $h[Compétence] ! Je vous en proposerai d'autres la prochaine fois, mais toujours dans le même tour !","Выберите одну $h[способность]! В следующий раз будут другие, но на этом же раунде!","Escolha uma $h[Habilidade]! Vou oferecer outras da próxima vez, mas sempre na mesma rodada!","¡Elige una $h[habilidad]! La próxima vez ofreceré otras, pero siempre en la misma ronda."
<!MissingKey:51:$chance% chance to duplicate buffs gained \~($bag).>,$chance% chance to duplicate buffs gained \~($bag).,$chance% Chance erzeugte Buffs zu duplizieren\~($bag).,有$chance%的几率$h[复制]获得的增益效果（$bag）。,$chance%の確率でバフを追加獲得する（$bag）,$chance%의 확률로 획득하는 버프를 복제합니다 \~($bag).,有$chance%的幾率$h[複製]獲得的增益效果（$bag）。,$chance % de chance de dupliquer les bonus gagnés ($bag).,$chance% шанс [удвоить] получаемые усиления ($bag).,$chance% de chance de duplicar os buffs ganhos ($bag).,$chance % de probabilidad de duplicar las ventajas recibidas ($bag).
"<!MissingKey:52:What house do I belong to? And don't say ""insane asylum"" again or I'll throw you out.>","What house do I belong to? And don't say ""insane asylum"" again or I'll throw you out.","Lieber Hut, in welches Haus gehöre ich? Und wenn du nochmal ""Irrenhaus"" sagst, muss ich mir wohl einen neuen Hut kaufen.",你是那个学院的？再说“疯人院”我把你丢出去。,キミは勇気と大胆さを兼ね備えているんだね。じゃあキミの寮は社員寮とかかな。,"어느 학파 출신이냐고 물어봤을 때 ""유학파""라는 말은 좋은 답변이 아닌 것 같습니다.",你是那個學院的？再說“瘋人院”我把你丟出去。,"Où devrais-je être envoyé ? Si vous me dites « Chez les fous », je vous mets à la porte.","А в какой факультет я попаду? Даже не думай снова сказать «психушка», а не то выкину тебя!","Que casa eu pertenço? E não diga ""asilo psiquiátrico"" de novo, senão eu te jogo pra fora.",¿A qué casa pertenezco? Y no digas «manicomio» otra vez o te saco a patadas.
"<!MissingKey:53:You can become a power plant, too! For the future!!>","You can become a power plant, too! For the future!!",Auch du kannst ein Kraftwerk werden! Für die Zukunft!!,你也可以成为一座发电厂！为了未来！！,今日からキミは…発電所だ！,여러분도 발전소가 될 수 있습니다! 미래를 위해!!,你也可以成為一座發電廠！為了未來！！,Vous pouvez également devenir une centrale électrique ! Pour la planète !,Ты тоже можешь стать электростанцией! Ради светлого будущего!!!,Você também pode se tornar um gerador de energia! Por um futuro melhor!!,¡Tú también puedes convertirte en una central eléctrica! ¡Para el futuro!
UI_LoadSnapshot,Restored ‘{slot}’,Wiederhergestellt aus ‘{slot}’,载入‘{slot}’,「スロット{slot}」を読み込みました,‘{slot}’ 복구,載入‘{slot}’,Restauration de « {slot} »,Восстановлено в «{slot}»,Restaurado ‘{slot}’,Restaurado en «{slot}»
"<!MissingKey:55:You have a chance to resist critical hits, making them non-critical.>","You have a chance to resist critical hits, making them non-critical.","Du hast eine Chance, kritischen Treffer zu widerstehen. Sie sind dann nicht mehr kritisch.",你有几率抵抗暴击，使暴击变为非暴击。,一定確率でクリティカルヒットを防止し、クリティカルでなくなる,치명타에 저항해 치명타가 아닌 공격으로 만들 확률을 지닙니다.,你有幾率抵抗暴擊，使暴擊變為非暴擊。,"Vous avez une chance de résister aux coups critiques, les rendant non critiques.","У вас есть шанс проигнорировать успешный критический удар противника, сделав его обычным ударом.","Você tem uma chance de resistir a acertos críticos, tornando-os não-críticos.","Tienes una probabilidad de resistir golpes críticos, haciéndolos no críticos."
"<!MissingKey:56:Don't worry, it's the current that kills you, not the voltage. Or was it the other way around? You'll be fine!>","Don't worry, it's the current that kills you, not the voltage. Or was it the other way around? You'll be fine!","Keine Sorge, es ist die Spannung, die einen umbringt, nicht die Stromstärke. Oder? Nein! Andersrum? Aaach, wird schon gut gehen.",别担心，杀死你的是电流，不是电压。还是反过来？总之你会没事的！,大丈夫。電圧がかかっても、電流が流れなければ死なないから。あれ？逆だっけ？…まあ大丈夫だよ！,"걱정하지 마세요, 위험한 건 전압이 아니라 전류입니다. 아닌가? 반대였나? 암튼 괜찮아요!",別擔心，殺死你的是電流，不是電壓。還是反過來？總之你會沒事的！,"Ne vous inquiétez pas, c'est le courant qui vous tue, pas la tension. Ou était-ce l'inverse ? Tout ira bien !","Не переживай, убивает ток, а не напряжение. Или наоборот? Да ладно, прорвемся!","Não se preocupa, é a corrente que te mata, não a voltagem. Ou era o contrário? Enfim, você vai ficar bem!","No te preocupes, es la corriente la que te mata, no el voltaje. ¿O era al revés? ¡Estarás bien!"
<!MissingKey:57:A wise tradition in this land is for the king to marry the strongest warrior in his lands. It has proven valuable time and time again.>,A wise tradition in this land is for the king to marry the strongest warrior in his lands. It has proven valuable time and time again.,"Es ist eine gute Tradition für den König, den stärksten Krieger des Landes zu heiraten. Es ist immer wieder nützlich.",这里的传统就是王国与最强力战士联姻。这个传统一直延续了下来。,この土地に伝わる賢い伝統として、キングは最強の戦士と結婚するんだ。これは何度も何度も本当だと証明されてきたんだよ。,"왕과, 그 땅에서 가장 강한 전사가 결혼하는 것은 오랜 시간 동안 거듭해서 증명되어온 가장 현명한 전통입니다.",這裡的傳統就是王國與最強力戰士聯姻。這個傳統一直延續了下來。,Une sage tradition dans ce pays veut que le roi épouse la guerrière la plus forte de son royaume. Cette tradition a fait ses preuves à maintes reprises.,"На этой земле мудрая традиция — король женится на сильнейшем воине. И, знаете, это работает отлично.",Uma sábia tradição nesta terra é que o rei se case com a guerreira mais forte de suas terras. Isso tem se mostrado valioso repetidamente.,"En estas tierras, la tradición sabia es que el rey se case con la guerrera más fuerte. Siempre ha funcionado."
"<!MissingKey:58:The Thor owning the hammer isn't a god, but if you tell him he is, he won't be mad you took his tool.>","The Thor owning the hammer isn't a god, but if you tell him he is, he won't be mad you took his tool.","Der Thor, dem diese Hammer gehört, ist kein Gott. Aber wenn du ihm sagst, er wär einer, leiht er dir auf jeden Fall seinen Hammer.",拿锤子的托尔不是神，但如果你告诉他是，他也不会因为你拿走他的工具而生气。,持ち主のトールさんは神様じゃない。ただのおじさんだよ。,"망치를 가진 토르는 신이 아니지만, 하지만 그에게 신이라고 말해준다면, 그의 도구를 가져가도 딱히 화내지 않을 겁니다.",拿錘子的托爾不是神，但如果你告訴他是，他也不會因為你拿走他的工具而生氣。,"Entre nous, ce Thor, le type au marteau, n'est pas vraiment un dieu, mais si vous jouez le jeu, il ne vous en voudra pas d'avoir pris son outil.","Тот Тор с молотом - вовсе не бог. Но пока зовешь его богом, он закроет глаза на кражу его инструментов.","Thor, o dono desse martelo, não é um deus. Mas, se você o chamar assim, ele não vai ficar bravo por você ter pego o martelo dele.","El Thor que posee el martillo no es un dios, pero si le dices que lo es, no se enojará porque le quitaste la herramienta."
"<!MissingKey:59:$t[$p1 $affected item activations:] If you have less than $p_staminat stamina, regenerate $p_stamina stamina. Otherwise, gain $p_regen $regen.>","$t[$p1 $affected item activations:] If you have less than $p_staminat stamina, regenerate $p_stamina stamina. Otherwise, gain $p_regen $regen.","$t[$p1 $affected Gegenstand-Aktivierungen:] Wenn du weniger als $p_staminat Ausdauer hast, regneriere $p_stamina Ausdauer. Ansonsten erhalte $p_regen $regen.",$t[$affected的物品激活达到$p1次：]如果你的耐力低于$p_staminat点，则恢复$p_stamina点耐力。否则获得$p_regen层$regen。,$t[$affectedにあるアイテム$p1回発動時：]スタミナが$p_staminat未満の場合、スタミナを$p_stamina回復する。そうでない場合、$p_regen $regen を獲得する,"$t[$affected에 위치한 아이템이 $p1회 발동 시:] 보유한 스태미나가 $p_staminat보다 적다면, 스태미나를 $p_stamina 회복합니다. 아니라면, $regen을 $p_regen 획득합니다.",$t[$affected的物品啟動達到$p1次：]如果你的耐力低於$p_staminat點，則恢復$p_stamina點耐力。否則獲得$p_regen層$regen。,"$t[En activant l'objet $p1 $affected :] si votre endurance est inférieure à $p_staminat d'endurance, régénérez $p_stamina d'endurance. Autrement, gagnez $p_regen $regen.","$t[После $p1 срабатываний $affected предметов:] если у героя меньше $p_staminat энергии, восстанавливает $p_stamina энергии. В ином случае добавляет $p_regen $regen.","$t[$p1 ativações de item $affected:] Se você tiver menos que $p_staminat de vigor, regenera $p_stamina de vigor. Caso contrário, ganha $p_regen $regen.","$t[Al activar $p1 $affected objetos:] Si tienes menos de $p_staminat de resistencia, recupera $p_stamina de resistencia. Si no, obtiene $p_regen $regen."
<!MissingKey:60:Chainsaw>,Chainsaw,Kettensäge,电锯,チェーンソー,전기톱,電鋸,Tronçonneuse,Бензопила,Motosserra,Motosierra
<!MissingKey:61:Cupcake Staff>,Cupcake Staff,Törtchenstab,杯糕法杖,カップケーキの杖,컵케이크 지팡이,杯糕法杖,Bâton petit gâteau,Модный посох,Cajado de Cupcake,Bastón magdalena
"<!MissingKey:62:Magic rings are like a box of chocolates, eating too much is bad for you.>","Magic rings are like a box of chocolates, eating too much is bad for you.","Magische Ringe sind wie eine Schachtel Pralinen - isst man zu viele davon, ist es ungesund.",魔法戒指就像一盒巧克力，吃太多对你不好。,魔法の指輪はチョコレートの入った箱のようなもの。食べ過ぎると鼻血が出る。,"마법 반지는 초콜릿 상자와 같아서, 너무 많이 먹으면 탈이 난답니다.",魔法戒指就像一盒巧克力，吃太多對你不好。,"Les anneaux magiques, c'est comme une boîte de chocolats, il ne faut pas en abuser.",Магические кольца как коробка конфет: переешь - станет плохо.,"Anéis mágicos são como caixas de bombons, se você comer demais, acaba passando mal.","Los anillos mágicos son como una caja de bombones, comer demasiado te hará mal."
UI_AllModes,All Modes,Alle Modi,所有模式,全モード,모든 모드,所有模式,Tous les modes,Все режимы,Todos os Modos,Todos los modos
"<!MissingKey:64:$t[After $cd1s:] Use $p_luckt $lucky, gain $p_heat $heat + $p_heat_bonus $heat per $affected $fire-item. $t[After $cd2s:] Use $p_heatt $heat, gain $p_spikes $spikes + $p_spikes_bonus $spikes per $affected $nature-item. $t[After $cd3s:] Use $p_spikest $spikes, gain $p_regen $regen + $p_regen_bonus $regen per $affected $holy-item. $t[After $cd4s:] Use $p_regent $regen, gain $p_vampirism $vampirism + $p_vamp_bonus $vampirism per $affected $vampiric-item. $t[After $cd5s:] Use $p_vampt $vampirism, gain $p_empower $empower + $p_empower_bonus $empower per $affected $engineer-item.>","$t[After $cd1s:] Use $p_luckt $lucky, gain $p_heat $heat + $p_heat_bonus $heat per $affected $fire-item. $t[After $cd2s:] Use $p_heatt $heat, gain $p_spikes $spikes + $p_spikes_bonus $spikes per $affected $nature-item. $t[After $cd3s:] Use $p_spikest $spikes, gain $p_regen $regen + $p_regen_bonus $regen per $affected $holy-item. $t[After $cd4s:] Use $p_regent $regen, gain $p_vampirism $vampirism + $p_vamp_bonus $vampirism per $affected $vampiric-item. $t[After $cd5s:] Use $p_vampt $vampirism, gain $p_empower $empower + $p_empower_bonus $empower per $affected $engineer-item.","$t[Nach $cd1s:] Nutze $p_luckt $lucky, erhalte $p_heat $heat  \~+ $p_heat_bonus $heat pro $affected $fire-Gegenstand. $t[Nach $cd2s:] Nutze $p_heatt $heat, erhalte $p_spikes $spikes \~+ $p_spikes_bonus $spikes pro $affected $nature-Gegenstand. $t[Nach $cd3s:] Nutze $p_spikest $spikes, erhalte $p_regen $regen \~+ $p_regen_bonus $regen pro $affected $holy-Gegenstand. $t[Nach $cd4s:] Nutze $p_regent $regen, erhalte $p_vampirism $vampirism \~+ $p_vamp_bonus $vampirism pro $affected $vampiric-Gegenstand. $t[Nach $cd5s:] Nutze $p_vampt $vampirism, erhalte $p_empower $empower \~+ $p_empower_bonus $empower pro $affected $engineer-Gegenstand.",$t[$cd1s后：]消耗$p_luckt点$lucky，获得$p_heat层$heat，每有一个$affected的$fire物品额外获得$p_heat_bonus层$heat。$t[$cd2s后：]消耗$p_heatt点$heat，获得$p_spikes点$spikes，每有一个$affected的$nature物品额外获得$p_spikes_bonus点$spikes。$t[$cd3s后：]消耗$p_spikest点$spikes，获得$p_regen层$regen，每有一个$affected的$holy物品额外获得$p_regen_bonus层$regen。$t[$cd4s后：]消耗$p_regent层$regen，获得$p_vampirism点$vampirism，每有一个$affected的$vampiric物品额外获得$p_vamp_bonus点$vampirism。$t[$cd5s后：]消耗$p_vampt点$vampirism，获得$p_empower层$empower，每有一个$affected的$engineer物品额外获得$p_empower_bonus层$empower。,$t[$cd1秒後：]$p_luckt $lucky を消費して、$p_heat $heat を獲得する（$affectedにある $fire アイテム1個につき +$p_heat_bonus $heat）$t[$cd2秒後：]$p_heatt $heat を消費して、$p_spikes $spikes を獲得する（$affectedにある $nature アイテム1個につき +$p_spikes_bonus $spikes）$t[$cd3秒後：]$p_spikest $spikes を消費して、$p_regen $regen を獲得する（$affectedにある $holy アイテム1個につき +$p_regen_bonus $regen）$t[$cd4秒後：]$p_regent $regen を消費して、$p_vampirism $vampirism を獲得する（$affectedにある $vampiric アイテム1個につき +$p_vamp_bonus $vampirism）$t[$cd5秒後：]$p_vampt $vampirism を消費して、$p_empower $empower を獲得する（$affectedにある $engineer アイテム1個につき +$p_empower_bonus $empower,"$t[$cd1초 후:] $lucky을 $p_luckt 사용해 $heat를 $p_heat 획득하고, $affected에 위치한 $fire 아이템마다 $heat를 추가로 $p_heat_bonus 획득합니다. $t[$cd2초 후:] $heat를 $p_heatt 사용해 $spikes를 $p_spikes 획득하고, $affected에 위치한 $nature 아이템마다 $spikes를 추가로 $p_spikes_bonus 획득합니다. $t[$cd3초 후:] $spikes를 $p_spikest 사용해 $regen을 $p_regen 획득하고, $affected에 위치한 $holy 아이템마다 $regen을 추가로 $p_regen_bonus 획득합니다. $t[$cd4초 후:] $regen을 $p_regent 사용해 $vampirism을 $p_vampirism 획득하고, $affected에 위치한 $vampiric 아이템마다 $vampirism을 추가로 $p_vamp_bonus 획득합니다. $t[$cd5초 후:] $vampirism을 $p_vampt 사용해 $empower를 $p_empower 획득하고, $affected에 위치한 $engineer 아이템마다 $empower를 추가로 $p_empower_bonus 획득합니다.",$t[$cd1s後：]消耗$p_luckt點$lucky，獲得$p_heat層$heat，每有一個$affected的$fire物品額外獲得$p_heat_bonus層$heat。$t[$cd2s後：]消耗$p_heatt點$heat，獲得$p_spikes點$spikes，每有一個$affected的$nature物品額外獲得$p_spikes_bonus點$spikes。$t[$cd3s後：]消耗$p_spikest點$spikes，獲得$p_regen層$regen，每有一個$affected的$holy物品額外獲得$p_regen_bonus層$regen。$t[$cd4s後：]消耗$p_regent層$regen，獲得$p_vampirism點$vampirism，每有一個$affected的$vampiric物品額外獲得$p_vamp_bonus點$vampirism。$t[$cd5s後：]消耗$p_vampt點$vampirism，獲得$p_empower層$empower，每有一個$affected的$engineer物品額外獲得$p_empower_bonus層$empower。,"$t[Après $cd1 s :] utilisez $p_luckt $lucky, gagnez $p_heat $heat + $p_heat_bonus $heat par objet $fire $affected. $t[Après $cd2 s :] utilisez $p_heatt $heat, gagnez $p_spikes $spikes + $p_spikes_bonus $spikes par objet $nature $affected. $t[Après $cd3 s :] utilisez $p_spikest $spikes, gagnez $p_regen $regen + $p_regen_bonus $regen par objet $holy $affected. $t[Après $cd4 s :] utilisez $p_regent $regen, gagnez $p_vampirism $vampirism + $p_vamp_bonus $vampirism par objet $vampiric $affected. $t[Après $cd5 s :] utilisez $p_vampt $vampirism, gagnez $p_empower $empower + $p_empower_bonus $empower par objet $engineer $affected.",$t[Через $cd1 сек.:] использует $p_luckt $lucky и добавляет $p_heat $heat + $p_heat_bonus $heat за каждый $affected $fire-предмет. $t[Через $cd2 сек.:] использует $p_heatt $heat и добавляет $p_spikes $spikes + $p_spikes_bonus $spikes за каждый $affected $nature-предмет. $t[Через $cd3 сек.:] использует $p_spikest $spikes и добавляет $p_regen $regen + $p_regen_bonus $regen за каждый $affected $holy-предмет. $t[Через $cd4 сек.:] использует $p_regent $regen и добавляет $p_vampirism $vampirism + $p_vamp_bonus $vampirism за каждый $affected $vampiric-предмет. $t[Через $cd5 сек.:] использует $p_vampt $vampirism и добавляет $p_empower $empower + $p_empower_bonus $empower за каждый $affected $engineer-предмет.,"$t[Após $cd1 s:] Usa $p_luckt $lucky, ganha $p_heat $heat + $p_heat_bonus $heat por item-$fire $affected. $t[Após $cd2 s :] Usa $p_heatt $heat, ganha $p_spikes $spikes + $p_spikes_bonus $spikes por cada item-$nature $affected. $t[Após $cd3 s:] Usa $p_spikest $spikes, ganha $p_regen $regen + $p_regen_bonus $regen por cada item-$holy $affected. $t[Após$cd4 s:] Usa $p_regent $regen, ganha $p_vampirism $vampirism + $p_vamp_bonus $vampirism por cada item-$vampiric $affected. $t[Após $cd5 s:] Usa $p_vampt $vampirism, ganha $p_empower $empower + $p_empower_bonus $empower por cada item-$engineer $affected.","$t[Tras $cd1 s:] Usa $p_luckt $lucky, obtiene $p_heat $heat + $p_heat_bonus $heat por $affected objeto de $fire. $t[Tras $cd2 s:] Usa $p_heatt $heat, obtiene $p_spikes $spikes + $p_spikes_bonus $spikes por $affected objeto de $nature. $t[Tras $cd3 s:] Usa $p_spikest $spikes, obtiene $p_regen $regen + $p_regen_bonus $regen por $affected objeto de $holy. $t[Tras $cd4 s:] Usa $p_regent $regen, obtiene $p_vampirism $vampirism + $p_vamp_bonus $vampirism por $affected objeto de $vampiric. $t[Tras $cd5 s:] Usa $p_vampt $vampirism, obtiene $p_empower $empower + $p_empower_bonus $empower por $affected objeto de $engineer."
<!MissingKey:65:Mined from the shimmering wings of the terrible Bismoth.>,Mined from the shimmering wings of the terrible Bismoth.,In gefährlicher Handarbeit von den Flügeln der noch lebenden Bismotte abgebaut.,从可怕的铋蛾闪闪发光的翅膀中开采而来。,見る角度によって色が変わるんだ。毒性もないから安心して。,끔찍한 비스모스의 반짝이는 날개에서 채굴되었습니다.,從可怕的鉍蛾閃閃發光的翅膀中開採而來。,Extrait des ailes scintillantes d'une terrible créature !,Добыто из сияющих крыльев ужасного Бисмота.,Minerado das asas brilhantes do terrível Bismoth.,Extraído de las alas brillantes del terrible Bismoth.
UI_SaveSnapshot,Stored to ‘{slot}’,Gespeichert in ‘{slot}’,储存到‘{slot}’,「スロット{slot}」に保存しました,‘{slot}’에 저장,儲存到‘{slot}’,Conservation dans « {slot} »,Сохранено в «{slot}»,Armazenado em ‘{slot}’,Guardado en «{slot}»
,,,,,,,,,,
"<!MissingKey:68:My favorite book is ""How to tame a Langolier"".>","My favorite book is ""How to tame a Langolier"".","Mein Lieblingsbuch ist ""Langoliers zähmen leicht gemacht"".",谁的宠物？到处咬人！,近くにある目玉を矢で射抜けばおとなしくなるよ。,"제가 가장 좋아하는 책은 ""랭고리얼 길들이는 법""입니다.",誰的寵物？到處咬人！,Mon livre préféré c'est « Dresseur de langolier ».,Моя любимая книга — «Как приручить лангольера».,"Meu livro favorito é ""Como domar um Langolier"".",Mi libro favorito es «Cómo domesticar un Langolier».
<!MissingKey:69:Just click your heels together 90 times to gain mana.>,Just click your heels together 90 times to gain mana.,"Einfach mit den Hacken schlagen, so 90 mal, und schon ist das Mana da.",只要把脚跟点地90次就能获得法力。,かかとを90回鳴らすとマナをくれるよ。,마나를 얻으려면 발뒤꿈치를 90번만 부딪히면 됩니다.,只要把腳跟點地90次就能獲得法力。,Il suffit de claquer des talons 90 fois pour gagner du mana.,Просто цокни каблуками 90 раз и мана твоя! Легкотня.,Bata os calcanhares 90 vezes para ganhar mana.,Haz clic con los talones 90 veces para ganar maná.
<!MissingKey:70:$t[On hit:] Use $p_manat $mana: >,"$t[On hit:] Use $p_manat $mana: 
Inflict $p_blind $blind for $p4s. $chance% chance to $stun[stun] your opponent for $p2s. Cleanse $p_cleanse debuffs. $t[Health drops below $p_healtht%:] \~Gain $block $bl, reduce damage taken by $p_dmgreduction% for $p8s, $affected items trigger $p_speed% faster and gain $chance2% chance to duplicate $mana (once).","$t[Bei Treffer:] Nutze $p_manat $mana: 
 Verursache $p_blind $blind für $p4s. \~$chance% Chance, für $p2s $stun[Benommenheit] zu verursachen. \~Entferne $p_cleanse Debuffs. $t[Leben fällt unter $p_healtht%:] \~Erhalte $block $bl, reduziere eingehenden Schaden für $p8s \~um $p_dmgreduction%, $affected Gegenstände aktivieren $p_speed% schneller und erhalten $chance2% Chance $mana zu duplizieren (einmalig).","$t[击中对手：]消耗$p_manat点$mana：
向对手施加$p_blind层$blind，持续$p4s。有$chance%的几率$stun[眩晕]对手，持续$p2s。净化$p_cleanse个减益效果。$t[生命值低于$p_healtht%时：]获得$block点$bl，使受到的伤害减少$p_dmgreduction%，持续$p8s，$affected的物品触发速度快$p_speed%，并且有$chance2%的几率复制获得的$mana（单次触发）。","$t[ヒット時：]$p_manat $mana を消費して、
$p4秒間$p_blind $blind を付与する。$chance%の確率で相手を$p2秒間$stun[スタン]させる。$p_cleanseデバフを解除する$t[体力が$p_healtht%未満に低下時：]$block $bl を獲得し、$p8秒間受けるダメージを$p_dmgreduction%減らし、$affectedにあるアイテムの使用速度が$p_speed%上がり、$mana を追加獲得する確率が$chance2%上がる（1回のみ）","$t[적중 시:] $mana를 $p_manat 사용: $p4초 동안 $blind을 $p_blind 부여하고 $chance%의 확률로 상대를 $p2초 동안 $stun[기절]시킵니다. 디버프를 $p_cleanse개 제거합니다. $t[체력이 $p_healtht% 아래로 떨어질 시:] $bl를 $block 획득하고, $p8초 동안 받는 피해가 $p_dmgreduction% 감소하고, $affected에 위치한 아이템이 $p_speed% 빠르게 발동하고 $chance2%의 확률로 획득하는 $mana를 복제합니다 (한 번).","$t[擊中對手：]消耗$p_manat點$mana：
向對手施加$p_blind層$blind，持續$p4s。有$chance%的機率$stun[暈眩]對手，持續$p2s。淨化$p_cleanse個減益效果。$t[生命值低於$p_healtht%時：]獲得$block點$bl，使受到的傷害減少$p_dmgreduction%，持續$p8s，$affected的物品觸發速度快$p_speed%，並且有$chance2%的幾率複製獲得的$mana（單次觸發）。","$t[Par coup :] utilisez $p_manat $mana : 
infligez $p_blind $blind pendant $p4 s. $chance % de chance d'$stun[étourdir] votre adversaire pendant $p2 s. Purgez $p_cleanse malus. $t[PV inférieurs à $p_healtht % :] gagnez $block $bl, réduisez les dégâts subis de $p_dmgreduction % pendant $p8 s, les objets $affected se déclenchent $p_speed % plus vite et gagnez $chance2 % de chance de dupliquer $mana (une fois).","$t[При попадании:] использует $p_manat $mana: 
накладывает на противника $p_blind $blind на $p4 сек. $chance% шанс $stun[оглушить] противника на $p2 сек. Снимает до $p_cleanse негативных эффектов. $t[Когда здоровье героя ниже $p_healtht%:] добавляет $block $bl, снижает получаемый урон на $p_dmgreduction% в течение $p8 сек., $affected предметы срабатывают на $p_speed% чаще и есть $chance2% удвоить $mana (один раз за бой).","$t[Ao acertar:] Usa $p_manat $mana: 
Inflige $p_blind $blind por $p4 s. $chance% de chance de $stun[atordoar] seu oponente por $p2 s. Purifica $p_cleanse debuffs. $t[Vida abaixo de $p_healtht%:] Ganha $block $bl, diminui o dano sofrido em $p_dmgreduction% por $p8 s, itens $affected ativam $p_speed% mais rápido e ganham $chance2% de chance de duplicar $mana (uma vez).","$t[Al golpear:] Usa $p_manat $mana: 
Inflige $p_blind $blind durante $p4 s. $chance % de probabilidad de $stun[aturdir] al oponente durante $p2 s. Purga $p_cleanse desventajas. $t[PS caen por debajo del $p_healtht %:] Obtiene $block $bl, reduce el daño recibido un $p_dmgreduction % durante $p8 s, los $affected objetos se activan un $p_speed % más rápido y obtiene un $chance2 % de probabilidad de duplicar $mana (una vez)."
<!MissingKey:71:All nice and toasty.>,All nice and toasty.,Kusprig = besser.,烤得刚刚好。,戦闘不能になってもトーストにならないなんて珍しいね。,아주 멋지게 바삭바삭합니다.,烤得剛剛好。,"Tout beau, tout chaud.",Тепленький и поджаристый.,Torradinho e crocantinho.,Todo agradable y tostado.
,,,,,,,,,,
"<!MissingKey:73:$t[On hit:] Gain $p_dam damage. Destroy $p_blockremoval $bl for each $affected free slot or item gaining $bl. If there is no $bl to destroy, gain it instead. >","$t[On hit:] Gain $p_dam damage. Destroy $p_blockremoval $bl for each $affected free slot or item gaining $bl. If there is no $bl to destroy, gain it instead. 

 $affected items give +$p_blockfactor% $bl.","$t[Bei Treffer:] Erhöhe den Schaden um $p_dam. Zerstöre $p_blockremoval $bl pro $affected freiem Feld oder Gegenstand, der $bl erzeugt. Wenn kein $bl mehr zerstört werden kann, erhalte es stattdessen. 

 $affected Gegenstände erzeugen +$p_blockfactor% $bl.","$t[击中对手：]获得$p_dam点伤害加成。每有一个$affected的空槽位或获得$bl的物品，摧毁$p_blockremoval点$bl。如果没有$bl可摧毁，则改为获得这些$bl。

$affected的物品提供的$bl+$p_blockfactor%。","$t[ヒット時：]ダメージ値が$p_dam増える。$affectedにある空きスロットまたは $bl を獲得するアイテム1個につき$p_blockremoval $bl を破壊する。相手に破壊する $bl がない場合、代わりに $bl を獲得する

$affectedにあるアイテムの $bl +$p_blockfactor%","$t[적중 시:] 가하는 피해가 $p_dam 증가합니다. $affected에 위치한 빈 슬롯이나 $bl를 제공하는 아이템 하나마다, $bl를 $p_blockremoval 파괴합니다. 파괴할 $bl가 없다면, 그 대신 획득합니다.

$affected에 위치한 아이템이 $bl를 $p_blockfactor% 추가로 제공합니다.","$t[擊中對手：]獲得$p_dam點傷害加成。每有一個$affected的空槽位或獲得$bl的物品，摧毀$p_blockremoval點$bl。如果沒有$bl可摧毀，則改為獲得這些$bl。

$affected的物品提供的$bl+$p_blockfactor%。","$t[Par coup :] gagnez $p_dam de dégâts. Détruisez $p_blockremoval $bl pour chaque emplacement libre $affected ou objet gagnant $bl. S'il n'y a pas de $bl à détruire, gagnez-en à la place. 

 Les objets $affected donnent +$p_blockfactor % $bl.","$t[При попадании:] получает +$p_dam ед. к урону. Разрушает $p_blockremoval $bl за каждый пустой $affected слот или предмет, получивший $bl. Если $bl не осталось, то вместо этого добавляет $bl. 

 $affected предметы получают +$p_blockfactor% $bl.","$t[Ao acertar:] Ganha $p_dam de dano. Destrói $p_blockremoval $bl por cada espaço livre ou item $affected ganhando $bl. Se não houver $bl a ser destruído, será recebido em vez disso. 

 Itens $affected dão + $p_blockfactor% $bl.","$t[Al golpear:] Obtiene $p_dam de daño. Destruye $p_blockremoval $bl por cada $affected espacio libre u objeto que obtenga $bl. Si no hay $bl para destruir, obtenlo en su lugar. 

 $affected objetos dan +$p_blockfactor % $bl."
<!MissingKey:74:Pray to the mighty Broccotree!>,Pray to the mighty Broccotree!,Bete zum mächtigen Brokkobaum!,向伟大的西兰花树祈祷吧！,偉大なるブロッコツリー様に祈りを捧げよ！,강력한 브로코트리에게 경배를!,向偉大的西蘭花樹祈禱吧！,Le puissant brocolarbre soit loué !,Молись великому Древокколи!,Reze para a poderosa Brocórvore!,¡Reza al todopoderoso Brocoárbol!
<!MissingKey:75:Arcane Vision>,Arcane Vision,Arkane Sicht,魔法视觉,魔眼,비전 시야,魔法視覺,Vision arcanique,Тайное зрение,Visão Arcana,Visión arcana
<!MissingKey:76:Chance-based effects of the $affected items are $p_chance% more likely to trigger. $t[After $cds:] Gain $p_buffs buffs of the type of which you have the most.>,Chance-based effects of the $affected items are $p_chance% more likely to trigger. $t[After $cds:] Gain $p_buffs buffs of the type of which you have the most.,"Zufallseffekte der $affected Gegenstände sind $p_chance% wahrscheinlicher. $t[Nach $cds:] Erhalte $p_buffs Buffs vom Typ, von dem du am meisten hast.",基于几率触发的$affected的物品获得$p_chance%触发几率加成。$t[$cds后：]获得$p_buffs层你现有最多的增益效果。,$affectedにあるアイテムの確率に基づく効果の発動確率が$p_chance%上がる $t[$cd秒後：]一番多いバフを$p_buffs獲得する,$affected에 위치한 확률 기반 효과를 지닌 아이템의 발동 확률이 $p_chance% 증가합니다. $t[$cd초 후:] 보유한 버프 중 가장 많은 버프를 $p_buffs 획득합니다.,基於幾率觸發的$affected的物品獲得$p_chance%觸發幾率加成。$t[$cds後：]獲得$p_buffs層你現有最多的增益效果。,Les effets de type chance des objets $affected ont $p_chance % de chances supplémentaires de se déclencher. $t[Après $cd s :] gagnez $p_buffs bonus du type dont vous disposez le plus.,"Вероятность срабатывания эффектов $affected предметов с шансом активации эффекта повышается на $p_chance%. $t[Через $cd сек.:] добавляет до $p_buffs усилений того типа, которых у героя больше всего.",Efeitos baseados em chance dos itens $affected têm $p_chance% mais chance de ativar. $t[Após $cd s:] Ganha $p_buffs buffs do tipo que você tem em maior quantidade.,Los efectos basados en probabilidad de los objetos $affected tienen un $p_chance % más probabilidad de activarse. $t[Después de $cd s:] obtienes $p_buffs ventajas del tipo que más tengas.
<!MissingKey:77:$t[On hit:] Reduce stamina cost by $p_stamina%. $chance% chance to steal a random buff.>,$t[On hit:] Reduce stamina cost by $p_stamina%. $chance% chance to steal a random buff.,"$t[Bei Treffer:]\~ Reduziere Ausdauerkosten um $p_stamina%.\~ $chance% Chance, einen Buff zu stehlen.",$t[击中对手：]耐力消耗减少$p_stamina%。有$chance%的几率偷取一层随机增益效果。,$t[ヒット時：]スタミナ消費値 -$p_stamina%。$chance%の確率で1バフを奪う,$t[적중 시:] 스태미나 비용이 $p_stamina%만큼 감소합니다. $chance%의 확률로 무작위 버프를 빼앗습니다.,$t[擊中對手：]耐力消耗減少$p_stamina%。有$chance%的幾率偷取一層隨機增益效果。,$t[Par coup :] réduit le coût d'endurance de $p_stamina %. $chance % de chances de voler un bonus aléatoire.,$t[При попадании:] затрата энергии снижается на $p_stamina%. $chance% шанс украсть у противника случайное усиление.,$t[Ao acertar:] Reduz o custo de vigor em $p_stamina%. $chance% de chance de roubar um buff aleatório.,$t[Al golpear:] reduces el costo de resistencia un $p_stamina %. $chance % de probabilidad de robar una ventaja al azar.
"<!MissingKey:78:Out of all vegetables, this one is a real bro.>","Out of all vegetables, this one is a real bro.",Von allen Gemüsesorten ist nur er ein richtiger Bro.,蔬菜中的Bro。,花言葉は「小さな幸せ」だよ。まさにその通りだね。,"이게 ""진짜"" 야채입니다.",蔬菜中的Bro。,"Je suis tout vert et le préféré des enfants, je suis… le brocoli, évidemment.",Из всех овощей этот — настоящий бро.,"De todos os vegetais, esse aqui é um verdadeiro irmão.","De todas las verduras, esta es un gran amigo."
<!MissingKey:79:Damage taken reduced by {amount} for {duration}s ({origin}).>,Damage taken reduced by {amount} for {duration}s ({origin}).,,受到的伤害减少{amount}，持续{duration}s（{origin}）。,{duration}秒間、受けるダメージが{amount}減った（{origin}）。,{duration}초 동안 {amount}만큼 받는 피해가 감소함 ({origin}).,受到的傷害減少{amount}，持續{duration}s（{origin}）。,Dégâts subis réduits de {amount} pendant {duration} s ({origin}).,Получаемый урон снижается на {amount} в течение {duration} сек. ({origin}).,Dano sofrido reduzido em {amount} por {duration} s ({origin}).,Daño recibido reducido en {amount} durante {duration} s ({origin}).
"<!MissingKey:80:Spoopy ghost stories, basically.>","Spoopy ghost stories, basically.","Gruselige Geistergeschichten, oder so.",里面都是鬼故事。,暴れたら背表紙をなでてあげてね。,"기본적으로는, 유령이 나오는 으스스한 이야기책입니다.",裡面都是鬼故事。,C'est surtout des histoires de fantômes qui font peur.,Просто страшилки про призраков. Криповые страшилки.,"Histórias de fantasmas assustadoras, basicamente.","Historias de fantasmas que asustan, básicamente."
"<!MissingKey:81:It hunts at day, because it glows in the dark.>","It hunts at day, because it glows in the dark.","Sie jagt am Tag, weil sie im Dunkeln leuchtet.",和其他猫不同，它是一只“白猫子”。,昼間に狩りをするんだ。夜だと光っちゃうからね。,"어둠 속에서 밝게 빛나기 때문에, 낮에 사냥을 합니다.",和其他貓不同，它是一隻“白貓子”。,"Il chasse le jour, car il brille dans l'obscurité.","Охотится только днем, потому что его свечение в темноте распугивает всю добычу.","Ele caça durante o dia, porque brilha no escuro.",Caza de día porque brilla en la oscuridad.
"<!MissingKey:82:$t[Charge received:] If you have less than $p_heatt $heat, gain $p_heat $heat.>","$t[Charge received:] If you have less than $p_heatt $heat, gain $p_heat $heat.","$t[Ladung erhalten:] Wenn du weniger als $p_heatt $heat hast, erhalte $p_heat $heat.",$t[获得电荷时：]如果你的$heat少于$p_heatt点$heat，则获得$p_heat层$heat。,$t[通電時：]$p_heatt $heat 未満の時、$p_heat $heat を獲得する,"$t[전하를 받을 시:] 보유한 $heat가 $p_heatt보다 적다면, $heat를 $p_heat 획득합니다.",$t[獲得電荷時：]如果你的$heat少於$p_heatt點$heat，則獲得$p_heat層$heat。,"$t[Charge reçue :] si vous avez moins de $p_heatt $heat, gagnez $p_heat $heat.","$t[При получении заряда:] если у героя менее $p_heatt $heat, добавляет $p_heat $heat.","$t[Carga recebida:] Se você tiver menos que $p_heatt $heat, ganha $p_heat $heat.","$t[Al recibir carga:] Si tienes menos de $p_heatt $heat, obtiene $p_heat $heat."
<!MissingKey:83:Twine>,Twine,Schnur,细绳,結び糸,노끈,細繩,Ficelle,Канат,Barbante,Hilo
"<!MissingKey:84:I'm not dense, gold is dense.>","I'm not dense, gold is dense.","Ich bin nicht dicht, Gold ist dicht.",我不是密度大，金子才是。,たぶん純金だよ。,금보다 굳건한 건 없습니다.,我不是密度大，金子才是。,"Je ne suis pas dense, c'est l'or qui est dense.","Я не торможу, это золото тяжелое.","Não é cachorro, mas esse ouro tem quilate.","No soy densa, el oro es denso."
<!MissingKey:85:$t[After $cds:] Advance the cooldown of the $affected item by $p1% and gain $p_spikes $spikes.>,$t[After $cds:] Advance the cooldown of the $affected item by $p1% and gain $p_spikes $spikes.,$t[Nach $cds:] Setze die Abklingzeit des \~$affected Gegenstandes $p1% nach vorn und erhalte $p_spikes $spikes.,$t[$cds后：]推进$affected的物品$p1%的冷却进度，并获得$p_spikes点$spikes。,$t[$cd秒後：]$affectedにあるアイテムのクールダウンを$p1%進め、$p_spikes $spikes を獲得する,$t[$cd초 후:] $affected에 위치한 아이템의 재사용 대기 시간을 $p1% 앞당기고 $spikes를 $p_spikes 획득합니다.,$t[$cds後：]推進$affected的物品$p1%的冷卻進度，並獲得$p_spikes點$spikes。,$t[Après $cd s :] réduisez le temps de recharge de l'objet $affected de $p1 % et gagnez $p_spikes $spikes.,$t[Через $cd сек.:] сокращает время перезарядки $affected предметов на $p1% и добавляет $p_spikes $spikes.,$t[Após $cd s:] Acelera a recarga do item $affected em $p1% e ganha $p_spikes $spikes.,$t[Tras $cd s:] Avanza la recarga del $affected objeto un $p1 % y obtiene $p_spikes $spikes.
<!MissingKey:86:Bismuth Cube>,Bismuth Cube,Bismut-Würfel,铋立方体,ビスマスキューブ,비스무트 입방체,鉍立方體,Cube de bismuth,Висмутовый куб,Cubo de Bismuto,Cubo de bismuto
<!MissingKey:87:Critical Poison>,Critical Poison,Kritische Vergiftung,暴击毒药,致死毒,치명적인 맹독,暴擊毒藥,Poison critique,Критический яд,Veneno Crítico,Veneno crítico
<!MissingKey:88:Wand of Equilibrium>,Wand of Equilibrium,Stab des Gleichgewichts,平衡魔棒,均衡のワンド,균형의 완드,平衡魔棒,Baguette d'équilibre,Жезл равновесия,Varinha do Equilíbrio,Varita de equilibrio
<!MissingKey:89:You deal less $effect-damage.>,You deal less $effect-damage.,Du verursachst weniger $effect-Schaden.,你的$effect伤害减小。,与える $effect ダメージが減少する,가하는 $effect 피해가 감소합니다.,你的$effect傷害減小。,Tous les dégâts infligés $effect sont réduits.,Ваш $effect-урон снижается.,Seu dano $effect causado é reduzido.,Tu daño $effect infligido se reduce.
<!MissingKey:90:Only the greatest strategic minds can resist the urge to run into it.>,Only the greatest strategic minds can resist the urge to run into it.,"Nur die größten Strategen können den Drang unterdrücken, dagegenzurennen.",等着敌人撞上来就行了。,優れた戦術眼を持つ者だけがぶつかりたい衝動に抗えるんだ。,위대한 전략가만이 벽에 박고 싶다는 충동을 버텨낼 수 있습니다.,等著敵人撞上來就行了。,Seuls les esprits les plus brillants sont capables de résister à l'envie de s'y précipiter.,Только величайшие умы способны устоять перед желанием с разбегу влететь в нее.,Somente as maiores mentes estratégicas conseguem resistir à vontade de correr para dentro disso.,Solo las más grandes mentes estratégicas resisten la urgencia de correr hacia él.
<!MissingKey:91:You gain less maximum health.>,You gain less maximum health.,Du erhältst weniger Maximalleben.,你获得的最大生命值更少。,体力最大値の獲得量が減少する,더 적은 최대 체력을 획득합니다.,你獲得的最大生命值更少。,Vous gagnez moins de PV max.,Вы получаете меньше максимального здоровья.,Você ganha menos vida máxima.,Obtuviste menos PS máx.
<!MissingKey:92:Damage Reduction: {val}>,Damage Reduction: {val},Schadensreduktion: {val},伤害减弱：{val},ダメージ軽減：{val},피해 감소: {val},傷害減弱：{val},Réduction de dégâts : {val},Снижение урона: {val},Redução de Dano: {val},Reducción de daño: {val}
<!MissingKey:93:$t[Every $cds:] When… >,"$t[Every $cds:] When… 

 $c[$heat on top:]  Gain $p_heat $heat. 
 $c[$lucky on top:] Gain $p_luck $lucky. 
 $c[$regen on top:] Gain $p_regen $regen. 
 $c[$mana on top:]  Gain $p_mana $mana.","$t[Alle $cds:] Wenn… 

 $c[$heat oben:] Erhalte $p_heat $heat. 
 $c[$lucky oben:] Erhalte $p_luck $lucky. 
 $c[$regen oben:] Erhalte $p_regen $regen. 
 $c[$mana oben:] Erhalte $p_mana $mana.","$t[每$cds：]当……

$c[$heat在上方时：]获得$p_heat层$heat。
$c[$lucky在上方时：]获得$p_luck点$lucky。
$c[$regen在上方时：]获得$p_regen层$regen。
$c[$mana在上方时：]获得$p_mana点$mana。","$t[$cd秒毎：]上にあるのが…

$c[$heat の時：]$p_heat $heat を獲得する
$c[$lucky の時：]$p_luck $lucky を獲得する
$c[$regen の時：]$p_regen $regen を獲得する
$c[$mana の時：]$p_mana $mana を獲得する","$t[$cd초마다:]

$c[$heat가 위에 있을 시:] $heat를 $p_heat 획득합니다. $c[$lucky이 위에 있을 시:] $lucky을 $p_luck 획득합니다. $c[$regen이 위에 있을 시:] $regen을 $p_regen 획득합니다. $c[$mana가 위에 있을 시:] $mana를 $p_mana 획득합니다.","$t[每$cds：]當……

$c[$heat在上方時：]獲得$p_heat層$heat。
$c[$lucky在上方時：]獲得$p_luck點$lucky。
$c[$regen在上方時：]獲得$p_regen層$regen。
$c[$mana在上方時：]獲得$p_mana點$mana。","$t[Toutes les $cd s :] Lorsque… 

 $c[$heat est en haut :] gagnez $p_heat $heat. 
 $c[$lucky est en haut :] gagnez $p_luck $lucky. 
 $c[$regen est en haut :] gagnez $p_regen $regen. 
 $c[$mana est en haut :] gagnez $p_mana $mana.","$t[Раз в $cd сек.:] когда… 

 $c[$heat наверху:] добавляет $p_heat $heat. 
 $c[$lucky наверху:] добавляет $p_luck $lucky. 
 $c[$regen наверху:] добавляет $p_regen $regen. 
 $c[$mana наверху:] добавляет $p_mana $mana.","$t[A cada $cd s:] Quando... 

 $c[$heat em cima:] Ganha $p_heat $heat. 
 $c[$lucky em cima:] Ganha $p_luck $lucky. 
 $c[$regen em cima:] Ganha $p_regen $regen. 
 $c[$mana em cima:] Ganha $p_mana $mana.","$t[Cada $cd s:] Cuando… 

 $c[Encima de $heat:] Obtiene $p_heat $heat. 
 $c[Encima de $lucky:] Obtiene $p_luck $lucky. 
 $c[Encima de $regen:] Obtiene $p_regen $regen. 
 $c[Encima de $mana:] Obtiene $p_mana $mana."
<!MissingKey:94:Puzzling.>,Puzzling.,Rätselhaft.,迷上加谜。,パズれ。,난해하네요.,迷上加謎。,Énigmatique.,"Загадочно, правда?",Intrigante.,Enigmático.
<!MissingKey:95:$t[$affected2 $musical-item activates:] Advance the cooldown of a random non-$musical-item by $p_advance%. >,"$t[$affected2 $musical-item activates:] Advance the cooldown of a random non-$musical-item by $p_advance%. 

 Your healing is increased by $p_healamp%. 

 +$chance% chance to duplicate gained buffs. $t[Every $cds:] Heal for $p_heal $m[or] gain $p_buffs random buffs $m[or] inflict $p_cold $cold. 

 Triggers $p_speed% faster for each $affected item.","$t[$affected2 $musical-Gegenstand aktiviert:] Beschleunige die Abklingzeit eines zufälligen Nicht-$musical-Gegenstandes um $p_advance%. 

 Deine Heilung ist um $p_healamp% erhöht. 

 +$chance% Chance Buffs zu duplizieren. $t[Alle $cds:] Heile $p_heal $m[oder] erhalte $p_buffs zufällige Buffs $m[oder] verursache $p_cold $cold. 

 Aktiviert $p_speed% schneller pro $affected Gegenstand.","$t[$affected2的$musical物品激活时：]随机快进一个非$musical物品冷却时间$p_advance%。

你的生命恢复效果加强$p_healamp%。

 +$chance%的几率复制获得的增益效果。$t[每$cds：]恢复生命值$p_heal点，$m[或]获得$p_buffs层随机增益效果，$m[或]向对手施加$p_cold层$cold。

每有一个$affected的物品，触发速度快$p_speed%。","$t[$affected2にある $musical アイテム発動時：]ランダムな $musical 以外のアイテムのクールダウンを$p_advance%進める 

自分の回復量 +$p_healamp% 

バフを追加獲得する確率 +$chance% $t[$cd秒毎：]体力を$p_heal回復する$m[または]$p_buffsバフを獲得する$m[または]$p_cold $cold を付与する 

$affectedにあるアイテム1個につき使用速度が$p_speed%上がる","$t[$affected2에 위치한 $musical 아이템 발동 시:] $musical가 아닌 무작위 아이템의 재사용 대기 시간이 $p_advance% 앞당겨집니다.

회복량이 $p_healamp% 증가합니다.

획득하는 버프가 복제될 확률이 $chance% 증가합니다. $t[$cd초마다:] 체력을 $p_heal 회복하거나, $m[혹은] 무작위 버프를 $p_buffs개 획득하거나, $m[혹은] $cold를 $p_cold 부여합니다.

$affected에 위치한 아이템마다 $p_speed% 빠르게 발동합니다.","$t[$affected2的$musical物品啟動時：]隨機快進一個非$musical物品冷卻時間$p_advance%。

你的生命恢復效果加強$p_healamp%。

 +$chance%的幾率複製獲得的增益效果。$t[每$cds：]恢復生命值$p_heal點，$m[或]獲得$p_buffs層隨機增益效果，$m[或]向對手施加$p_cold層$cold。

每有一個$affected的物品，觸發速度快$p_speed%。","$t[En activant un objet $musical $affected2 :] Réduit le temps de recharge d'un objet aléatoire non $musical de $p_advance %. 

 Votre guérison augmente de $p_healamp %. 

 +$chance % de chance de dupliquer les bonus gagnés. $t[Toutes les $cd s :] guérissez de $p_heal $m[ou] gagnez $p_buffs bonus aléatoires $m[ou] infligez $p_cold $cold. 

 Se déclenche $p_speed % plus vite pour chaque objet $affected.","$t[При срабатывании $affected2 $musical-предмета:] ускоряет перезарядку случайного не-$musical-предмета на $p_advance%. 

 Повышает восстановление здоровья героя на $p_healamp%. 

 +$chance% шанс удвоить получаемые усиления. $t[Раз в $cdсек.:] восстанавливает $p_heal здоровья, $m[или] добавляет до $p_buffs случайных усилений, $m[или] накладывает $p_cold $cold. 

 Срабатывает на $p_speed% чаще за каждый $affected предмет.","$t[Ativação de itens $musical $affected2:] Avança o tempo de recarga de um item aleatório que não seja item $musical em $p_advance%. 

 Sua cura é aumentada em $p_healamp%. 

 +$chance% de chance de duplicar os buffs ganhos. $t[A cada $cd s:] Cura por $p_heal $m[ou] ganha $p_buffs buffs aleatórios $m[ou] inflige $p_cold $cold. 

 Ativa $p_speed% mais rápido por cada item $affected.","$t[Al activar $affected2 objetos $musical:] adelanta la recarga de un objeto no $musical al azar un $p_advance %. 

 Tu curación aumenta un $p_healamp %. 

 +$chance % de probabilidad de duplicar ventajas recibidas. $t[Cada $cd] s:] te curas $p_heal $m[u] obtienes $p_buffs ventajas al azar $m[o] aplicas $p_cold $cold. 

 Se activa un $p_speed % más rápido por cada $affected objeto."
<!MissingKey:96:Musical>,Musical,Musikalisch,乐器,音楽,음악,樂器,Musique,Музыка,Musical,Musical
"<!MissingKey:97:$t[$regen gained:] Gain $p_maxhealth maximum health. $t[$affected item activates:] $chance% chance to gain $p_regen $regen, $chance2% if the item is $holy.>","$t[$regen gained:] Gain $p_maxhealth maximum health. $t[$affected item activates:] $chance% chance to gain $p_regen $regen, $chance2% if the item is $holy.","$t[$regen erhalten:] \~Erhalte $p_maxhealth Maximalleben. $t[$affected Gegenstand aktiviert:] \~$chance% Chance, $p_regen $regen zu erhalten, \~$chance2% bei $holy-Gegenständen.",$t[获得$regen时：]获得$p_maxhealth点最大生命值。$t[$affected的物品触发时：]有$chance%的几率获得$p_regen层$regen，如果触发的物品是$holy物品，则几率为$chance2%。,$t[$regen 獲得毎：]体力最大値が$p_maxhealth増える$t[$affectedにあるアイテム発動時：]$chance%の確率で$p_regen $regen を獲得する。そのアイテムが $holy の場合、$chance2%,"$t[$regen 획득 시:] 최대 체력을 $p_maxhealth 획득합니다. $t[$affected에 위치한 아이템 발동 시:] $chance%의 확률로 $regen을 $p_regen 획득하고, 그 아이템이 $holy 아이템이었다면 $chance2%로 획득합니다.",$t[獲得$regen時：]獲得$p_maxhealth點最大生命值。$t[$affected的物品觸發時：]有$chance%的機率獲得$p_regen層$regen，如果觸發的物品是$holy物品，則機率為$chance2%。,"$t[En gagnant $regen :] gagnez $p_maxhealth de PV max. $t[En activant un objet $affected :] $chance % de chance de gagner $p_regen $regen, $chance2 % si l'objet est $holy.","$t[При получении $regen:] добавляет $p_maxhealth макс. здоровья. $t[При срабатывании $affected предмета:] $chance% шанс получить $p_regen $regen, или $chance2%, если предмет типа $holy.","$t[$regen ganha:] Ganha $p_maxhealth de vida máxima. $t[Item $affected ativado:] $chance% de chance de ganhar $p_regen $regen, $chance2% do item é $holy.","$t[$regen obtenida:] Obtiene $p_maxhealth PS máx. $t[Al activar $affected objetos:] $chance % de probabilidad de obtener $p_regen $regen, $chance2 % si el objeto es $holy."
<!MissingKey:98:Your deal less $melee-damage.>,Your deal less $melee-damage.,Du verursachst weniger $melee-Schaden.,你的$melee伤害减小。,与える $melee ダメージが減少する,가하는 $melee 피해가 감소합니다.,你的$melee傷害減小。,Tous les dégâts infligés $melee sont réduits.,Ваш $melee-урон снижается.,Seu dano $melee causado é reduzido.,Tu daño $melee infligido se reduce.
<!MissingKey:99:$t[$p_buffs buffs gained:] Advance the cooldown of the $affected item by $p2s and gain a random buff (up to $p_max times).>,$t[$p_buffs buffs gained:] Advance the cooldown of the $affected item by $p2s and gain a random buff (up to $p_max times).,$t[$p_buffs Buffs erzeugt:] Setze die Abklingzeit des $affected Gegenstandes \~$p2s nach vorn und erhalte einen zufälligen Buff (bis zu $p_max mal).,$t[获得$p_buffs层增益效果时：]推进$affected的物品$p2s的冷却进度，并获得一个随机的增益效果（最多$p_max次）。,$t[$p_buffsバフ獲得毎：]$affectedにあるアイテムのクールダウンを$p2秒進め、1バフを獲得する（最大$p_max回まで）,"$m[버프를 $p_buffs개 획득 시:] $affected에 위치한 아이템의 재사용 대기 시간을 $p2초 앞당기고, 무작위 버프를 1개 획득합니다 (최대 $p_max번).",$t[獲得$p_buffs層增益效果時：]推進$affected的物品$p2s的冷卻進度，並獲得一個隨機的增益效果（最多$p_max次）。,$t[En gagnant $p_buffs bonus :] réduisez le temps de recharge de l'objet $affected de $p2 s et gagnez un bonus aléatoire (jusqu'à $p_max fois).,$t[При получении $p_buffs усилений:] сокращает время перезарядки $affected предметов на $p2 сек. и добавляет случайное усиление (не более $p_max раз).,$t[$p_buffs buffs ganhos:] Acelera a recarga do item $affected em $p2 s e ganha um buff aleatório (até $p_max vezes).,$t[Al obtener $p_buffs ventajas:] Avanza la recarga del $affected objeto en $p2 s y obtiene una ventaja al azar (hasta $p_max veces).
<!MissingKey:100:Bag of Giving>,Bag of Giving,Beutel des Gebens,给予之袋,施し袋,아낌없이 주는 가방,給予之袋,Sac de don,Сумка щедрости,Bolsa da Generosidade,Bolsa de generosidad
HINT_Achievements,Achievements are disabled in these modes.,Errungenschaften sind in diesen Modi deaktiviert.,在这些模式中，成就被锁定。,このモードでは実績は無効だよ。,해당 모드에서는 도전과제를 달성할 수 없습니다!,在這些模式中，成就被鎖定。,Les succès sont désactivés dans ces modes.,Достижения в этих режимах отключены.,Conquistas estão desativadas nesses modos.,Los logros están desactivados en estos modos.
<!MissingKey:102:$t[Capturing:] Gain $block $bl. $t[Eliminated:] Reduce damage taken by $p_dam% for $p2s.>,$t[Capturing:] Gain $block $bl. $t[Eliminated:] Reduce damage taken by $p_dam% for $p2s.,$t[Schlägt:] Erhalte $block $bl. $t[Wird eliminiert:]\~ Reduziere den genommenen Schaden für $p2s um $p_dam%.,$t[吃掉其他棋子时：]获得$block点$bl。$t[被吃掉时：]减少$p_dam%获得的伤害，持续$p2s。,$t[取る時：]$block $bl を獲得する $t[取られる時：]$p2秒間、受けるダメージが$p_dam%減る,$t[포획 시:] $bl를 $block 획득합니다. $t[제거될 시:] $p2초 동안 받는 피해가 $p_dam% 감소합니다.,$t[吃掉其他棋子時：]獲得$block點$bl。$t[被吃掉時：]減少$p_dam%獲得的傷害，持續$p2s。,$t[À la capture :] gagnez $block $bl. $t[À l'élimination :] réduisez les dégâts subis à hauteur de $p_dam % pendant $p2 s.,$t[При захвате:] добавляет $block $bl. $t[При уничтожении:] снижает получение урона на $p_dam% на $p2 сек.,$t[Ao capturar:] Ganha $block $bl. $t[Eliminado:] Reduz o dano sofrido em $p_dam% por $p2 s.,$t[Al capturar:] obtienes $block $bl. $t[Al ser eliminado:] reduces el daño recibido un $p_dam % durante $p2 s.
<!MissingKey:103:$t[Before miss:] Use $p_heatt $heat to hit instead and deal +$p_missdam damage. $t[On hit:] Destroy $p_blockremoval $bl for each \~$affected free slot or $fire-item. >,$t[Before miss:] Use $p_heatt $heat to hit instead and deal +$p_missdam damage. $t[On hit:] Destroy $p_blockremoval $bl for each \~$affected free slot or $fire-item. ,"$t[Vor verfehltem Angriff:] Nutze $p_heatt $heat, um sicher zu treffen und verursache +$p_missdam Schaden. $t[Bei Treffer:] Zerstöre $p_blockremoval $bl pro \~$affected freiem Feld oder $fire-Gegenstand.",$t[攻击落空时：]消耗$p_heatt点$heat，改为命中，造成的伤害+$p_missdam。$t[击中对手：]每有一个$affected的的空槽位或$fire物品，摧毁对手$p_blockremoval点$bl。,$t[ミス直前：]$p_heatt $heat を消費して、攻撃をヒットさせた上で与ダメージ +$p_missdam $t[ヒット時：]$affectedにある空きスロットまたは $fire アイテム1個につき$p_blockremoval $bl を破壊する,"$t[빗나가기 전:] $heat를 $p_heatt 사용해 공격이 빗나가지 않고, 피해량이 $p_missdam 증가하게 합니다. $t[적중 시:] $affected에 위치한 빈 슬롯이나 $fire 아이템 하나마다, $bl를 $p_blockremoval 파괴합니다.",$t[攻擊落空時：]消耗$p_heatt點$heat，改為命中，造成的傷害+$p_missdam。$t[擊中對手：]每有一個$affected的的空槽位或$fire物品，摧毀對手$p_blockremoval點$bl。,$t[Avant de manquer :] utilisez $p_heatt $heat pour réussir le coup et infliger +$p_missdam de dégâts. $t[Par coup :] détruisez $p_blockremoval $bl pour chaque objet $fire ou emplacement libre $affected.,"$t[Перед промахом:] использует $p_heatt $heat, чтобы атаковать противника и нанести +$p_missdam ед. урона. $t[При попадании:] разрушает $p_blockremoval $bl за каждый пустой $affected слот или $fire-предмет.",$t[Antes de errar:] Usa $p_heatt $heat para acertar e causar +$p_missdam de dano. $t[Ao acertar:] Destrói $p_blockremoval $bl por cada espaço vazio $affected ou item-$fire.,$t[Antes de fallar:] Pasa a usar $p_heatt $heat para golpear e inflige $p_missdam más de daño. $t[Al golpear:] Destruye $p_blockremoval $bl por cada $affected espacio libre u objeto de $fire.
,,,,,,,,,,
HELLO4,What a wonderful day to buy new things!,Was für ein wundervoller Tag zum Einkaufen!,今天特别适合购物！,新しいものを買うのにうってつけの日だね！,새로운 아이템을 사기 딱 좋은 날이네요!,今天特別適合購物！,Quelle journée idéale pour faire quelques achats !,Какой чудесный день для покупок!,Que dia maravilhoso para comprar coisas novas!,¡Qué día tan genial para comprar cosas nuevas!
HINT_SwitchModeStorage,Your storage will be cleared.,Das Lager wird geleert.,你的储物空间将被清空。 ,"保管ボックスの中身は
なくなるよ。",창고는 비워지게 됩니다.,你的儲物空間將被清空。 ,Votre réserve sera vidé.,Ящик будет очищен.,Seu depósito será esvaziado.,Se vaciará tu almacenamiento.
"<!MissingKey:107:Buy one, pay two and you will get one for free!>","Buy one, pay two and you will get one for free!","Kauf eins, bezahl zwei und du bekommst noch eins gratis oben drauf (ohne Versandkosten sogar)!",买一个，付两个的钱，你就能免费得到一个！,1個買って、2個分支払ったら、1個は無料で手に入るぞ！,"하나를 사고, 두 개 값을 지불하면 하나를 무료로 받을 수 있습니다!",買一個，付兩個的錢，你就能免費得到一個！,"Achetez-en un, payez-en deux et vous en obtiendrez un gratuitement !","Купи один, заплати за два - и один получишь бесплатно!",Compre um e pague dois pra levar um de graça!,"¡Compra uno, paga dos y recibirás uno gratis!"
HELLO3,"I bring the items, you bring the $h[money]!","Ich bring die Sachen, du bringst das $h[Geld]!",我这里不会缺货，你记得带$h[钱]就行！,ボクがアイテムを持ってきて、キミは$h[お金]を持ってくるってわけさ！,"제가 아이템을, 당신이 $h[돈]을 내면 됩니다!",我這裡不會缺貨，你記得帶$h[錢]就行！,"Je m'occupe de la marchandise, vous vous occupez de l'$h[Argent] !","С меня товары, а с вас — $h[деньги]!","Eu trago os itens, você traz o $h[dinheiro]!","¡Yo traigo los objetos, tú traes el $h[dinero]!"
<!MissingKey:109:$t[Capturing:] Cleanse $p_cleanse debuffs. $t[Eliminated:] Increase healing by $p_healamp%.>,$t[Capturing:] Cleanse $p_cleanse debuffs. $t[Eliminated:] Increase healing by $p_healamp%.,$t[Schlägt:] Entferne $p_cleanse Debuffs. $t[Wird eliminiert:] Erhöhe Heilung um $p_healamp%.,$t[吃掉其他棋子时：]净化$p_cleanse层减益效果。$t[被吃掉时：]生命恢复效果增加$p_healamp%。,$t[取る時：]$p_cleanseデバフを解除する $t[取られる時：]自分の回復量 +$p_healamp%,$t[포획 시:] 디버프를 $p_cleanse개 정화합니다. $t[제거될 시:] 회복량이 $p_healamp% 증가합니다.,$t[吃掉其他棋子時：]淨化$p_cleanse層減益效果。$t[被吃掉時：]生命恢復效果增加$p_healamp%。,$t[À la capture :] purgez $p_cleanse malus. $t[À l'élimination :] augmentez la guérison à hauteur de $p_healamp %.,$t[При захвате:] снимает до $p_cleanse негативных эффектов. $t[При уничтожении:] повышает восстановление здоровья на $p_healamp%.,$t[Ao capturar:] Purifica $p_cleanse debuffs. $t[Eliminado:] Aumenta a cura em $p_healamp%.,$t[Al capturar:] purgas $p_cleanse desventajas. $t[Al ser eliminado:] incrementas la curación un $p_healamp %.
HELLO2,"Come in, my shop is always open!","Komm rein, hier ist immer offen!",欢迎光临，我的大门永远为你敞开！,おいで。ウチの店はいつでも開いてるよ！,"어서 오세요, 저희 매장은 항상 열려있답니다!",歡迎光臨，我的大門永遠為你敞開！,"Venez donc, ma boutique est toujours ouverte !","Заходите в любое время, мой магазин всегда открыт!","Entre, minha loja está sempre aberta!","¡Pasa, mi tienda siempre está abierta!"
"<!MissingKey:111:$t[Capturing:] Steal $h[1] buff. \~ If this is the first time, steal $p_buffs buffs instead. $t[Eliminated:] $stun[Stun] your opponent \~for $p2s.>","$t[Capturing:] Steal $h[1] buff. \~ If this is the first time, steal $p_buffs buffs instead. $t[Eliminated:] $stun[Stun] your opponent \~for $p2s.",$t[Schlägt:] Stehle $h[1] Buff. \~ Beim ersten Mal stehle stattdessen \~$p_buffs Buffs. $t[Wird eliminiert:]\~ Löse $p2s lang $stun[Benommenheit] aus.,$t[吃掉其他棋子时：]偷取$h[1]层增益效果。如果是第一次触发，则偷取$p_buffs层增益效果。$t[被吃掉时：] $stun[眩晕]对手，持续$p2s。,$t[取る時：]$h[1]バフを奪う。初めて駒を取る場合、代わりに$p_buffsバフを奪う $t[取られる時：]$p2秒間、相手を$stun[スタン]させる,"$t[포획 시:] 버프를 $h[1]개 빼앗습니다. \~ 처음으로 뺏는 거라면, 그 대신 버프를 $p_buffs개 빼앗습니다. $t[제거될 시:] 상대를 $p2초 동안 $stun[기절]시킵니다.",$t[吃掉其他棋子時：]偷取$h[1]層增益效果。如果是第一次觸發，則偷取$p_buffs層增益效果。$t[被吃掉時：] $stun[眩暈]對手，持續$p2s。,"$t[À la capture :] volez $h[1] bonus. Si c'est la première fois, volez $p_buffs bonus à la place. $t[À l'élimination :] $stun[Étourdissez] votre adversaire pendant $p2 s.","$t[При захвате:] крадет $h[1] усиление. В первый раз, вместо этого крадет до $p_buffs усилений. $t[При уничтожении:] $stun[оглушает] противника на $p2 сек.","$t[Ao capturar:] Rouba $h[1] buff. Se for a primeira vez, rouba $p_buffs buffs. $t[Eliminado:] $stun[Atordoa] o oponente por $p2 s.","$t[Al capturar:] robas $h[1] ventaja. Si es la primera vez, robas $p_buffs ventajas en su lugar. $t[Al ser eliminado:] $stun[aturdes] a tu rival durante $p2 s."
BUTTON_BuffLabels,Buff/Debuff Labels,Buff/Debuff Texte,增益效果/减益效果标签,バフ/デバフのラベル,버프/디버프 라벨,增益效果/減益效果標籤,Étiquettes de bonus/malus,Значки усиления/негативного эффекта,Rótulos de Buff/Debuff,Etiquetas de ventajas/desventajas
"<!MissingKey:113:He did his best to imitate crust, but he's no bread at the end of the day.>","He did his best to imitate crust, but he's no bread at the end of the day.","Er tut sein bestes, eine Kruste zu imitieren, aber am Ende des Tages ist er halt kein Brot.",他已经尽力模仿面包皮，但说到底他终究不是面包。,パンの耳に擬態するのが上手いだけで、パンではないよ。,"크러스트를 모방하기 위해 최선을 다했지만, 결국 빵은 될 수 없었습니다.",他已經盡力模仿麵包皮，但說到底他終究不是麵包。,"Il a fait de son mieux pour imiter la croûte, mais croyez-moi, ce n'est pas du pain.","Он изо всех сил старался прожариться до корочки, но полноценным хлебом так и не стал.","Ele fez o melhor que pôde para imitar uma crosta crocante, mas, infelizmente, ele não é um pão no fim das contas.","Hizo lo mejor que pudo para imitar el crocante, pero al fin y al cabo no es pan."
<!MissingKey:114:Thorn Elemental>,Thorn Elemental,Dornenelementar,荆棘元素,トゲのエレメンタル,가시 정령,荊棘元素,Élémentaire d'épines,Шипастый элементаль,Elemental de Espinhos,Elemental de espina
"<!MissingKey:115:$t[$p1 $affected item activations:] Heal for $p2, gain $block $bl, $p3 $vampirism and $p4 $regen, inflict \~$p5 $blind, and $affected $h[Weapons] gain \~$p6 damage.>","$t[$p1 $affected item activations:] Heal for $p2, gain $block $bl, $p3 $vampirism and $p4 $regen, inflict \~$p5 $blind, and $affected $h[Weapons] gain \~$p6 damage.","$t[$p1 $affected Gegenstand-Aktivierungen:] Heile $p2, erhalte $block $bl, $p3 $vampirism und\~ $p4 $regen, verursache $p5 $blind, und $affected $h[Waffen] verursachen +$p6 Schaden.",$t[$affected的物品激活达到$p1次：]恢复生命值$p2点，获得$block点$bl，还有$p3层$vampirism和$p4层$regen。向对手施加$p5层$blind，且$affected的$h[武器]获得$p6点伤害加成。,$t[$affectedにあるアイテム$p1回発動時：]体力を$p2回復し、$block $bl と$p3 $vampirism と$p4 $regen を獲得し、$p5 $blind を付与する。さらに$affectedにある$h[武器]のダメージ値が$p6増える,"$t[$affected에 위치한 아이템이 $p1회 발동 시:] 체력을 $p2 회복하고, $bl를 $block, $vampirism을 $p3, $regen을 $p4 획득하고, $blind을 $p5 부여하고, $affected에 위치한 $h[무기]가 가하는 피해가 $p6 증가합니다.",$t[$affected的物品啟動達到$p1次：]恢復生命值$p2點，獲得$block點$bl，還有$p3層$vampirism和$p4層$regen。向對手施加$p5層$blind，且$affected的$h[武器]獲得$p6點傷害加成。,"$t[En activant l'objet $affected $p1 :] guérissez de $p2, gagnez $block $bl, $p3 $vampirism et $p4 $regen, infligez $p5 $blind, et les $h[Armes] $affected gagnent $p6 de dégâts.","$t[При срабатывании $p1 $affected предметов:] восстанавливает $p2 здоровья, добавляет $block $bl, $p3 $vampirism и $p4 $regen, затем накладывает на противника $p5 $blind, а $affected $h[оружие] повышает урон на $p6.","$t[$p1 ativações de item $affected:] Cura por $p2, ganha $block $bl, $p3 $vampirism e $p4 $regen, inflige $p5 $blind, e $h[Armas] $affected ganham $p6 de dano.","$t[Al activar $p1 $affected objetos:] te curas $p2, obtienes $block $bl, $p3 $vampirism y $p4 $regen, aplicas $p5 $blind, y las $affected $h[armas] obtienen $p6 de daño."
<!MissingKey:116:A critical poisoning is defined by the victim leaking from at least 7 orifices.>,A critical poisoning is defined by the victim leaking from at least 7 orifices.,"Eine kritische Vergiftung liegt definitionsgemäß vor, wenn das Opfer aus sieben oder mehr Körperöffnungen blutet.",所谓暴击中毒，就是受害者至少从7个孔里往外漏。,致死毒というのは7か所以上の穴から体液が漏れ出すもののことである。,칠공쯤은 되어야 어디 가서 치명적이라고 칭할 수 있습니다.,所謂暴擊中毒，就是受害者至少從7個孔裡往外漏。,Un empoisonnement critique se définit par le fait que la victime présente des fuites au niveau d'au moins 7 orifices.,"Критическое отравление - это когда из жертвы течет минимум из семи отверстий. Да, мы считали.",A definição de envenenamento crítico é que a vítima deve vazar por ao menos 7 orifícios diferentes.,Un envenenamiento crítico se define cuando la víctima tiene pérdidas de líquido por al menos siete orificios.
<!MissingKey:117:$t[Use $p_regent $regen:] Inflict $p_blind $blind $red[to both players] for $p4s (unstackable). $t[On miss:] Gain $p_luck $lucky. $t[On hit:] Use $p_luckt $lucky to gain $p_dam damage and $p_regen $regen. >,"$t[Use $p_regent $regen:] Inflict $p_blind $blind $red[to both players] for $p4s (unstackable). $t[On miss:] Gain $p_luck $lucky. $t[On hit:] Use $p_luckt $lucky to gain $p_dam damage and $p_regen $regen. 

 Deals +$p_dam_blind damage per $blind of your opponent.","$t[Nutze $p_regent $regen:] Verursache $red[beiden Spielern] $p_blind $blind für $p4s (nicht stapelbar). $t[Bei Verfehlen:] Erhalte $p_luck $lucky. $t[Bei Treffer:] Nutze $p_luckt $lucky, um +$p_dam zu verursachen und erhalte $p_regen $regen. 

 Verursacht +$p_dam_blind Schaden pro $blind deines Gegners.","$t[消耗$p_regent点$regen：]向$red[两位玩家]同时施加$p_blind层$blind，持续$p4s（无法叠加）。$t[攻击落空：]获得$p_luck点$lucky。$t[击中对手：]消耗$p_luckt点$lucky来获得$p_dam点伤害加成和$p_regen层$regen。

对手每有一层$blind，造成的伤害+$p_dam_blind。","$t[$p_regent $regen 消費：]$p4秒間、$red[両方のプレイヤーに]$p_blind $blind を付与する（重複不可） $t[ミス時：]$p_luck $lucky を獲得する $t[ヒット時：]$p_luckt $lucky を消費して、ダメージ値が$p_dam増え、$p_regen $regen を獲得する 

相手の $blind 1スタックにつき与ダメージ +$p_dam_blind","$t[$regen을 $p_regent 사용:] $p4초 동안 $red[두 플레이어에게] $blind을 $p_blind 부여합니다 (중첩 불가). $t[빗나갈 시:] $lucky을 $p_luck 획득합니다. $t[적중 시:] $lucky을 $p_luckt 사용해 가하는 피해가 $p_dam 증가하고 $regen을 $p_regen 획득합니다.

상대에게 부여된 $blind마다 가하는 피해가 $p_dam_blind 증가합니다.","$t[消耗$p_regent點$regen：]向$red[兩位玩家]同時施加$p_blind層$blind，持續$p4s（無法疊加）。$t[攻擊落空：]獲得$p_luck點$lucky。$t[擊中對手：]消耗$p_luckt點$lucky來獲得$p_dam點傷害加成和$p_regen層$regen。

對手每有一層$blind，造成的傷害+$p_dam_blind。","$t[Utilisez $p_regent $regen :] infligez $p_blind $blind $red[aux deux joueurs] pendant $p4 s (non cumulable). $t[En manquant :] gagnez $p_luck $lucky. $t[Par coup :] utilisez $p_luckt $lucky pour gagner $p_dam de dégâts et $p_regen $regen. 

 Inflige +$p_dam_blind de dégâts par $blind de votre adversaire.","$t[При использовании $p_regent $regen:] накладывает $p_blind $blind $red[на себя и на противника] на $p4 сек. (эффект не суммируется). $t[При промахе:] добавляет $p_luck $lucky. $t[При попадании:] использует $p_luckt $lucky, чтобы добавить $p_dam урона и $p_regen $regen. 

 Наносит +$p_dam_blind урона за каждый эффект $blind на противнике.","$t[Usar $p_regent $regen:] Inflige $p_blind $blind $red[para ambos os jogadores] por $p4 s (não acumulável). $t[Ao errar:] Ganha $p_luck $lucky. $t[Ao acertar:] Usa $p_luckt $lucky para ganhar $p_dam de dano e $p_regen $regen. 

 Causa +$p_dam_blind de dano por $blind do seu oponente.","$t[Usar $p_regent $regen:] aplicas $p_blind $blind $red[a ambos jugadores] durante $p4 s (no acumulable). $t[Al fallar:] obtienes $p_luck $lucky. $t[Al golpear:] usas $p_luckt $lucky para obtener $p_dam de daño y $p_regen $regen. 

 Hace +$p_dam_blind de daño por cada $blind del rival."
<!MissingKey:118:Bewitchment>,Bewitchment,Verwünschen,魅惑,呪術,매혹,魅惑,Envoûtement,Зачарование,Enfeitiçamento,Brujería
<!MissingKey:119:Puzzlebag of Endurance>,Puzzlebag of Endurance,Puzzletasche der Ausdauer,耐力拼图背包,持続のパズルバッグ,인내의 퍼즐가방,耐力拼圖背包,Énigmasac de vigueur,Паззл-сумка: выносливость,Bolsa Enigmática da Persistência,Bolsa tetris de resistencia
<!MissingKey:120:Gold>,Gold,Gold,金币,ゴールド,골드,金幣,Or,Золото,Ouro,Oro
"<!MissingKey:121:A good one might be stronger than the Stone of Jordan, he'll hate that.>","A good one might be stronger than the Stone of Jordan, he'll hate that.","Ein gutes Verlobungsgeschenk, wenn die Stats stimmen.",一个好的戒指可能比乔丹之石还强，这会让他气坏的。,出来の良いのはヨルダンの石より強力かもしれないよ。,"요르단의 반지보다 강할 수도 있지만, 별로 좋아하진 않는다고 합니다.",一個好的戒指可能比喬丹之石還強，這會讓他氣壞的。,"Peut être plus puissant que la Pierre de Jordanie, invraisemblable.",Хороший экземпляр может быть мощнее Камня Иордана. И ему это не понравится.,Um dos bons pode ser mais forte que a Pedra de Jordan. Ele vai odiar isso.,"Uno bueno podría ser más fuerte que la Piedra de Jordania, pero él odiará eso."
<!MissingKey:122:Puzzlebag of Energy>,Puzzlebag of Energy,Puzzletasche der Energie,能量拼图背包,活力のパズルバッグ,활력의 퍼즐가방,能量拼圖背包,Énigmasac d'énergie,Паззл-сумка: энергия,Bolsa Enigmática de Energia,Bolsa tetris de energía
"<!MissingKey:123:Two hands - two weapons, it just makes sense.>","Two hands - two weapons, it just makes sense.","Zwei Hände, zwei Waffen. So einfach.",能双手拿武器，为什么还要拿盾？,このスキルがないと両手に武器を持てないのかって？そんなことあるわけないじゃないか！一体どこの世界の話だい？,손도 두 개 - 무기도 두 개. 완벽하군요.,能雙手拿武器，為什麼還要拿盾？,"Deux mains, deux armes, je trouve ça logique.",Две руки — два оружия. Элементарно.,"Duas mãos - duas armas, faz todo sentido.","Dos manos, dos armas"
<!MissingKey:124:Seal the Deal>,Seal the Deal,Fester Händedruck,一锤定音,交渉成立,거래 성사,一錘定音,Affaire conclue,Сделка,Trato Feito,Cerrar el trato
<!MissingKey:125:You deal more $melee-damage.>,You deal more $melee-damage.,Du verursachst mehr $melee-Schaden.,你的$melee伤害增加。,与える $melee ダメージが増加する,가하는 $melee 피해가 증가합니다.,你的$melee傷害增加。,Tous les dégâts infligés $melee sont augmentés.,Ваш $melee-урон повышается.,Seu dano $melee causado é aumentado.,Tu daño $melee infligido aumenta.
<!MissingKey:126:$t[Every $cds:] Deal $dam $effect-damage and inflict $p3 $cold for $p4s. $t[Max uses:] $p1 + $h[1] for each $affected $ice-item (except $h[Spell Scroll: Frostbolt]).>,$t[Every $cds:] Deal $dam $effect-damage and inflict $p3 $cold for $p4s. $t[Max uses:] $p1 + $h[1] for each $affected $ice-item (except $h[Spell Scroll: Frostbolt]).,$t[Alle $cds:] Verursache $dam $effect-Schaden und $p3 $cold für $p4s. $t[Anwendungen:] $p1 + $h[1] pro $affected $ice-Gegenstand (außer $h[Schriftrolle: Frostschwall]).,$t[每$cds：]造成$dam点$effect伤害，向对手施加$p3层$cold持续$p4s。$t[最大使用次数：]$p1次，且每有一个$affected的$ice物品（不包括$h[魔法卷轴：冰霜箭]）使用次数+$h[1]次。,$t[$cd秒毎：]$dam $effect ダメージを与え、$p4秒間$p3 $cold を付与する $t[最大使用回数：]$p1回、 $affectedにある $ice アイテム（$h[呪文の巻物：霜撃]を除く）1個につき$h[+1]回,"$t[$cd초마다:] $effect 피해를 $dam 가하고, $p4초 동안 $cold를 $p3 부여합니다. $t[사용 가능 횟수:] $p1 + $affected에 위치한 $ice 아이템마다 $h[1] 증가합니다 ($h[주문 스크롤: 서리화살] 제외).",$t[每$cds：]造成$dam點$effect傷害，向對手施加$p3層$cold持續$p4s。$t[最大使用次數：]$p1次，且每有一個$affected的$ice物品（不包括$h[魔法卷軸：冰霜箭]）使用次數+$h[1]次。,$t[Toutes les $cd s :] infligez $dam de dégâts $effect et infligez $p3 $cold pendant $p4 s. $t[Utilisations max :] $p1 + $h[1] pour chaque objet $ice $affected (hormis les $h[Parchemins de sort : Éclair de givre]).,$t[Раз в $cd сек.:] наносит $dam ед. $effect-урона и накладывает на противника $p3 $cold на $p4 сек. $t[Максимальное кол-во использований:] $p1 + $h[1] за каждый $affected $ice предмет (кроме $h[свитка заклятия: ледяная стрела]).,$t[A cada $cd s:] Causa $dam de dano de $effect e inflige $p3 $cold por $p4 s. $t[Usos máximos:] $p1 + $h[1] por cada item $ice $affected (exceto $h[Pergaminho de Feitiço: Virote de Gelo]).,$t[Cada $cd s:] haces $dam daño de $effect y $p3 $cold durante $p4 s. $t[Usos máximos:] $p1 + $h[1] por cada objeto $affected de $ice (excepto $h[Pergamino de conjuros: Rayo gélido]).
<!MissingKey:127:+$shopchance% chance for $h[Books] and $h[Spells] to be on sale. $t[Every $cds:] Use $p_manat $mana: Gain $p_maxhealth maximum health + $p_maxhealth_spell for each $affected $h[Spell] ($h[crafted Spells] count twice).>,+$shopchance% chance for $h[Books] and $h[Spells] to be on sale. $t[Every $cds:] Use $p_manat $mana: Gain $p_maxhealth maximum health + $p_maxhealth_spell for each $affected $h[Spell] ($h[crafted Spells] count twice).,+$shopchance% Chance für $h[Bücher] und $h[Zauber] im Angebot zu sein. $t[Alle $cds:] Nutze $p_manat $mana: Erhalte $p_maxhealth Maximalleben + $p_maxhealth_spell pro $affected $h[Zauber] \~($h[gefertigte Zauber] zählen doppelt).,$h[魔法书]和$h[魔法卷轴]的打折几率+$shopchance%。$t[每$cds：]消耗$p_manat点$mana：获得$p_maxhealth点最大生命值，每有一个$affected的$h[魔法卷轴]最大生命值再增加$p_maxhealth_spell（$h[打造的魔法卷轴]算作2次）。,"$h[書物]と$h[呪文]のセール発生確率 +$shopchance% $t[$cd秒毎：]$p_manat $mana を消費して、$p_maxhealthの体力最大値を獲得する（$affectedにある$h[呪文]1個につき +$p_maxhealth_spell）
$h[クラフト呪文]は2個扱い","$h[책]과 $h[주문]의 할인 확률이 $shopchance% 증가합니다. $t[$cd초마다:] $mana를 $p_manat 사용: 최대 체력이 $p_maxhealth 증가하며, $affected에 위치한 $h[주문]마다 $p_maxhealth_spell 추가로 증가합니다 ($h[제작된 주문]은 두 번 계산됩니다).",$h[魔法書]和$h[魔法卷軸]的打折幾率+$shopchance%。$t[每$cds：]消耗$p_manat點$mana：獲得$p_maxhealth點最大生命值，每有一個$affected的$h[魔法卷軸]最大生命值再增加$p_maxhealth_spell（$h[打造的魔法卷軸]算作2次）。,+$shopchance % de chance pour les $h[Livres] et les $h[Sorts] d'être en promotion. $t[Toutes les $cd s :] utilisez $p_manat $mana : gagnez $p_maxhealth de PV max + $p_maxhealth_spell pour chaque $h[Sort] $affected (les $h[Sorts fabriqués] comptent deux fois).,"+$shopchance% шанс, что $h[книга] или $h[свиток] будут продаваться со скидкой. $t[Раз в $cd сек.:] использует $p_manat $mana: добавляет $p_maxhealth максимального здоровья и + $p_maxhealth_spell за каждое $affected $h[заклятие] ($h[созданное по рецепту заклятие] считается за 2). ",+$shopchance% de chance de $h[Livros] e $h[Feitiços] estarem em promoção. $t[A cada $cd s:] Usa $p_manat $mana: Ganha $p_maxhealth de vida máxima + $p_maxhealth_spell por cada $h[Feitiço] $affected ($h[Feitiços feitos] contam duas vezes).,+$shopchance % de probabilidad de que los $h[libros] y $h[hechizos] estén en oferta. $t[Cada $cd s:] usas $p_manat $mana para obtener $p_maxhealth PS máx + $p_maxhealth_spell por cada $affected $h[hechizo] ($h[hechizos creados] cuentan doble).
<!MissingKey:128:Inner Power>,Inner Power,Innere Stärke,内在力量,内なる力,내면의 힘,內在力量,Puissance intérieure,Внутренняя сила,Poder Interior,Poder interior
<!MissingKey:129:Shiny Mantle>,Shiny Mantle,Strahlender Mantel,辉耀斗篷,輝く外套,빛나는 망토,輝耀斗篷,Manteau étincelant,Блистательная мантия,Manto Brilhante,Manto brillante
<!MissingKey:130:Spin to Win>,Spin to Win,Mit Rad und Tat,制胜转盘,ルーレット,돌림판,制勝轉盤,"Tournez, gagnez",Крути-победи,Roleta,Giro ganador
<!MissingKey:131:$affected $h[Shields] block $p_bonus_damblock% more damage. $t[Start of battle:] $red[Both] players take \~-$p_damreduction% damage for $p3s. $t[Every $cds:] Gain $block $bl + $p_block2% of your maximum health.>,$affected $h[Shields] block $p_bonus_damblock% more damage. $t[Start of battle:] $red[Both] players take \~-$p_damreduction% damage for $p3s. $t[Every $cds:] Gain $block $bl + $p_block2% of your maximum health.,$affected $h[Schilde] blocken $p_bonus_damblock% mehr Schaden. $t[Kampfbeginn:] $red[Beide] Spieler erhalten für $p3s -$p_damreduction% Schaden. $t[Alle $cds:] Erhalte $block $bl + $p_block2% deines Maximallebens.,$affected的$h[盾牌]抵挡伤害增加$p_bonus_damblock%。$t[战斗开始时：] $red[两位]玩家的伤害同时削减$p_damreduction%，持续$p3s。$t[每$cds：]获得$block点$bl，还有你的最大生命值的$p_block2%作为$bl。,$affectedにある$h[盾]が防ぐダメージ +$p_bonus_damblock% $t[バトル開始時：]$p3秒間、$red[両方]のプレイヤーが受けるダメージ -$p_damreduction% $t[$cd秒毎：]$block $bl + 体力最大値の$p_block2%の $bl を獲得する,"$affected에 위치한 $h[방패]가 피해를 $p_bonus_damblock%만큼 더 막습니다. $t[전투 시작 시:] $red[두] 플레이어는 $p3초 동안 받는 피해가 $p_damreduction% 감소합니다. $t[$cd초마다:] $bl를 $block 획득하며,최대 체력의 $p_block2%만큼 추가로 획득합니다. ",$affected的$h[盾牌]抵擋傷害增加$p_bonus_damblock%。$t[戰鬥開始時：] $red[兩位]玩家的傷害同時削減$p_damreduction%，持續$p3s。$t[每$cds：]獲得$block點$bl，還有你的最大生命值的$p_block2%作為$bl。,Les $h[Boucliers] $affected bloquent $p_bonus_damblock % de dégâts supplémentaires. $t[Au début du combat :] les $red[deux] joueurs subissent -$p_damreduction % de dégâts pendant $p3 s. $t[Toutes les $cd s :] gagnez $block $bl + $p_block2 % de vos PV max.,$affected $h[щиты] блокируют на $p_bonus_damblock% больше урона. $t[Начало боя:] $red[оба] игрока получают на $p_damreduction% меньше урона в течение $p3 сек. $t[Раз в $cd сек.:] добавляет $block $bl + $p_block2% максимального здоровья героя.,$h[Escudos] $affected bloqueiam $p_bonus_damblock% mais dano. $t[Início da batalha:] $red[Ambos] os jogadores recebem -$p_damreduction% de dano por $p3 s. $t[A cada $cd s:] Ganha $block $bl + $p_block2% da sua vida máxima.,$affected $h[Escudos] bloquean un $p_bonus_damblock % más de daño. $t[Al comienzo de la batalla:] $red[ambos] jugadores reciben -$p_damreduction % de daño durante $p3 s. $t[Cada $cd s:] obtienes $block $bl + $p_block2 % de tu PS máx.
<!MissingKey:132:Energy Conversion>,Energy Conversion,Energiezyklus,能量转化,エネルギー変換,에너지 전환,能量轉化,Conversion d'énergie,Преобразование энергии,Conversão de Energia,Conversión energética
<!MissingKey:133:$chance% chance to $reflect[reflect] debuffs (+$chance2% for each $affected $holy-item). $t[After $cds:] Gain $p_buffs% of your buffs (up to $p_max).>,$chance% chance to $reflect[reflect] debuffs (+$chance2% for each $affected $holy-item). $t[After $cds:] Gain $p_buffs% of your buffs (up to $p_max).,"$chance% Chance, Debuffs zu $reflect[reflektieren] (+$chance2% pro $affected $holy-Gegenstand). $t[Nach $cds:] Erhalte $p_buffs% deiner Buffs (bis zu $p_max).",有$chance%的几率$reflect[反弹]减益效果（每有一个$affected的$holy物品，反弹几率+$chance2%）。$t[$cds后：]获得$p_buffs%你现有的增益效果（最高$p_max层）。,$chance%の確率でデバフを$reflect[反射]する（$affectedにある $holy アイテム1個につき +$chance2%） $t[$cd秒後：]自分のバフの$p_buffs%分を獲得する（最大$p_maxまで）,$chance%의 확률로 디버프를 $reflect[반사]합니다 ($affected에 위치한 $holy 아이템마다 $chance2%씩 증가). $t[$cd초 후:] 내 버프의 $p_buffs%를 획득합니다 (최대 $p_max).,有$chance%的幾率$reflect[反彈]減益效果（每有一個$affected的$holy物品，反彈幾率+$chance2%）。 $t[$cds後：]獲得$p_buffs%你現有的增益效果（最高$p_max層）。,$chance % de chances de $reflect[Renvoyer] des malus (+$chance2 % pour chaque objet $holy $affected). $t[Après $cd s :] gagnez $p_buffs % de vos bonus (jusqu'à $p_max).,$chance% шанс $reflect[отразить] негативные эффекты (+$chance2% за каждый $affected $holy-предмет). $t[Через $cd сек.:] добавляет $p_buffs% к усилениям героя (макс. до $p_max).,$chance% de chance de $reflect[refletir] debuffs (+$chance2% por cada item $affected do tipo $holy). $t[Após $cd s:] Ganha $p_buffs% dos seus buffs (até $p_max).,$chance % de probabilidad de $reflect[devolver] desventajas (+$chance2 % por cada $affected objeto $holy). $t[Después de $cd s:] obtienes un $p_buffs % de tus ventajas (hasta $p_max).
TUTORIAL_Tries,"You just lost, but that’s okay, you have 4 more tries.","Du hast diesen Kampf verloren, aber das ist okay. Du hast noch 4 weitere Versuche.",你输了，不过没关系，你还有4次重试机会。,負けちゃったけど大丈夫。あと4トライ残ってるからね。,"패배하셨지만, 괜찮습니다. 4번의 기회가 더 남아있거든요.",你輸了，不過沒關係，你還有4次重試機會。,"Vous venez de perdre, mais ce n'est pas grave, vous avez encore 4 essais.","Вы проиграли, но все в порядке — у вас еще 4 попытки.","Você acabou de perder, mas tudo bem, você tem mais 4 tentativas.","Acabas de perder, pero no pasa nada, te quedan 4 intentos más."
<!MissingKey:135:Dragon Knight>,Dragon Knight,Drachenritter,黏黏龙骑士,ドラゴンナイト,용기사,黏呼呼龍騎士,Chevalier dragon,Рыцарь-дракон,Cavaleiro Dragão,Caballero dragón
<!MissingKey:136:Wrench>,Wrench,Schraubenschlüssel,扳手,レンチ,렌치,扳手,Clé,Гаечный ключ,Chave Inglesa,Llave inglesa
<!MissingKey:137:King of the Bling>,King of the Bling,Krimskramskönig,珠宝之王,キンキラ・キング,반짝임의 왕,珠寶之王,Roi du bling-bling,Король побрякушек,Rei da Ostentação,El rey del bling bling
"<!MissingKey:138:There are so many nice types of ice out there, I don't understand why people only use the hexagonal one. Making ice cubes from cubic ice would be so much more elegant.>","There are so many nice types of ice out there, I don't understand why people only use the hexagonal one. Making ice cubes from cubic ice would be so much more elegant.","Es gibt so viele tolle Arten von Eis da draußen, aber alle interessieren sich immer nur für hexagonales Eis. Dabei würde kubisches Eis viel mehr Sinn machen für Eiswürfel.",冰块其实也有讲究，不同形状的冰块作用都不同。但是好像只有酒保会用到冰块的知识。,ボクは店主だから魔法のことが分からなくて、魔法を知るために旅をしてるんだ。その途中でこの手引きを知ったんだ。,"멋진 얼음이 이렇게 많은데, 사람들이 왜 육각형 얼음만 쓰는지 이해가 안되네요. 정육면체 얼음으로 조각을 만들면 훨씬 더 우아할 텐데 말이에요.",冰塊其實也有講究，不同形狀的冰塊作用都不同。但是好像只有酒保會用到冰塊的知識。,Il existe tellement de types de glaçons originaux que je ne comprends pas pourquoi les gens n'utilisent que ceux à six faces ,"Существует куча классных видов льда, а все почему-то выбирают только гексагональный. Кубики из кубического льда куда стильнее, согласны?","Существует куча классных видов льда, а все почему-то выбирают только гексагональный. Кубики из кубического льда куда стильнее, согласны?","Existem tantos tipos legais de gelo por aí, não entendo por que as pessoas só usam o hexagonal. Fazer cubos de gelo a partir de gelo cúbico seria muito mais elegante."
<!MissingKey:139:Water Elemental>,Water Elemental,Wasserelementar,水元素,水のエレメンタル,물의 정령,水元素,Élémentaire d'eau,Водный элементаль,Elemental da Água,Elemental de agua
<!MissingKey:140:Add $h[6] backpack slots. >,"Add $h[6] backpack slots. 

 $red[Items inside trigger $p_speed% slower.] $m[After $cds:] They trigger $p_speed2% faster instead. $t[Bag bought:] $shopchance% chance to restock with a $h[Puzzlebag].","Füge $h[6] Rucksackplätze hinzu. 

 $red[Gegenstände darin aktivieren $p_speed% langsamer.] $m[Nach $cds:] Sie aktivieren stattdessen $p_speed2% schneller. $t[Tasche gekauft:] $shopchance% Chance, mit einer $h[Puzzletasche] aufzufüllen.","增加$h[6]格背包槽位。

背包内物品触发速度慢$p_speed%。$m[$cds后：]包内物品触发速度则会加快$p_speed2%。$t[购买背包时：]商店有$shopchance%的几率再刷新一个$h[拼图背包]。","バックパックのスロットを$h[6]追加する 

$red[中にあるアイテムの使用速度が$p_speed%下がる] $m[$cd秒後：]その代わりに使用速度が$p_speed2%上がる $t[バッグ購入時：]$shopchance%の確率で$h[パズルバッグ]を補充する","배낭 슬롯을 $h[6]개 추가합니다.

내부에 위치한 아이템이 $p_speed% 느리게 발동합니다. $m[$cd초 후:] 그 대신 $p_speed2% 빠르게 발동합니다. $t[가방 구매 시:] $shopchance%의 확률로 $h[퍼즐가방]이 다시 입고됩니다.","增加$h[6]格背包槽位。

背包內物品觸發速度慢$p_speed%。$m[$cds後：]包內物品觸發速度則會加快$p_speed2%。$t[購買背包時：]商店有$shopchance%的幾率再刷新一個$h[拼圖背包]。","Ajoutez $h[6] emplacements de sac à dos. 

 Les objets à l'intérieur se déclenchent $p_speed % moins vite. $m[Après $cd s :] ils se déclenchent $p_speed2 % plus vite à la place. $t[Sac acheté :] $shopchance % de chance de réapprovisionner avec un $h[Énigmasac].","Добавляет $h[6] слотов к рюкзаку. 

 Предметы в этой сумке будут срабатывать на $p_speed% реже. $m[Через $cd сек.:] все меняется и предметы начинают срабатывать на $p_speed2% чаще. $t[При покупке сумки:] $shopchance% шанс появления на полке $h[ящика-паззла].","Adiciona $h[6] espaços na mochila. 

 Itens dentro ativam $p_speed% mais devagar. $m[Após $cd s:] Eles ativam $p_speed2% mais rápido. $t[Mochila comprada:] $shopchance% de chance de reabastecer com uma $h[Bolsa Enigmática].","Añade $h[6] espacios a la mochila. 

 Los objetos en su interior se activan un $p_speed % más lento. $m[Después de $cd s:] se activan un $p_speed2 % más rápido en su lugar. $t[Bolsa comprada:] $shopchance % de probabilidad de reabastecer con una $h[bolsa tetris]."
<!MissingKey:141:Black Queen>,Black Queen,Schwarze Dame,黑色皇后,黒のクイーン,블랙 퀸,黑色皇后,Dame noire,Темная королева,Rainha Preta,Reina negra
"<!MissingKey:142:Be friend, my water!>","Be friend, my water!","Sei Freund, mein Wasser!",动如流水，它本来就是水。,水よ、友になれ。,"내 친구가 되어주게, 물이여!",動如流水，它本來就是水。,"Faites comme l'ami, mon eau. Ou l'inverse !","Стань моим другом, водичка!","Seja meu amigo, minha água!","¡Sé amiga, aguo mío!"
<!MissingKey:143:Add $h[8] backpack slots. >,"Add $h[8] backpack slots. 

 Items won’t fuse when entering the shop. $t[Shop entered:] Generate a $h[Cog].","Fügt $h[8] Rucksackplätze hinzu. 

 Gegenstände verschmelzen nicht mehr, wenn der Laden betreten wird. $t[Laden betreten:] Erzeuge ein $h[Zahnrad].","增加$h[8]个背包槽位。

进入商店时你所有的物品都不会融合。$t[进入商店时：]生成一个$h[齿轮]。","バックパックのスロットを$h[8]追加する

ショップ入店時にアイテムが合成されない$t[ショップ入店時：]$h[歯車]1個を生成する","배낭 슬롯을 $h[8]개 추가합니다.

상점에 진입 시 아이템이 융합되지 않습니다. $t[상점 진입 시] $h[톱니]를 생성합니다.","增加$h[8]個背包槽位。

進入商店時你所有的物品都不會融合。$t[進入商店時：]生成一個$h[齿轮]。","Ajoutez $h[8] emplacements de sac à dos. 

 Les objets ne fusionnent pas lorsque vous entrez dans la boutique. $t[En entrant dans la boutique :] générez un $h[Rouage].","Добавляет $h[8] слотов к рюкзаку.

 Предметы не будут объединяться при переходе в магазин. $t[Переход в магазин:] создает одну $h[шестеренку].","Adiciona $h[8] espaços à mochila. 

 Os itens não se fundirão ao entrar na loja. $t[Ao entrar na loja:] Gera uma $h[Engrenagem].","Añade $h[8] espacios a la mochila. 

 Los objetos no se fusionarán al entrar en la tienda. $t[Al entrar en la tienda:] Genera un $h[engranaje]."
,,,,,,,,,,
<!MissingKey:145:You immediately feel a bit smarter.>,You immediately feel a bit smarter.,Du fühlst dich sofort etwas schlauer.,戴上后马上变聪明！,なんか賢くなった気がする。,바로 약간 더 똑똑해진 기분이 드네요.,戴上後馬上變聰明！,Vous vous sentez immédiatement un peu plus intelligent.,Моментально делает вас немного умнее.,Você imediatamente se sente um pouco mais inteligente.,"De pronto, te sientes un poco más inteligente."
<!MissingKey:146:Broccoli Goobert>,Broccoli Goobert,Brokkoli-Schlotzbert,西兰花黏黏,ブロッコリー・スラバート,브로콜리 슬돌이,西蘭花黏呼呼,Viskeu brocoli,Брокколи-Слаймер,Brócolis Gosberto,Viscosino de brócoli
<!MissingKey:147:The dragon can be a knight. The dragon can even be a princess if they want to.>,The dragon can be a knight. The dragon can even be a princess if they want to.,"Ein Drache kann ein Ritter sein. Er kann sogar eine Prinzessin sein, wenn er will. ",看起来更像是龙在骑黏黏。,ドラゴンだって騎士になれる。その気があれば姫にだって。,용은 기사가 될 수 있습니다. 심지어 본인이 원한다면 공주도 될 수 있죠.,看起來更像是龍在騎黏呼呼。,Libre au dragon de se sentir chevalier. Libre au dragon d'être une princesse s'il le souhaite.,Дракон может быть рыцарем. Или принцессой. Или кем захочет.,"O dragão pode ser um cavaleiro. O dragão pode até ser uma princesa, se quiser.","El dragón puede ser caballero. Hasta princesa, si quiere."
TUTORIAL_Stars,$star around the item means that it is affecting another item.,"Der kleine $star heißt, dass ein Gegenstand den anderen beeinflusst.",物品旁边的$star说明这个物品能和其他物品产生联动效果。,アイテムの周りにある$starは、ほかのアイテムと影響し合ってるってことだよ。,"아이템 주변의 $star은, 아이템이 다른 아이템에 영향을 주고 있음을 의미합니다.",物品旁邊的$star說明這個物品能和其他物品產生聯動效果。,"Lorsqu'il y a $star autour de l'objet, ça veut dire qu'un autre objet est affecté.","Если рядом с предметом $star — значит, он влияет на другой предмет.",$star ao redor do item significa que ele está afetando outro item.,Una $star alrededor del objeto significa que está afectando a otro objeto.
<!MissingKey:149:Sloth>,Sloth,Faultier,树懒,ナマケモノ,나무늘보,樹懶,Lenteur,Ленивец,Preguiça,Pereza
<!MissingKey:150:You gain more maximum health.>,You gain more maximum health.,Du erhältst mehr Maximalleben.,你获得更多最大生命值。,体力最大値の獲得量が増加する,더 많은 최대 체력을 획득합니다.,你獲得更多最大生命值。,Vous gagnez plus de PV max.,Вы получаете больше максимального здоровья.,Você ganha mais vida máxima.,Obtuviste más PS máx.
,,,,,,,,,,
<!MissingKey:152:You can read it in the dark since it glows. That’s why I love light novels.>,You can read it in the dark since it glows. That’s why I love light novels.,"Du kannst es im Dunkeln lesen, weil es leuchtet. Suuuper praktisch!",在黑夜中也能阅读。,少し光ってるから暗いところでも読めるよ。これだからライトノベルはやめられないってね。,빛이 나기 때문에 어두운 곳에서도 읽을 수 있습니다. 제가 라이트 노벨을 좋아하는 이유죠.,在黑夜中也能閱讀。,"Vous pouvez la lire dans l'obscurité, c'est pour ça que j'apprécie les romans brillant dans ce genre.","Светится в темноте, так что читать можно даже под одеялом. За это я и люблю «лайт-новеллы».","Você pode lê-lo no escuro, pois ele brilha. É por isso que eu adoro light novels.",Lo puedes leer en la oscuridad porque brilla. Por eso amo las novelas ligeras.
<!MissingKey:153:$c[Weapon sockets:] $m[On hit:] $p_chance_vamp% chance to gain $p_vampirism $vampirism. $c[Armor & other sockets:] $m[$p_buffs buffs gained:] Gain $p_block $bl. $c[Backpack:] +$chance% chance to duplicate buffs you gain.>,$c[Weapon sockets:] $m[On hit:] $p_chance_vamp% chance to gain $p_vampirism $vampirism. $c[Armor & other sockets:] $m[$p_buffs buffs gained:] Gain $p_block $bl. $c[Backpack:] +$chance% chance to duplicate buffs you gain.,"$c[Waffensockel:] $m[Bei Treffer:] $p_chance_vamp% Chance, $p_vampirism $vampirism zu erhalten. $c[Rüstung & andere Sockel:] $m[$p_buffs Buffs erhalten:] Erhalte $p_block $bl. $c[Rucksack:] +$chance% Chance, erzeugte Buffs zu duplizieren.",$c[放入武器槽：]$m[击中敌人时：]有$p_chance_vamp%几率获得$p_vampirism层$vampirism。$c[放入护甲或其他槽：]$m[获得$p_buffs层增益效果时：]获得$p_block点$bl。$c[放入背包：]复制你的获得的增益效果的几率+$chance%。,$c[武器に装着：] $m[ヒット時：]$p_chance_vamp%の確率で$p_vampirism $vampirism を獲得する $c[非武器に装着：] $m[$p_buffsバフ獲得毎：]$p_block $bl を獲得する $c[バックパックに配置：]バフを追加獲得する確率 +$chance%,$c[무기 소켓:] $m[적중 시:] $p_chance_vamp%의 확률로 $vampirism을 $p_vampirism 획득합니다. $c[방어구 및 기타 소켓:] $m[버프를 $p_buffs개 획득 시:] $bl를 $p_block 획득합니다. $c[배낭:] $chance%의 확률로 획득하는 버프를 복제합니다.,$c[放入武器槽：]$m[擊中敵人時：]有$p_chance_vamp%幾率獲得$p_vampirism層$vampirism。$c[放入護甲或其他槽：]$m[獲得$p_buffs層增益效果時：]獲得$p_block點$bl。$c[放入背包：]複製你的獲得的增益效果的幾率+$chance%。,$c[Emplacements d'armes :] $m[Par coup :] $p_chance_vamp % de chance de gagner $p_vampirism $vampirism. $c[Armure et autres emplacements :] $m[En gagnant $p_buffs bonus :] gagnez $p_block $bl. $c[Sac à dos :] +$chance % de chance de dupliquer les bonus que vous gagnez.,$c[В слоте оружия:] $m[При попадании:] шанс $p_chance_vamp% добавить $p_vampirism $vampirism. $c[В слоте брони/в другом слоте:] $m[При получении $p_buffs усилений:] добавляет $p_block $bl. $c[В рюкзаке:] +$chance% удвоить получаемые усиления.,$c[Soquetes de armas:] $m[Ao acertar:] $p_chance_vamp% de chance de ganhar $p_vampirism $vampirism. $c[Demais soquetes:] $m[$p_buffs buffs ganhos:] Ganha $p_block $bl. $c[Mochila:] +$chance% de chance de duplicar os buffs que você ganha.,$c[Ranuras de arma:] $m[Al golpear:] $p_chance_vamp % de probabilidad de obtener $p_vampirism $vampirism. $c[Ranuras de armadura y otras:] $m[$p_buffs ventajas obtenidas:] obtienes $p_block $bl. $c[Mochila:] +$chance % de probabilidad de duplicar las ventajas que obtienes.
<!MissingKey:154:Step on it -> Die.>,Step on it -> Die.,Tritt drauf -> stirb.,踩上去→死。,うっかり踏む → 死,유서 깊은 지뢰입니다.,踩上去→死。,Marchez dessus -> Mourrez.,Наступишь - умрешь. Все честно.,Pisou -> Morreu.,Pisarlo -> Morir.
<!MissingKey:155:Your opponent’s next critical hit will not be critical.>,Your opponent’s next critical hit will not be critical.,Der nächste kritische Treffer deines Gegners wird nicht kritisch sein.,对手对你的下一次暴击变为非暴击。,相手の次のクリティカルヒットがクリティカルでなくなる,상대의 다음 치명타가 치명타가 되지 않습니다.,對手對你的下一次暴擊變為非暴擊。,Le prochain coup critique de votre adversaire ne sera pas critique.,Следующий успешный критический удар противника точно не будет критическим.,O próximo acerto crítico do seu oponente não será crítico.,El siguiente golpe de tu rival no será crítico.
<!MissingKey:156:Stankus’ Toothpick>,Stankus’ Toothpick,Stinkus Zahnstocher,臭臭牙签,スタンクスの爪楊枝,악취왕의 이쑤시개,臭臭牙籤,Cure-dent de Stankus,Зубочистка Станкуса,Palito de Dente de Fedidus,Escarbadientes de Stankus
<!MissingKey:157:$t[On hit:] Gain $p_regen $regen and $p_luck $lucky. >,"$t[On hit:] Gain $p_regen $regen and $p_luck $lucky. 

 Deals +$p_dam damage per $regen. 

 Triggers $p_speed% faster for each \~$affected $nature-item.","$t[Bei Treffer:] Erhalte $p_regen $regen und $p_luck $lucky. 

 Verursacht +$p_dam Schaden pro $regen. 

 Attackiert $p_speed% schneller pro \~$affected $nature-Gegenstand.","$t[击中对手：]获得$p_regen层$regen和$p_luck点$lucky。

每有一层$regen，使其造成的伤害+$p_dam。

每有一个$affected的$nature物品，触发速度快$p_speed%。","$t[ヒット時：]$p_regen $regen と$p_luck $lucky 獲得する

$regen 1スタックにつき与ダメージ +$p_dam

$affectedにある $nature アイテム1個につき使用速度が$p_speed%上がる","$t[적중 시:] $regen을 $p_regen, $lucky을 $p_luck 획득합니다.

$regen마다 가하는 피해가 $p_dam 증가합니다.

$affected에 위치한 $nature 아이템마다 $p_speed% 빠르게 발동합니다.","$t[擊中對手：]獲得$p_regen層$regen和$p_luck點$lucky。

每有一層$regen，使其造成的傷害+$p_dam。

每有一個$affected的$nature物品，觸發速度快$p_speed%。","$t[Par coup :] gagnez $p_regen $regen et $p_luck $lucky. 

 Inflige +$p_dam de dégâts par $regen. 

 Se déclenche $p_speed % plus vite pour chaque objet $nature $affected.","$t[При попадании:] добавляет $p_regen $regen и $p_luck $lucky. 

 Наносит +$p_dam урона за каждый эффект $regen. 

 Срабатывает на $p_speed% чаще за каждый $affected $nature-предмет.","$t[Ao acertar:] Ganha $p_regen $regen e $p_luck $lucky. 

 Causa +$p_dam de dano por $regen. 

 Ativa-se $p_speed% mais rápido por cada item-$nature $affected.","$t[Al golpear:] Obtiene $p_regen $regen y $p_luck $lucky. 

 Inflige +$p_dam de daño por $regen. 

 Se activa un $p_speed % más rápido por cada $affected objeto de $nature."
"<!MissingKey:158:No idea what this blade is about, it just says ""NULL"". Ooooh. >","No idea what this blade is about, it just says ""NULL"". Ooooh. ","Meine Datenbank sagt nichts über diese Klingt, da steht nur ""NULL"". Ooooh. ",我对这把武器毫无头绪，就像它的名字“虚无”一样。,この剣に関する情報は何も無いよ。あったら「無」じゃないからね。,"뭐하는 칼인진 모르겠는데, 뒤쪽에 ""NULL""이라고 써있네요.",我對這把武器毫無頭緒，就像它的名字“虛無”一樣。,"Je ne sais pas à quoi sert cette lame, il y a juste écrit « NULLE » dessus. Oooh…",Что делает этот клинок? Без понятия. На нем написано «НИЧТО». Хмм...,"Nem ideia do que essa lâmina significa, só diz ""NULL"". Ooooh.","Ni idea de qué hace esta espada, solo pone «NULL». Ajá..."
"<!MissingKey:159:$t[After $cds-$cd2s:] Consume this and deal $dam $effect damage, inflict $p_blind $blind for $p2s and for each $affected2 $holy-item, heal for $p_heal.>","$t[After $cds-$cd2s:] Consume this and deal $dam $effect damage, inflict $p_blind $blind for $p2s and for each $affected2 $holy-item, heal for $p_heal.","$t[Nach $cds-$cd2s:] Trinke aus und verursache $dam $effect Schaden, \~$p_blind $blind für $p2s und heile $p_heal pro \~$affected2 $holy-Gegenstand.",$t[$cds-$cd2s后：]消耗此物品，造成$dam点$effect伤害，向对手施加$p_blind层$blind，持续$p2s，并且每有一个$affected2的$holy物品，恢复$p_heal点生命值。,$t[$cd秒～$cd2秒後：]このアイテムを消費して、$dam $effect ダメージを与え、$p2秒間$p_blind $blind を付与し、$affected2にある $holy アイテム1個につき体力を$p_heal回復する,"$t[$cd초-$cd2초 후:] 포션을 소모해 $effect 피해를 $dam 가하고, $affected2에 위치한 $holy 아이템마다 $p2초 동안 $blind을 $p_blind 부여하고, 체력을 $p_heal 회복합니다.",$t[$cds-$cd2s後：]消耗此物品，造成$dam點$effect傷害，向對手施加$p_blind層$blind，持續$p2s，並且每有一個$affected2的$holy物品，恢復$p_heal點生命值。,"$t[Après $cd s-$cd2 s :] utilisez ceci et infligez $dam de dégâts $effect, infligez $p_blind $blind pendant $p2 s et pour chaque objet $holy $affected2, guérissez de $p_heal.","$t[Через $cd-$cd2 сек.:] исчезая наносит $dam $effect урона, накладывая на противника $p_blind $blind на $p2 сек., а за каждый $affected2 $holy-предмет восстанавливает $p_heal здоровья.","$t[Após $cd s-$cd2 s:] Consome este item e causa $dam $effect de dano, inflige $p_blind $blind por $p2 s e, para cada item-$holy $affected2, cura $p_heal.","$t[Tras $cd s-$cd2 s:] Consume esto e inflige $dam $effect de daño y $p_blind $blind durante $p2 s, y por cada $affected2 objeto de $holy, recupera $p_heal."
<!MissingKey:160:$t[Capturing:] Gain $p_vampirism $vampirism. $t[Eliminated:] Remove $p_stamina stamina from your opponent.>,$t[Capturing:] Gain $p_vampirism $vampirism. $t[Eliminated:] Remove $p_stamina stamina from your opponent.,$t[Schlägt:] Erhalte $p_vampirism $vampirism. $t[Wird eliminiert:]\~ Entferne $p_stamina Ausdauer deines Gegners.,$t[吃掉其他棋子时：]获得$p_vampirism层$vampirism。$t[被吃掉时：]移除对手$p_stamina点耐力。,$t[取る時：]$p_vampirism $vampirism を獲得する $t[取られる時：]相手からスタミナを$p_stamina除去する,$t[포획 시:] $vampirism을 $p_vampirism 획득합니다. $t[제거될 시:] 상대의 스태미나를 $p_stamina 제거합니다.,$t[吃掉其他棋子時：]獲得$p_vampirism層$vampirism。$t[被吃掉時：]移除對手$p_stamina點耐力。,$t[À la capture :] gagnez $p_vampirism $vampirism. $t[À l'élimination :] retirez $p_stamina d'endurance à votre adversaire.,$t[При захвате:] добавляет $p_vampirism $vampirism. $t[При уничтожении:] снимает с противника $p_stamina энергии.,$t[Ao capturar:] Ganha $p_vampirism $vampirism. $t[Eliminado:] Remove $p_stamina de vigor do oponente.,$t[Al capturar:] obtienes $p_vampirism $vampirism. $t[Al ser eliminado:] le quitas $p_stamina de resistencia a tu rival.
<!MissingKey:161:$h[Chess Pieces] are offered in the shop. $t[On buy:] Spend $p_gold $gold to generate a $h[Black Pawn] and a $h[White Pawn]. $t[Every $cds:] A $h[Chess Piece] takes a turn. $t[Rules:] >,"$h[Chess Pieces] are offered in the shop. $t[On buy:] Spend $p_gold $gold to generate a $h[Black Pawn] and a $h[White Pawn]. $t[Every $cds:] A $h[Chess Piece] takes a turn. $t[Rules:] 
 1. White begins. 
 2. Pieces can capture $affected pieces. 
 3. Pieces that can capture, will capture. 
 4. If no piece can capture, one will move to one of its $affected squares.","$h[Schachfiguren] werden im Laden angeboten. $t[Bei Kauf:] Nutze $p_gold $gold und generiere einen $h[Schwarzen Bauern] und einen $h[Weißen Bauern]. $t[Alle $cds:] Eine $h[Schachfigur] macht ihren Zug. $t[Regeln:] 
 1. Weiß beginnt. 
 2. Figuren können $affected Figuren schlagen. 
 3. Eine Figur, die schlagen kann, wird schlagen. 
 4. Ansonsten bewegt sie sich auf ein $affected Feld.","$h[棋子]会在上商店出售。$t[购买此物品时：]花费$p_gold枚$gold生成一枚$h[黑色棋子]和一枚$h[白色棋子]。$t[每$cds：] $h[棋子]将进行下一回合。$t[规则：] 
 1.白棋先走。
 2.棋子可以吃掉$affected的棋子。
 3.如果棋子可以吃掉其他棋子，那就去会吃掉。
 4.如果没有棋子可以吃，那就会移动到$affected的方格。","$h[チェスの駒]がショップで売られるようになる $t[購入時：]$p_gold $gold を消費して、$h[黒のポーン]と$h[白のポーン]を生成する $t[$cd秒毎：]$h[チェスの駒]の手番が変わる $t[ルール：] 
 1. 白の手番から開始する 
 2. 駒は$affectedにある駒を取れる 
 3. 駒が取れる場合は駒を取る 
 4. 取れる駒がない場合、$affectedにあるマスのひとつに移動する","$h[체스 기물]이 상점에 등장합니다. $t[구매 시:] $gold를 $p_gold 소모해 $h[블랙 폰]과 $h[화이트 폰]을 생성합니다. $t[$cd초마다:] $h[체스 기물]이 턴을 진행합니다. $t[규칙:] 
1. 화이트부터 시작합니다. 
 2. 기물들은 $affected에 위치한 기물을 포획할 수 있습니다. 
3. 기물을 포획할 수 있다면, 포획합니다. 
 4. 포획할 수 있는 기물이 없다면, 기물 중 하나가 자신의 $affected 칸 중 하나로 이동합니다.","$h[棋子]會在上商店出售。$t[購買此物品時：]花費$p_gold枚$gold生成一枚$h[黑色棋子]和一枚$h[白色棋子]。$t[每$cds：] $h[棋子]將進行下一回合。$t[規則：] 
 1.白棋先走。
 2.棋子可以吃掉$affected的棋子。
 3.如果棋子可以吃掉其他棋子，那就去會吃掉。
 4.如果沒有棋子可以吃，那就會移動到$affected的方格。","Les $h[Pièces d'échecs] sont disponibles dans la boutique $t[À l'achat :] dépensez $p_gold $gold pour générer un $h[Pion noir] et un $h[Pion blanc]. $t[Toutes les $cd s :] une $h[Pièce d'échecs] joue un tour. $t[Règles :] 
 1. Les blancs commencent. 
 2. Des pièces peuvent capturer les pièces $affected. 
 3. Les pièces qui peuvent capturer, effectueront une capture. 
 4. Si aucune pièce ne peut capturer, elle se déplace vers l'une des cases $affected.","$h[Шахматные фигуры] будут продаваться в магазине. $t[При покупке:] потратьте $p_gold $gold, чтобы призвать $h[Темную пешку] и $h[Светлую пешку]. $t[Раз в $cd сек.:] одна из $h[шахматных фигур] делает ход. $t[Правила:] 
 1. Ход начинают светлые. 
 2. Фигуры могут захватывать $affected-фигуры. 
 3. Если фигура может захватить — она захватывает. 
 4. Если никто не может захватить — одна фигура делает ход на одну из своих $affected-полей.","$h[Peças de Xadrez] são oferecidas na loja. $t[Ao comprar:] Gasta $p_gold $gold para gerar um $h[Peão Preto] e um $h[Peão Branco]. $t[A cada $cd s:] Uma $h[Peça de Xadrez] faz sua rodada. $t[Regras:] 
 1. O Branco começa. 
 2. Peças podem capturar peças $affected. 
 3. Peças que podem capturar, irão capturar. 
 4. Se nenhuma peça puder capturar, uma se moverá para uma de suas casas $affected.","$h[Piezas de ajedrez] están disponibles en la tienda. $t[Al comprarlas:] gastas $p_gold $gold para crear un $h[peón blanco] y un $h[peón negro]. $t[Cada $cd s:] una $h[pieza de ajedrez] realiza su turno. $t[Reglas:] 
 1. El blanco inicia. 
 2. Las piezas pueden capturar $affected piezas. 
 3. Las piezas que puedan capturar, lo harán. 
 4. Si ninguna pieza puede capturar, una se moverá a otra de sus $affected casillas."
<!MissingKey:162:Plastic Cube>,Plastic Cube,Plastik-Würfel,塑料立方体,プラスチックキューブ,플라스틱 입방체,塑膠立方體,Cube en plastique,Пластиковый куб,Cubo de Plástico,Cubo de plástico
<!MissingKey:163:Tesla Coil>,Tesla Coil,Teslaspule,特斯拉线圈,テスラコイル,테슬라 코일,特斯拉線圈,Bobine Tesla,Катушка Теслы,Bobina de Tesla,Bobina de Tesla
"<!MissingKey:164:Stop praying to the amulet, it's like praying to a lamp.>","Stop praying to the amulet, it's like praying to a lamp.","Hör auf, das Amulett anzubeten, das ist, als würde man zu einer Lampe beten.",别再对着护符祈祷了，那和对着一盏灯祈祷没区别。,アミュレットに祈ってから買ったってムダだよ。欲しいのなんて出ないんだから。,아뮬렛에게 기도하지 마세요. 램프에게 기도하는 것과 마찬가지입니다.,別再對著護符祈禱了，那和對著一盞燈祈禱沒區別。,"Arrêtez de prier l'amulette, c'est comme prier une lampe.",Хватит молиться амулету. Это все равно что молиться лампе.,"Pare de rezar para o amuleto, é como rezar para uma lâmpada.","Deja de rezarle al amuleto, es como rezarle a una lámpara."
<!MissingKey:165:It's literally free money!>,It's literally free money!,Gratis Geld!,送你钱呢！,実質無料！,부르는 게 값입니다!,送你錢呢！,C'est littéralement de l'argent gratuit !,В ней буквально бесплатные деньги!,É literalmente dinheiro de graça!,¡Es literalmente dinero gratis!
ITEMLIBRARY_Subclass,Subclass item for {subclass},Unterklassen-Gegenstand für {subclass},{subclass}的子职业物品,{subclass}のサブクラスアイテム,{subclass} 보조 직업 아이템,{subclass}的子職業物品,Objet de sous-classe pour {subclass},Предмет подкласса {subclass},Item de Subclasse para {subclass},Objeto de subclase para {subclass}
<!MissingKey:167:Power Pilot>,Power Pilot,Mechapilot,动力驾驶员,パワーパイロット,전투 파일럿,動力駕駛員,Pilote de puissance,Энергопилот,Piloto de Energia,Piloto del poder
<!MissingKey:168:Improved Whetstone>,Improved Whetstone,Verbesserter Wetzstein,强化磨刀石,仕上砥石,개선된 숫돌,強化磨刀石,Pierre à aiguiser améliorée,Точильный камень+,Pedra de Amolar Improvisada,Piedra de afilar mejorada
"<!MissingKey:169:$t[Capturing:] Gain $p_heat2 $heat. \~ If this is the first time, gain $p_heat1 $heat instead. $t[Eliminated:] Become invulnerable for $p2s.>","$t[Capturing:] Gain $p_heat2 $heat. \~ If this is the first time, gain $p_heat1 $heat instead. $t[Eliminated:] Become invulnerable for $p2s.",$t[Schlägt:] Erhalte $p_heat2 $heat. \~ Beim ersten Mal erhalte stattdessen \~$p_heat1 $heat. $t[Wird eliminiert:]\~ Werde für $p2s unverwundbar.,$t[吃掉其他棋子时：]获得$p_heat2层$heat。如果是第一次触发，则获得$p_heat1层$heat。$t[被吃掉时：]变为无敌，持续$p2s。,$t[取る時：]$p_heat2 $heatを獲得する。初めて駒を取る場合、代わりに$p_heat1 $heat を獲得する $t[取られる時：]$p2秒間、無敵状態になる,"$t[포획 시:] $heat를 $p_heat2 획득합니다. \~ 처음으로 획득하는 거라면, 그 대신 $heat를 $p_heat1 획득합니다.$t[제거될 시:] $p2초 동안 무적 상태가 됩니다.",$t[吃掉其他棋子時：]獲得$p_heat2層$heat。如果是第一次觸發，則獲得$p_heat1層$heat。$t[被吃掉時：]變為無敵，持續$p2s。,"$t[À la capture :] gagnez $p_heat2 $heat. Si c'est la première fois, gagnez $p_heat1 $heat à la place. $t[À l'élimination :] devenez invulnérable pendant $p2 s.","$t[При захвате:] добавляет $p_heat2 $heat. В первый раз, вместо этого добавляет $p_heat1 $heat. $t[При уничтожении:] герой становится неуязвимым в течение $p2 сек.","$t[Ao capturar:] Ganha $p_heat2 $heat. Se for a primeira vez, ganha $p_heat1 $heat em vez disso. $t[Eliminado:] Fica invulnerável por $p2 s.","$t[Al capturar:] obtienes $p_heat2 $heat. Si es la primera vez, obtienes $p_heat1 $heat en su lugar. $t[Al ser eliminado:] te vuelves invulnerable durante $p2 s."
BUTTON_StatIcons,Character Stat Icons,Charakterstatus Icons,角色状态图标,キャラステータスアイコン,캐릭터 정보 아이콘,角色狀態圖示,Icônes de statistiques des personnages,Иконки характеристик персонажей,Ícones de Estatísticas de Personagem,Iconos de estadísticas de personaje
<!MissingKey:171:$poison on your opponent has $chance% critical hit chance per $lucky. $t[$affected $h[Weapon] deals $p_damt damage:] \~Inflict $p_poison $poison. >,$poison on your opponent has $chance% critical hit chance per $lucky. $t[$affected $h[Weapon] deals $p_damt damage:] \~Inflict $p_poison $poison. ,$poison auf deinem Gegner hat $chance% kritische Trefferchance pro $lucky. $t[$affected $h[Waffe] verursacht $p_damt Schaden:] \~Verursache $p_poison $poison.,你每有1点$lucky时，对手身上$poison的暴击几率提高$chance%。$t[$affected的$h[武器]造成$p_damt点伤害时：]向对手施加$p_poison层$poison。,$lucky 1スタックにつき、相手に与える $poison のクリティカル率 +$chance%$t[$affectedにある$h[武器]で$p_damtダメージ与える毎：]$p_poison $poison を付与する,상대에게 $poison을 부여할 때 $lucky마다 $chance%의 치명타 확률을 지닙니다. $t[$affected에 위치한 $h[무기]가 피해를 $p_damt 가할 시:] $poison을 $p_poison 부여합니다.,你每有1點$lucky時，對手身上$poison的暴擊幾率提高$chance%。$t[$affected的$h[武器]造成$p_damt點傷害時：]向對手施加$p_poison層$poison。,$poison de votre adversaire a $chance % de chance de coup critique par $lucky. $t[Une $h[Arme] $affected inflige $p_damt de dégâts :] infligez $p_poison $poison.,$poison на противнике повышает шанс нанести критический удар на $chance% за каждый эффект $lucky. $t[Когда $affected $h[оружие] наносит $p_damt урона:] накладывает на противника $p_poison $poison.,$poison em seu oponente tem $chance% de chance de acerto crítico por $lucky. $t[$h[Arma]$affected causa $p_damt de dano:] Inflige $p_poison $poison.,$poison en tu rival tiene un $chance % de probabilidad de golpe crítico por $lucky. $t[El $affected $h[arma] inflige $p_damt de daño:] inflige $p_poison $poison.
,,,,,,,,,,
<!MissingKey:173:Arcane Boots>,Arcane Boots,Arkane Stiefel,奥术长靴,神秘のブーツ,비전 부츠,奧術長靴,Bottes arcaniques,Сапоги арканы,Botas Arcanas,Botas arcanas
<!MissingKey:174:You take more damage from all sources. >,You take more damage from all sources. ,Du nimmst mehr Schaden von jeder Quelle.,所有来源伤害增加。,受けるすべてのダメージが増加する,받는 모든 피해가 증가합니다.,所有來源傷害增加。,Tous les dégâts subis sont augmentés.,Весь получаемый урон повышается.,Todo o dano sofrido é aumentado.,Todo el daño recibido se incrementa.
"<!MissingKey:175:Triggers $p_speed% slower, then $p_speed2% faster \~($bag).>","Triggers $p_speed% slower, then $p_speed2% faster \~($bag).","Aktiviert $p_speed% langsamer, dann $p_speed2% schneller \~($bag).",触发速度先慢$p_speed%，然后再快$p_speed2%（$bag）。,使用速度が$p_speed%下がる。その後、使用速度が$p_speed2%上がる（$bag）,"$p_speed% 느리게 발동한 뒤에, $p_speed2% 빠르게 발동합니다 \~($bag).",觸發速度先慢$p_speed%，然後再快$p_speed2%（$bag）。,"Se déclenche $p_speed % moins vite, puis $p_speed2 % plus vite ($bag).","Срабатывает на $p_speed% реже, а затем на $p_speed2% чаще ($bag).","Ativa $p_speed% mais devagar, depois $p_speed2% mais rápido ($bag).","Se activa un $p_speed % más lento, luego un $p_speed2 % más rápido ($bag)."
<!MissingKey:176:$t[Start of battle:] Gain $p_heat $heat. $reflect[Reflect] $p_reflect debuffs. $t[On hit:] Heal for $p_heal. $t[$affected item activates:] Advance cooldown by $p_advance%.>,$t[Start of battle:] Gain $p_heat $heat. $reflect[Reflect] $p_reflect debuffs. $t[On hit:] Heal for $p_heal. $t[$affected item activates:] Advance cooldown by $p_advance%.,$t[Kampfbeginn:] Erhalte $p_heat $heat. $reflect[Reflektiere] $p_reflect Debuffs. $t[Bei Treffer:] Heile um $p_heal. $t[$affected Gegenstand aktiviert:] Beschleunige Abklingzeit um $p_advance%.,$t[战斗开始时：]获得$p_heat层$heat。$reflect[反弹] $p_reflect层减益效果。$t[击中对手：]恢复生命值$p_heal点。$t[$affected的物品激活时：]快进$p_advance%冷却时间。,$t[バトル開始時：]$p_heat $heat を獲得し、$p_reflectデバフを$reflect[反射]する $t[ヒット時：]体力を$p_heal回復する $t[$affectedにあるアイテム発動時：]クールダウンを$p_advance%進める,$t[전투 시작 시:] $heat를 $p_heat 획득합니다. 디버프를 $p_reflect개 $reflect[반사]합니다. $t[적중 시:] 체력을 $p_heal 회복합니다. $t[$affected에 위치한 아이템 발동 시:] 재사용 대기 시간이 $p_advance% 앞당겨집니다.,$t[戰鬥開始時：]獲得$p_heat層$heat。$reflect[反彈] $p_reflect層減益效果。$t[擊中對手：]恢復生命值$p_heal點。$t[$affected的物品啟動時：]快進$p_advance%冷卻時間。,$t[Au début du combat :] gagnez $p_heat $heat. $reflect[Renvoyez] $p_reflect de malus. $t[Par coup :] guérissez de $p_heal. $t[En activant un objet $affected :] avancez le temps de recharge de $p_advance %.,$t[Начало боя:] добавляет $p_heat $heat. $reflect[Отражает] до $p_reflect негативных эффектов. $t[При попадании:] восстанавливает $p_heal здоровья. $t[При срабатывании $affected предмета:] ускоряет перезарядку на $p_advance%.,$t[Início da batalha:] Ganha $p_heat $heat. $reflect[Reflete] $p_reflect debuffs. $t[Ao acertar:] Cura por $p_heal. $t[Ativa item $affected:] Avança o tempo de recarga em $p_advance%.,$t[Al comienzo de la batalla:] obtienes $p_heat $heat. $reflect[Devuelves] $p_reflect desventajas. $t[Al golpear:] te curas [$p_heal. $t[$affected objeto se activa:] adelantas la recarga un $p_advance %.
<!MissingKey:177:Slice of Bread>,Slice of Bread,Weißbrot,吐司,食パン,빵 한 조각,吐司,Tranche de pain,Ломтик хлеба,Fatia de Pão,Rebanada de pan
Cube_HINT,"If $h[another cube] advanced the \~$affected item’s cooldown before, cooldown advance is $red[reduced by] $p_penalty%.","Wenn bereits $h[ein anderer Würfel] die Abklingzeit des $affected Gegenstandes nach vorn gesetzt hat, wird sie $p_penalty% $red[weniger] nach vorn gesetzt.",如果$h[另一个立方体]之前推进过$affected的物品的冷却进度，则这个立方体的冷却进度推进效果$red[减少]$p_penalty%。,$h[別のキューブ]がすでに$affectedにあるアイテムのクールダウンを進めている場合、クールダウンの短縮時間は$p_penalty%$red[減少]する,"$h[다른 입방체]가 이전에 $affected에 위치한 아이템의 재사용 대기 시간을 앞당겼다면, 앞당겨지는 시간이 $p_penalty%만큼 $red[줄어듭니다].",如果$h[另一個立方體]之前推進過$affected的物品的冷卻進度，則這個立方體的冷卻進度推進效果$red[減少]$p_penalty%。,Si $h[un autre cube] a déjà réduit le temps de recharge de l'objet $affected le temps de recharge est $red[réduit de] $p_penalty %.,"Если $h[другой куб] уже сократил время перезарядки $affected предмета, повторное снижение перезарядки $red[уменьшается на] $p_penalty%.","Se $h[outro cubo] já acelerou a recarga do item $affected antes, a aceleração de recarga é $red[reduzida em] $p_penalty%.","Si $h[otro cubo] avanza la recarga del $affected objeto antes, el avance de la recarga se $red[reduce un] $p_penalty %."
<!MissingKey:179:Blue Sage Collar>,Blue Sage Collar,Blausalbeianhänger,蓝色鼠尾草花项圈,青セージの首飾り,파란 세이지 목걸이,藍色鼠尾草花項圈,Collier sauge bleue,Ошейник мудрости,Coleira de Sálvia Azul,Collar de salvia azul
<!MissingKey:180:$h[Gemstones] are offered in the shop. $t[Shop entered:] Generate $h[2] chipped $h[Gemstones]. $t[Start of battle:] Gain $p_maxhealth maximum health for each socketed $h[Gemstone].>,$h[Gemstones] are offered in the shop. $t[Shop entered:] Generate $h[2] chipped $h[Gemstones]. $t[Start of battle:] Gain $p_maxhealth maximum health for each socketed $h[Gemstone].,$h[Edelsteine] werden im Laden angeboten. $t[Laden betreten:]\~ Erzeuge $h[2] lädierte $h[Edelsteine]. $t[Kampfbeginn:]\~ Erhalte $p_maxhealth Maximalleben für jeden gesockelten $h[Edelstein].,$h[宝石]将在商店出售。$t[进入商店时：]生成$h[2]个$h[宝石]碎片。$t[战斗开始时：]每有一个镶入槽位的$h[宝石]，获得$p_maxhealth点最大生命值。,$h[宝石]がショップで売られるようになる $t[ショップ入店時：]欠けた$h[宝石]を$h[2]個生成する $t[バトル開始時：]装着した$h[宝石]1個につき体力最大値が$p_maxhealth増える,$h[보석]이 상점에 등장합니다. $t[상점 진입 시:] 깨진 $h[보석]을 $h[2]개 생성합니다. $t[전투 시작 시:] 소켓에 배치된 $h[보석]마다 최대 체력을 $p_maxhealth 획득합니다.,$h[寶石]將在商店出售。$t[進入商店時：]生成$h[2]個$h[寶石]碎片。$t[戰鬥開始時：]每有一個鑲入槽位的$h[寶石]，獲得$p_maxhealth點最大生命值。,Des $h[Pierres précieuses] sont disponibles dans la boutique. $t[En entrant dans la boutique :] générez $h[2] $h[Pierres précieuses] fragmentées. $t[Au début du combat :] gagnez $p_maxhealth de PV max pour chaque $h[Pierre précieuse] incrustée.,$h[Самоцветы] будут продаваться в магазине. $t[Переход в магазин:] создает $h[2] случайных осколка $h[самоцвета]. $t[Начало боя:] добавляет $p_maxhealth максимального здоровья за каждый размещенный в слоте предмета $h[самоцвет].,$h[Gemas] estão disponíveis na loja. $t[Ao entrar na loja:] Gera $h[2] $h[Gemas] lascadas. $t[Início da batalha:] Ganha $p_maxhealth de vida máxima por cada $h[Gema] encaixada.,Las $h[gemas] se venden en la tienda. $t[Al entrar en la tienda:] creas $h[2] $h [gemas] rotas. $t[Al comienzo de la batalla:] obtienes $p_maxhealth PS máx por cada $h[gema] engarzada.
"<!MissingKey:181:$t[Every $p_hits hits:] $h[Charge] the $lightning items for $p2s. While charged, they trigger $p_speed% faster (stacking with each $lightning).>","$t[Every $p_hits hits:] $h[Charge] the $lightning items for $p2s. While charged, they trigger $p_speed% faster (stacking with each $lightning).","$t[Alle $p_hits Treffer:] $h[Lade] die $lightning Gegenstände für $p2s auf. Solange sie geladen sind, aktivieren sie $p_speed% schneller (stapelbar für jeden $lightning!).",$t[每命中$p_hits次：]使$lightning物品获得$h[电荷]，持续$p2s。获得电荷时，它们的触发速度快$p_speed%（每个$lightning叠加一次）。,$t[$p_hits回ヒット毎：]$p2秒間 $lightning にあるアイテムを$h[通電]させる。アイテムは通電中、使用速度が$p_speed%上がる（$lightning の数に応じて効果は重複する）,"$t[$p_hits번 적중할 때마다:] $lightning에 위치한 아이템을 $p2초 동안 $h[전하]를 보유하게 합니다. 전하를 보유한 동안, 그 아이템들이 $p_speed% 빠르게 발동합니다 ($lightning마다 중첩됩니다).",$t[每命中$p_hits次：]使$lightning物品獲得$h[電荷]，持續$p2s。獲得電荷時，它們的觸發速度快$p_speed%（每個$lightning疊加一次）。,$t[Tous les $p_hits coups :] $h[chargez] les objets $lightning pendant $p2 s. [Pendant la charge :] ils se déclenchent $p_speed % plus vite (cumul pour chaque $lightning).,$t[После каждого $p_hits-го попадания:] $h[заряжает] $lightning-предметы на $p2 сек. Заряженные предметы срабатывают на $p_speed% чаще (эффект суммируется за каждый эффект $lightning).,"$t[A cada $p_hits acertos:] $h[Carrega] os itens $lightning por $p2 s. Quando carregados, eles ativam $p_speed% mais rápido (acumulando a cada $lightning).","$t[Cada $p_hits golpes:] $h[Carga] los $lightning objetos durante $p2 s. Al cargarse, se activan un $p_speed % más rápido (se acumulan con cada $lightning)."
<!MissingKey:182:Puzzlebox>,Puzzlebox,Puzzlekiste,拼图背包,パズルボックス,퍼즐상자,拼圖背包,Boîte énigmatique,Ящик-паззл,Caixa de Quebra-Cabeça,Caja de rompecabezas
"<!MissingKey:183:I would not call you enchanting, more like...bewitching, maybe?>","I would not call you enchanting, more like...bewitching, maybe?",Ich würde dich jetzt nicht bezaubernd nennen... eher verhexend vielleicht?,我不会说你很迷人，我会说你更像是……蛊惑人心？,魔法というよりは呪いに近いかな。,매력적인 게 아니라...매혹적인?,我不會說你很迷人，我會說你更像是……蠱惑人心？,"Je ne vous qualifierais pas d'envoûtante, mais plutôt de… fascinante, peut-être ?","Я бы не сказал, что ты очаровываешь… скорее околдовываешь.","Eu não diria que você é encantador, está mais para... enfeitiçador, talvez?","Yo no te llamaría encantadora, más bien… ¿hechizante, tal vez?"
<!MissingKey:184:Additional Damage Taken: {val}>,Additional Damage Taken: {val},Erhöhter eingehender Schaden: {val},承受额外伤害：{val},追加被ダメージ：{val},받는 피해 추가: {val},承受額外傷害：{val},Dégâts subis supplémentaires : {val},Повышение получаемого урона: {val}.,Dano Adicional Sofrido: {val},Daño adicional recibido: {val}
<!MissingKey:185:Always strive for the biggest possible WATZ.>,Always strive for the biggest possible WATZ.,Strebe immer nach dem größtmöglichen WATZ.,永远追求尽可能最大的瓦数。,100年に1度とされた3年前を超す最大のワット数。,최대한 기가한 와츠가 되기 위해 노력 중입니다.,永遠追求盡可能最大的瓦数。,"Mais enfin, c'est quoi un Gigowatt ?",Всегда гонись за самыми большими ВАТЦами.,Sempre almeje o maior WATZ possível.,Esfuérzate siempre por conseguir el VATIO más grande posible.
<!MissingKey:186:Con-Trap-Tron>,Con-Trap-Tron,Rein-Fall-Inator,陷阱装置,コン・トラップ・トロン,속았지-트론,陷阱裝置,Piègeotron,Ловушкотрон,Robô-dilha,Con-Trampa-Trón
<!MissingKey:187:You can have unlimited $h[Spirit Companions]. $t[Start of battle:] Reduce damage taken by $p_damreduction% for $p2s + $p3s for each $h[distinct] \~$affected $h[Pet]. $t[After $cds:] Gain $p_buffs% of your buffs.>,You can have unlimited $h[Spirit Companions]. $t[Start of battle:] Reduce damage taken by $p_damreduction% for $p2s + $p3s for each $h[distinct] \~$affected $h[Pet]. $t[After $cds:] Gain $p_buffs% of your buffs.,Du kannst beliebig viele $h[Geistgefährten] haben. $t[Kampfbeginn:] Reduziere den erhaltenen Schaden um $p_damreduction% für \~$p2s + $p3s pro $h[Art von] $affected $h[Gefährten]. $t[Nach $cds:] Erhalte $p_buffs% deiner Buffs.,你可以拥有无限数量的$h[幽灵动物伙伴]。$t[战斗开始时：]减少$p_damreduction%受到的伤害，持续$p2s，且每有一只$h[不重复]的$affected的$h[宠物]，持续时间再+$p3s。$t[$cds后：]获得当前增益的$p_buffs%。,$h[精霊]を何体でも従えられる $t[バトル開始時：]$p2秒間（$affectedにある$h[ペット]1$h[種類]につき +$p3秒）、受けるダメージ -$p_damreduction% $t[$cd秒後：]自分のバフの$p_buffs%分を獲得する,$h[동료 영혼]을 무제한으로 보유할 수 있습니다. $t[전투 시작 시:] $p2초 + $affected에 위치한 $h[개별] $h[펫]마다 $p3초 동안 받는 피해가 $p_damreduction% 감소합니다. $t[$cd초 후:] 내 버프의 $p_buffs%를 획득합니다.,你可以擁有無限數量的$h[幽靈動物夥伴]。$t[戰鬥開始時：]減少$p_damreduction%受到的傷害，持續$p2s，且每有一隻$h[不重複]的$affected的$h[寵物]，持續時間再+$p3s。$t[$cds後：]獲得當前增益的$p_buffs%。,Vous pouvez avoir un nombre illimité de $h[Compagnons spirituels]. $t[Au début du combat :] réduisez les dégâts subis de $p_damreduction % pendant $p2 s + $p3 s pour chaque $h[Familier] $affected $h[Distinct]. $t[Après $cd s :] gagnez $p_buffs % de vos bonus.,Герой может иметь неограниченное количество $h[фамильяров]. $t[Начало боя:] снижает получаемый урон на $p_damreduction% на $p2 сек. + $p3 сек. за каждого $h[отдельного] $affected $h[питомца]. $t[Раз в $cd сек.:] добавляет $p_buffs% к усилениям героя.,Você pode ter ilimitados $h[Companheiros Espirituais]. $t[Início da batalha:] Reduz o dano sofrido em $p_damreduction% por $p2 s + $p3 s por cada $h[Animal] $affected $h[distinto]. $t[Após $cd s:] Ganha $p_buffs% dos seus buffs.,Puedes tener $h[compañeros espirituales] ilimitados. $t[Al comienzo de la batalla:] reduces el daño recibido un $p_damreduction % durante $p2 s + $p3 s por cada $h[distinta] $affected $h[mascota]. $t[Después de $cd s:] obtienes un $p_buffs % de tus ventajas.
<!MissingKey:188:Add $h[6] backpack slots. $t[$h[Twine] bought:] $shopchance% chance to restock with another $h[Twine]. >,"Add $h[6] backpack slots. $t[$h[Twine] bought:] $shopchance% chance to restock with another $h[Twine]. 

 $h[Crafted] items inside trigger $p_speed% faster and have $chance% chance to duplicate their buffs.","Fügt $h[6] Rucksackplätze hinzu. $t[$h[Schnur] gekauft:] $shopchance% Chance mit $h[Schnur] aufzufüllen. 

 $h[Hergestellte] Gegenstände darin aktivieren $p_speed% schneller und haben $chance% Chance erzeugte Buffs zu duplizieren.","增加$h[6]格背包槽位。$t[购买$h[细绳]时：]商店有$shopchance%几率刷新一个新$h[细绳]。

背包内的$h[打造]物品触发速度快$p_speed%，还有$chance%的几率复制获得的增益效果。","バックパックのスロットを$h[6]追加する $t[$h[結び糸]購入時：]$shopchance%の確率で$h[結び糸]を補充する 

中にある$h[クラフト]アイテムは、使用速度が$p_speed%上がり、$chance%の確率でバフを追加獲得する","배낭 슬롯을 $h[6]개 추가합니다. $t[$h[노끈] 구매 시:] $shopchance%의 확률로 다른 $h[노끈]이 다시 입고됩니다.

내부에 위치한 $h[제작된] 아이템이 $p_speed% 빠르게 발동하며, $chance%의 확률로 획득하는 버프를 복제합니다.","增加$h[6]格背包槽位。$t[購買$h[細繩]時：]商店有$shopchance%幾率刷新一個新$h[細繩]。

背包內的$h[打造]物品觸發速度快$p_speed%，還有$chance%的幾率複製獲得的增益效果。","Ajoutez $h[6] emplacements de sac à dos. $t[$h[Ficelle] achetée :] $shopchance % de chance de réapprovisionner avec une autre $h[Ficelle]. 

 Les objets $h[Fabriqués] à l'intérieur se déclenchent $p_speed % plus vite et ont $chance % de chance de dupliquer leurs bonus.","Добавляет $h[6] слотов к рюкзаку. $t[При покупке $h[каната]:] $shopchance% шанс, что в магазине при покупке появился другой $h[канат]. 

 $h[Созданные] предметы внутри сумки срабатывают на $p_speed% чаще и имеют $chance% шанс удвоить получаемые усиления.","Adiciona $h[6] espaços na mochila. $t[$h[Barbante] comprado:] $shopchance% de chance de reabastecer com outro $h[Barbante]. 

 $hItens [Fabricados] dentro ativam $p_speed% mais rápido e têm $chance% de chance de duplicar seus buffs.","Añade $h[6] espacios a la mochila. $t[$h[Hilo] comprado:] $shopchance % de probabilidad de reabastecer con otro $h[hilo]. 

 Los objetos $h[fabricados] en su interior se activan un $p_speed % más rápido y tienen un $chance % de probabilidad de duplicar sus ventajas."
,,,,,,,,,,
"<!MissingKey:190:He wants to be known as ""Facemelt0r, the Shadow Priest"" but to us, he is just ""Bob"".>","He wants to be known as ""Facemelt0r, the Shadow Priest"" but to us, he is just ""Bob"".","Er will ""Facemel0r der Schattenpriest0r"" genannt werden, aber wir nennen ihn nur ""Bob"".",他声称自己叫“毁灭者，暗影主教”，但是我们都叫他“鲍勃”。,†影の司祭† って呼んでほしいって。,"자신을 ""암흑 사제, 영혼IIㅏ괴자""라고 불러달라고는 하지만, 진짜 이름은 그냥 ""밥""입니다.",他聲稱自己叫“毀滅者，暗影主教”，但是我們都叫他“鮑勃”。,"Il souhaite être connu sous le nom de « Viskem0r, le prêtre de l'ombre », mais ici on l'appelle juste « Bob ».","Он хочет, чтобы его звали «Жрец Тьмы — Лик0каратель», но для нас он просто «Боб».","Ele quer ser conhecido como ""Facemelt0r, o Sacerdote das Sombras"", mas para nós, ele é apenas ""Bob"".","Quiere que lo llamen «Facemelt0r, el sacerdote sombrío», pero para nosotros, simplemente es «Alf»."
<!MissingKey:191:$t[$h[Spell Scroll] bought:] $shopchance% chance to restock with another $h[Spell Scroll]. $t[$h[Book] bought:] $p_bookchance% chance to restock with another $h[Book]. >,"$t[$h[Spell Scroll] bought:] $shopchance% chance to restock with another $h[Spell Scroll]. $t[$h[Book] bought:] $p_bookchance% chance to restock with another $h[Book]. 

 $affected $magic-Items trigger $p_speed% faster.","$t[$h[Zauberrolle] gekauft:] $shopchance% Chance, mit einer weiteren $h[Zauberrolle] aufzufüllen. $t[$h[Buch] gekauft:] $p_bookchance% Chance, mit einem weiterem $h[Buch] aufzufüllen. 

 $affected $magic-Gegenstände aktivieren $p_speed% schneller.","$t[购买$h[魔法卷轴]时：]商店有$shopchance%的几率再刷新一个$h[魔法卷轴]。$t[购买$h[魔法书]时：]商店有$p_bookchance%的几率再刷新一本$h[魔法书]。

 $affected的$magic物品触发速度快$p_speed%。","$t[$h[呪文の巻物]購入時：]$shopchance%の確率で$h[呪文の巻物]を補充する $t[$h[書物]購入時：]$p_bookchance%の確率で$h[書物]を補充する 

$affectedにある $magic アイテムの使用速度が$p_speed%上がる","$t[$h[주문 스크롤] 구매 시:] $shopchance%의 확률로 다른 $h[주문 스크롤]이 다시 입고됩니다. $t[$h[책] 구매 시:] $p_bookchance%의 확률로 다른 $h[책]이 다시 입고됩니다.

$affected에 위치한 $magic 아이템이 $p_speed% 빠르게 발동합니다.","$t[購買$h[魔法卷軸]時：]商店有$shopchance%的幾率再刷新一個$h[魔法卷軸]。$t[購買$h[魔法書]時：]商店有$p_bookchance%的幾率再刷新一本$h[魔法書]。

 $affected的$magic物品觸發速度快$p_speed%。","$t[$h[Parchemin de sort] acheté :] $shopchance % de chance d'être réapprovisionné avec un autre $h[Parchemin de sort]. $t[$h[Livre] acheté :] $p_bookchance % de chance de réapprovisionner avec un autre $h[Livre]. 

 Les objets $magic $affected se déclenchent $p_speed % plus vite.","$t[При покупке $h[свитка заклятия]:] $shopchance% шанс, что в магазине при покупке появился другой $h[свиток заклятия]. $t[При покупке $h[книги]:] $p_bookchance% шанс, что в магазине при покупке появился другая $h[книга]. 

 $affected $magic-предметы срабатывают на $p_speed% чаще.","$t[Ao comprar $h[Pergaminho de Feitiço]:] $shopchance% de chance de reabastecer com outro $h[Pergaminho de Feitiço]. $t[Ao comprar $h[Livro]:] $p_bookchance% de chance de reabastecer com outro $h[Livro]. 

 Itens $magic $affected ativam $p_speed% mais rápido.","$t[$h[Pergamino de conjuros] comprado:] $shopchance % de probabilidad de reabastecer con otro $h[pergamino de conjuros]. $t[$h[Libro] comprado:] $p_bookchance % de probabilidad de reabastecer con otro $h[Libro]. 

 Los $affected objetos $magic se activan un $p_speed % más rápido."
<!MissingKey:192:$h[Pets] of all classes are offered in the shop and have +$p_sale% chance to be on sale. $t[Every $cds:] $affected $h[Pets] gain $chance% chance to trigger twice. >,$h[Pets] of all classes are offered in the shop and have +$p_sale% chance to be on sale. $t[Every $cds:] $affected $h[Pets] gain $chance% chance to trigger twice. ,"$h[Gefährten] aller Klassen werden im Laden angeboten und haben +$p_sale% Chance, im Angebot zu sein. $t[Alle $cds:] $affected $h[Gefährten] erhalten $chance% Chance, doppelt zu aktivieren.",所有职业的$h[宠物]都会在商店中出现，并且打折几率+$p_sale%。$t[每$cds：]使$affected的$h[宠物]触发两次的几率增加$chance%。,全クラスの$h[ペット]がショップで売られるようになり、$h[ペット]のセール発生確率 +$p_sale%$t[$cd秒毎：]$affectedにある$h[ペット]は$chance%の確率で2回発動する,모든 직업의 $h[펫]이 상점에 등장하고 할인될 확률이 $p_sales% 증가합니다. $t[$cd초마다:] $affected에 위치한 $h[펫]이 $chance%의 확률로 2번 발동합니다.,所有職業的$h[寵物]都會在商店中出現，並且打折幾率+$p_sale%。$t[每$cds：]使$affected的$h[寵物]觸發兩次的幾率增加$chance%。,Les $h[Familiers] de toutes les classes sont disponibles dans la boutique et ont +$p_sale % de chance d'être en promotion. $t[Toutes les $cd s :] les $h[Familiers] $affected gagnent $chance % de chance de se déclencher deux fois.,"$h[Питомцы] всех классов появляются в магазине и есть +$p_sale% шанс, что они будут продаваться со скидкой. $t[Раз в $cd сек.:] $affected $h[питомцы] получают $chance% шанс сработать повторно.",$h[Animais] de todas as classes são oferecidos na loja e têm +$p_sale% de chance de estar em promoção. $t[A cada $cd s:] $h[Animais] $affected ganham $chance% de chance de ativar duas vezes.,Se ofrecen $h[mascotas] de todos los tipos en la tienda y tienen un +$p_sale % de probabilidad de estar en oferta. $t[Cada $cd s:] Las $affected $h[mascotas] obtienen un $chance % de probabilidad de activarse dos veces.
<!MissingKey:193:Chromium Cube>,Chromium Cube,Chrom-Würfel,铬立方体,クロムキューブ,크로뮴 입방체,鉻立方體,Cube de chrome,Хромовый куб,Cubo de Crômio,Cubo de cromo
"<!MissingKey:194:It's fine, just put it away discretely in case any one-winged angels show up.>","It's fine, just put it away discretely in case any one-winged angels show up.","Alles gut, aber wenn ein Engel mit nur einem Flügel vorbei kommt, steckst du den subtil weg.",没事，低调地把它收起来就好，万一有独翼天使出现呢。,思い出にはならないサー。,괜찮습니다. 혹시 한쪽 날개만 가진 천사들이 나타날 수 있으니 따로 치워두세요.,沒事，低調地把它收起來就好，萬一有獨翼天使出現呢。,"Ce n'est pas bien grave, mettons ça discrètement de côté, au cas où des anges à une seule aile se présenteraient.","Просто спрячь это по-тихому, вдруг объявятся однокрылые ангелы.","Não tem problema, só deixa bem escondido caso apareça algum anjo de uma asa só.","Está bien, solo guárdalo sin que se note en caso de que aparezca algún ángel de una sola ala."
<!MissingKey:195:$t[Every $cds:] Use $p_health health to gain $p_mana $mana and inflict $p_blind $blind. >,"$t[Every $cds:] Use $p_health health to gain $p_mana $mana and inflict $p_blind $blind. 

 Triggers $p_speed% faster for each $affected $h[Spell] \~($dark-$h[Spells] count twice).","$t[Alle $cds:] Nutze $p_health Leben, um $p_mana $mana zu erhalten und $p_blind $blind zu verursachen. 

 Aktiviert $p_speed% schneller pro \~$affected $h[Zauber] ($dark-$h[Zauber] zählen doppelt).","$t[每$cds：]消耗$p_health点生命值来获得$p_mana点$mana，并向对手施加$p_blind层$blind。

每有一个$affected的$h[魔法卷轴]，此物品的触发速度快$p_speed%（$dark $h[魔法卷轴]算作2次）。","$t[$cd秒毎：]$p_health体力を消費して、$p_mana $mana を獲得し、$p_blind $blind を付与する 

$affectedにある$h[呪文]1個につき使用速度が$p_speed%上がる（$dark $h[呪文]は2個扱い）","$t[$cd초마다:] 체력을 $p_health 사용해 $mana을 $p_mana 획득하고, $blind을 $p_blind 부여합니다.

$affected에 위치한 $h[주문]마다 $p_speed% 빠르게 발동합니다
($dark $h[주문]은 두 번 계산됩니다).","$t[每$cds：]消耗$p_health點生命值來獲得$p_mana點$mana，並向對手施加$p_blind層$blind。

每有一個$affected的$h[魔法卷軸]，此物品的觸發速度快$p_speed%（$dark $h[魔法卷軸]算作2次）。","$t[Toutes les $cd s :] utilisez $p_health PV pour gagner $p_mana $mana et infliger $p_blind $blind. 

 Se déclenche $p_speed % plus vite pour chaque $h[Sort] $affected (les $h[Sorts] $dark compte deux fois).","$t[Раз в $cd сек.:] использует $p_health здоровья и добавляет $p_mana $mana, а также накладывает на противника $p_blind $blind. 

 Срабатывает на $p_speed% чаще за каждое $affected $h[заклятие] ($dark-$h[заклятие] считается за 2).","$t[A cada $cd s:] Usa $p_health de vida para ganhar $p_mana $mana e infligir $p_blind $blind. 

 Ativa $p_speed% mais rápido por cada $h[Feitiço] $affected ($dark-$h[Feitiços] contam duas vezes).","$t[Cada $cd s:] usas $p_health salud para obtener $p_mana $mana y infligir $p_blind $blind. 

 Se activa un $p_speed % más rápido por cada $affected $h[hechizo] ($dark-$h[hechizos] cuentan doble)."
Magic Ring_GenericInflict,Inflict {amount} {type}.,Verursache {amount} {type}.,向对手施加{amount}{type}。,{amount} {type} を付与する,{type}을(를) {amount} 부여합니다.,向對手施加{amount}{type}。,Infligez {amount} {type}.,Накладывает на противника {amount} {type}.,Inflige {amount} {type}.,Inflige {amount} {type}.
"<!MissingKey:197:$t[Start of battle:] Emit a $h[charge], traveling $h[1]$lightning every $p1s. >","$t[Start of battle:] Emit a $h[charge], traveling $h[1]$lightning every $p1s. 

 The item under the $h[charge] triggers $p_speed% faster + $p_speed2% per $lightning traveled.","$t[Kampfbeginn:] Erzeuge eine $h[Ladung], die sich $h[1]$lightning alle $p1s bewegt. 

 Gegenstände unter der $h[Ladung] aktivieren $p_speed% schneller + $p_speed2% pro zurückgelegtem $lightning.","$t[战斗开始时：]发射一个$h[电荷]，每$p1s移动$h[1]$lightning。

位于$h[电荷]上的物品触发速度快$p_speed%，每移动1$lightning额外快$p_speed2%。","$t[バトル開始時：]$h[電荷]1つを放出する。$h[電荷]は$p1秒ごとに $lightning $h[1]マスを移動する

$h[電荷]の下にあるアイテムは使用速度が$p_speed%上がる（通過した $lightning 1マスにつき +$p_speed2%）","$t[전투 시작 시:] $p1초마다 $h[1]$lightning를 이동하는 $h[전하]를 방출합니다.

$h[전하]를 보유한 아이템이 $p_speed% 빠르게 발동하고, $lightning 이동 거리마다 $p_speed2% 추가로 빠르게 발동합니다.","$t[戰鬥開始時：]發射一個$h[電荷]，每$p1s移動$h[1]$lightning。

位於$h[電荷]上的物品觸發速度快$p_speed%，每移動1$lightning額外快$p_speed2%。","$t[Au début du combat :] émettez une $h[Charge], parcourant $h[1] $lightning toutes les $p1 s. 

 L'objet sous la $h[Charge] se déclenche $p_speed % plus vite + $p_speed2 % par $lightning parcouru.","$t[Начало боя:] выпускает $h[заряд], перемещающийся на $h[1] $lightning-слот каждые $p1 сек. 

 Предмет под $h[зарядом] срабатывает на $p_speed% чаще + $p_speed2% за каждое перемещение на $lightning-слот.","$t[Início da batalha:] Emite uma $h[carga] que percorre $h[1]$lightning a cada $p1 s. 

 O item abaixo da $h[carga] ativa $p_speed% mais rápido + $p_speed2% por $lightning percorrido.","$t[Al comienzo de la batalla:] Emite un $h[carga] que se traslada $h[1] $lightning cada $p1 s. 

 El objeto debajo de la $h[carga] se activa un $p_speed % más rápido + un $p_speed2 % por $lightning trasladado."
<!MissingKey:198:Nature Chronicles: Trees>,Nature Chronicles: Trees,Chroniken der Natur: Bäume,大自然编年史：林木,自然の年代記：木々,자연의 기록: 나무,大自然編年史：林木,Chroniques naturelles : Arbres,Хроники природы: дерево,Crônicas da Natureza: Árvores,Crónicas de la naturaleza: Árboles
<!MissingKey:199:Keeper of Balance.>,Keeper of Balance.,Erhalter das Gleichgewichts.,平衡的守卫者。,バランス（調整）を司る。,균형의 수호자.,平衡的守衛者。,Gardienne de l'équilibre.,Хранитель баланса.,Guardião do Equilíbrio.,Guardián del equilibrio.
"<!MissingKey:200:You walked right into my con-trap-tron, be more careful!>","You walked right into my con-trap-tron, be more careful!","Hah, reingefallen! Und das voll automatisiert.",你正好走进了我的陷阱装置，小心点！,結論から言うね。コレ作ったの、めっちゃ**正解**。,골탕 먹이는 걸 좋아합니다. 발 아래 조심하세요!,你正好走進了我的陷阱裝置，小心點！,"Vous êtes tombé droit dans mon piège, faites attention, allons !",Ты сам шагнул в мой ловушкотрон. Будь внимательнее!,Você caiu direitinho na minha robô-dilha! Tenha mais cuidado!,"¡Entraste directo en mi trampa, ten más cuidado!"
"<!MissingKey:201:$t[Every $cds:] If you have less than $p_staminat stamina, regenerate $p_stamina stamina.>","$t[Every $cds:] If you have less than $p_staminat stamina, regenerate $p_stamina stamina.","$t[Alle $cds:] Wenn du weniger als $p_staminat Ausdauer hast, regeneriere $p_stamina Ausdauer.",$t[每$cds：]如果你的耐力低于$p_staminat点，则恢复$p_stamina点耐力。,$t[$cd秒毎：]スタミナが$p_staminat未満の場合、スタミナを$p_stamina回復する,"$t[$cd초마다:] 보유한 스태미나가 $p_staminat보다 적다면, 스태미나를 $p_stamina 회복합니다.",$t[每$cds：]如果你的耐力低於$p_staminat點，則恢復$p_stamina點耐力。,"$t[Toutes les $cd s :] si votre endurance est inférieure à $p_staminat, régénérez $p_stamina d'endurance.","$t[Раз в $cd сек.:] если у героя меньше $p_staminat энергии, восстанавливает $p_stamina энергии.","$t[A cada $cd s:] Se você tiver menos que $p_staminat de vigor, regenera $p_stamina de vigor.","$t[Cada $cd s:] Si tienes menos de $p_staminat de resistencia, recupera $p_stamina de resistencia."
UI_Rules,Rules:,Regeln:,规则：,ルール,규칙:,規則：,Règles :,Правила:,Regras:,Reglas:
KEYBIND_undo,Inventory undo,Rückgängig,背包整理撤销,元に戻す（アンドゥ）,인벤토리 되돌리기,背包整理撤銷,Annuler l'inventaire,Повторить действие в инвентаре,Desfazer inventário,Deshacer inventario
<!MissingKey:204:$t[Every $cds:] Use $p_manat $mana to heal for $p_heal and regenerate $p_stamina stamina.>,$t[Every $cds:] Use $p_manat $mana to heal for $p_heal and regenerate $p_stamina stamina.,"$t[Alle $cds:] Nutze $p_manat $mana, um für $p_heal zu heilen und $p_stamina Ausdauer zu regenerieren.",$t[每$cds：]消耗$p_manat点$mana，恢复$p_heal点生命值，恢复$p_stamina点耐力。,$t[$cd秒毎：]$p_manat $mana を消費して、体力を$p_heal回復し、スタミナを$p_stamina回復する,"$t[$cd초마다:] $mana를 $p_manat 사용해 체력을 $p_heal, 스태미나를 $p_stamina 회복합니다.",$t[每$cds：]消耗$p_manat點$mana，恢復$p_heal點生命值，恢復$p_stamina點耐力。,$t[Toutes les $cd s :] utilisez $p_manat $mana pour guérir de $p_heal et régénérer $p_stamina d'endurance.,"$t[Раз в $cd сек.:] использует $p_manat $mana, чтобы восстановить $p_heal здоровья и $p_stamina энергии.",$t[A cada $cd s:] Usa $p_manat $mana para curar $p_heal e regenerar $p_stamina de vigor.,$t[Cada $cd s:] Usa $p_manat $mana para recuperar $p_heal y $p_stamina de resistencia.
<!MissingKey:205:$t[Start of battle:] $affected $h[Weapons] gain \~ $p1 damage.>,$t[Start of battle:] $affected $h[Weapons] gain \~ $p1 damage.,$t[Kampfbeginn:] $affected $h[Waffen] verursachen +$p1 Schaden.,$t[战斗开始时：]$affected的$h[武器]攻击力+$p1。,$t[バトル開始時：]$affectedにある$h[武器]のダメージ値が$p1増える,$t[전투 시작 시:] $affected에 위치한 $h[무기]가 가하는 피해가 $p1 증가합니다.,$t[戰鬥開始時：]$affected的$h[武器]攻擊力+$p1。,$t[Au début du combat :] les $h[Armes] $affected gagnent $p1 de dégâts.,$t[Начало боя:] $affected $h[оружие] получает +$p1 ед. к урону.,$t[Início da batalha:] As $h[Armas] $affected ganham $p1 de dano.,$t[Al comienzo de la batalla:] Las $affected $h[armas] ganan $p1 de daño.
<!MissingKey:206:$ranged-Damage Dealt: {val}>,$ranged-Damage Dealt: {val},Verursachter $ranged-Schaden: {val},造成的$ranged伤害：{val},$ranged 与ダメージ：{val},가하는 $ranged 피해 {val},造成的$ranged傷害：{val},Dégâts $ranged infligés : {val},$ranged-урон: {val},Dano $ranged Causado: {val},Daño infligido $ranged: {val}
<!MissingKey:207:Electrician>,Electrician,Elektriker,电工,エレクトリシャン,전기공,電工,Électricien,Электрик,Eletricista,Electricista
<!MissingKey:208:$t[Capturing:] The $h[Chess Board] triggers $p_speed% faster. $t[Eliminated:] Gain $p_stamina maximum stamina.>,$t[Capturing:] The $h[Chess Board] triggers $p_speed% faster. $t[Eliminated:] Gain $p_stamina maximum stamina.,$t[Schlägt:] Das $h[Schachbrett] aktiviert $p_speed% schneller. $t[Wird eliminiert:]\~ Erhalte $p_stamina Ausdauermaximum.,$t[吃掉其他棋子时：] $h[棋盘]的效果触发速度快$p_speed%。$t[被吃掉时：]获得$p_stamina最大耐力。,$t[取る時：]$h[チェスボード]の使用速度が$p_speed%上がる $t[取られる時：]スタミナ最大値が$p_stamina増える,$t[포획 시:] $h[체스판]이 $p_speed% 빠르게 발동합니다. $t[제거될 시:] 최대 스태미나가 $p_stamina 상승합니다.,$t[吃掉其他棋子時：] $h[棋盤]的效果觸發速度快$p_speed%。$t[被吃掉時：]獲得$p_stamina最大耐力。,$t[À la capture :] L'$h[Échiquier] se déclenche $p_speed % plus vite. $t[À l'élimination :] gagnez $p_stamina d'endurance max.,$t[При захвате:] $h[шахматная доска] срабатывает на $p_speed% чаще. $t[При уничтожении:] добавляет $p_stamina максимальной энергии.,$t[Ao capturar:] O $h[Tabuleiro de Xadrez] ativa $p_speed% mais rápido. $t[Eliminado:] Ganha $p_stamina de vigor Máximo.,$t[Al capturar:] el $h[tablero de ajedrez] se activa un $p_speed % más rápido. $t[Al ser eliminado:] obtienes $p_stamina de resistencia máxima.
<!MissingKey:209:Your opponent’s next hit will miss you.>,Your opponent’s next hit will miss you.,Der nächste gegnerische Angriff wird verfehlen.,对手对你的下一次攻击一定落空。,相手のヒットがミスになる,상대의 다음 공격이 빗나갑니다.,對手對你的下一次攻擊一定落空。,Le prochain coup de votre adversaire vous manquera.,Следующий удар противника точно не попадет по вам.,O próximo golpe do seu oponente vai errar você.,El siguiente golpe de tu rival fallará.
<!MissingKey:210:{type}-Damage dealt increased by {amount} ({origin}).>,{type}-Damage dealt increased by {amount} ({origin}).,,造成的{type}伤害增加{amount}（{origin}）。,与える {type} ダメージが{amount}増えた（{origin}）。,{amount}만큼 가하는 {type} 피해가 증가함 ({origin}).,造成的{type}傷害增加{amount}（{origin}）。,Dégâts infligés {type} augmentés de {amount} ({origin}).,Ваш {type}-урон повышается на {amount} ({origin}).,Dano {type} causado aumentado em {amount} ({origin}).,Daño infligido de {type} aumentado en {amount} ({origin}).
<!MissingKey:211:Turbo-Shelly>,Turbo-Shelly,Turbo-Gerdi,急速小蜗,ターボ・シェリー,터보-깍지,急速小蝸,Turbo-Carapacie,Турбоулитка,Turbo-Shelly,Turbo-Caparacín
"<!MissingKey:212:It is fully autonomous, lives, laughs, loves and can even make breakfast. It has a family downtown, actually. >","It is fully autonomous, lives, laughs, loves and can even make breakfast. It has a family downtown, actually. ","Es ist völlig autonom. Es lebt, liebt, lacht, es kann dir sogar Frühstück machen. Es hat Frau und Kinder.",它完全自动，能生活、欢笑、热爱，甚至还能做早餐。实际上它在城里还有个家庭。,コイツは完全自律型で、笑い、愛し、朝食だって作ってくれる。街には家族だっているんだよ。,"완전히 자율적이고, 자신의 삶을 살고, 웃고, 사랑하고, 심지어 아침 식사도 할 수 있습니다. 실제로 도심지에 가족도 있습니다.",它完全自動，能生活、歡笑、熱愛，甚至還能做早餐。其實它在城裡還有個家庭。,"Il est entièrement autonome, il vit, il rit, il est adorable et peut même préparer le petit-déjeuner. Je crois même qu'il a de la famille en ville.","Полностью автономный: живет, смеется, любит и даже завтрак готовит. Говорят, у него еще и семья в городе.","É totalmente autônomo. Vive, ri, ama e até faz o café da manhã. Na verdade, até tem uma família que mora perto do centro da cidade.","Es completamente autónomo, vive, ríe, ama e incluso puede preparar el desayuno. De hecho, tiene una familia en el centro."
<!MissingKey:213:You have a chance to resist stuns.>,You have a chance to resist stuns.,"Du hast eine Chance, Betäubung zu widerstehen.",你有几率抵抗眩晕。,一定確率でスタンを防止する,기절에 저항할 수 있는 확률을 지닙니다.,你有幾率抵抗眩暈。,Vous avez une chance de résister aux étourdissements.,У вас есть шанс проигнорировать оглушение.,Você tem uma chance de resistir ao atordoamento.,Tienes una probabilidad de resistir aturdimientos.
<!MissingKey:214:Your healing additionally deals damage.>,Your healing additionally deals damage.,Deine Heilung verursacht zusätzlich Schaden.,你的生命值恢复额外造成伤害。,自分の回復量に応じたダメージを与える,치유가 추가로 피해를 가합니다.,你的生命值恢復額外造成傷害。,Votre guérison inflige des dégâts supplémentaires.,Ваше восстановление здоровья также наносит урон.,Sua cura também causa dano.,Tu curación también causa daño.
<!MissingKey:215:If you can fly with it? Does it look light and nimble to you?>,If you can fly with it? Does it look light and nimble to you?,Ob du damit fliegen kannst? Sieht die leicht und wendig für dich aus oder was?,你觉得它能飞？看起来轻巧灵活吗？,コレで飛べるかって？コレが軽やかで機敏に見えるのかい？,가지고 날 수 있을까요? 충분히 가볍고 민첩해 보이나요?,你覺得它能飛？看起來輕巧靈活嗎？,Si on peut voler avec ? Ça vous semble léger et maniable ?,Летать в этом? Ты серьезно? В каком месте она вообще выглядит легкой?,"Se dá pra usar isso pra voar? Olha bem pra essa armadura, ela parece leve e ágil pra você?",¿Puedes volar con ella? ¿Te parece ligera y ágil?
<!MissingKey:216:Ukulele>,Ukulele,"Klaus-Dieter, die Ukulele",尤克里里,ウクレレ,우쿨렐레,尤克裡裡,Ukulélé,Укулеле,Ukulele,Ukulele
<!MissingKey:217:$t[On hit:] Use $p_heat $heat to gain $p_empower $empower. $t[While you have at least $p_empowert $empower:] Decrease stamina usage to $p_stamina and cooldown to $p3s. >,"$t[On hit:] Use $p_heat $heat to gain $p_empower $empower. $t[While you have at least $p_empowert $empower:] Decrease stamina usage to $p_stamina and cooldown to $p3s. 

 Counts as $p_fire $fire-items.","$t[Bei Treffer:] Nutze $p_heat $heat, um $p_empower $empower zu erhalten. $t[Während du mindestens $p_empowert $empower hast:] Reduziere Ausdauerverbrauch auf $p_stamina und Abklingzeit auf $p3s. 

 Zählt als $p_fire $fire-Gegenstände.","$t[击中对手：]消耗$p_heat层$heat来获得$p_empower层$empower。$t[当你至少有$p_empowert层$empower：]耐力消耗将减少到$p_stamina，冷却时间降低到$p3s。

算作$p_fire个$fire物品。","$t[ヒット時：]$p_heat $heat を消費して、$p_empower $empower を獲得する $t[$p_empowert $empower 以上ある間：]スタミナ消費値が$p_staminaに、クールダウンが$p3秒に減る 

$fire アイテム$p_fire個として扱われる","$t[적중 시:] $heat를 $p_heat 사용해 $empower를 $p_empower 획득합니다. $t[$p_empowert 이상의 $empower를 보유 시:] 스태미나 소모량이 $p_stamina(으)로 감소하고, 재사용 대기 시간이 $p3초가 됩니다.

$fire 아이템 $p_fire개로 계산됩니다.","$t[擊中對手：]消耗$p_heat層$heat來獲得$p_empower層$empower。$t[當你至少有$p_empowert層$empower：]耐力消耗將減少到$p_stamina，冷卻時間降低到$p3s。

算作$p_fire個$fire物品。","$t[Par coup :] utilisez $p_heat $heat pour gagner $p_empower $empower. $t[Tant que vous avez au moins $p_empowert $empower :] réduisez l'utilisation d'endurance de $p_stamina et le temps de recharge de $p3 s. 

 Compte en tant qu'objets $p_fire $fire.","$t[При попадании:] использует $p_heat $heat, чтобы добавить $p_empower $empower. $t[Если у героя не менее $p_empowert $empower:] снижает затраты энергии до $p_stamina и перезарядку до $p3 сек. 

 Считается за $p_fire $fire-предметов.","$t[Ao acertar:] Usa $p_heat $heat para ganhar $p_empower $empower. $t[Enquanto você tiver pelo menos $p_empowert $empower:] Diminui o uso de vigor para $p_stamina e o tempo de recarga para $p3 s. 

 Conta como os $p_fire itens $fire.","$t[Al golpear:] usas $p_heat $heat para obtener $p_empower $empower. $t[Mientras tengas al menos $p_empowert $empower:] reduces el consumo de resistencia a $p_stamina y la recarga a $p3 s. 

 Cuenta como $p_fire objetos de $fire."
<!MissingKey:218:Rainbow Goobert Gigabrocolomega >,Rainbow Goobert Gigabrocolomega ,Regenbogen- Schlotzbert Gigabrokkolomega,彩虹巨大西兰花黏黏,レインボー・スラバート・ギガ・ロマネスコ,레인보우 슬돌이 기가브로콜로메가,彩虹巨大西蘭花黏呼呼,Viskeu arc-en-ciel giga-brocolo-méga,Радужный Гигаброкколомега-Слаймер,Gosberto Arco-Íris Gigabrocolomega,Viscosino arcoíris gigabrócolomega
LASTROUND3,We are close to the big finale!,Hier kommt das große Finale.,我们就要接近最后的决战了！,大団円まであともうちょっと！,피날레가 머지 않았습니다!,我們就要接近最後的決戰了！,Nous ne sommes plus très loin du grand final !,Финал уже близко!,Estamos perto do grande final!,¡Estamos cerca del gran final!
"<!MissingKey:220:Give me the cap, I need to have a think.>","Give me the cap, I need to have a think.","Gib mir die Kappe, ich muss nachdenken.",把帽子给我，我需要思考一下。,そのヘルム貸して、考え事をしたいんだ。,모자 좀 주세요. 생각할 시간이 필요합니다.,把帽子給我，我需要思考一下。,"Donnez-moi le capuchon, je dois réfléchir.","Передай мне шлем, мне надо подумать.","Me dá esse elmo, preciso pensar um pouco.","Dame la gorra, necesito pensar."
<!MissingKey:221:Materials Scientist>,Materials Scientist,Material- Wissenschaftler,材料科学家,サイエンティスト ,재료공학자,材料科學家,Scientifique en matériaux,Материаловед,Cientista de Materiais,Científica de materiales
LASTROUND2,Prepare for the last round!,Bereit zur letzten Runde?,准备好了！最后一回合！,最終ラウンドに備えて！,마지막 라운드를 준비하세요!,準備好了！最後一回合！,Préparez-vous pour le dernier tour !,Время последнего раунда!,Prepare-se para a última rodada!,¡Prepárate para la ronda final!
HELLO_AGAIN4,"I'm here all day, let's go!","Ich bin den ganzen Tag hier, los geht's!",我这全体营业！,ボクはいつでもここにいるよ。さあ始めよう！,"전 항상 여기에 있답니다, 가죠!",我這全體營業！,"J'ai toute la journée, allons-y !","Я тут на целый день, поехали!","Estou aqui o dia todo, vamos lá!","¡Estoy aquí todo el día, vamos allá!"
LASTROUND1,Hang in there one last time!,Nur noch einmal reinhängen!,最后一回合了，坚持住！,最後まで持ちこたえるんだ！,한번만 더 버티세요!,最後一回合了，堅持住！,"Tenez bon, encore une dernière fois !",Продержитесь еще чуть-чуть!,Aguente firme mais uma última vez!,¡Aguanta una última vez!
HELLO_AGAIN5,Let's run it back!,"Neue Runde, neues Glück!",还要买点啥？,もう1回勝負だ！,다시 시작해봅시다!,還要買點啥？,Refaites un tour si besoin !,Повторим еще разок!,Vamos tentar de novo!,¡Repetimos!
<!MissingKey:226:$t[On hit:] Remove $p_remove buffs from your opponent of the type you have the most of. Gain $p_gain buffs of the type your opponent has the most of. >,"$t[On hit:] Remove $p_remove buffs from your opponent of the type you have the most of. Gain $p_gain buffs of the type your opponent has the most of. 

 Triggers $p_speed% faster for each $affected $h[Food].","$t[Bei Treffer:] Entferne $p_remove der Buffs vom Gegner, von denen du am meisten hast. Erhalte $p_gain der Buffs, von denen dein Gegner am meisten hat. 

 Attackiert $p_speed% schneller pro \~$affected $h[Essen].","$t[击中对手：]从对手身上移除$p_remove个你拥有最多类型的增益效果。获得$p_gain个对手拥有最多类型的增益效果。

每有一个$affected的$h[食物]，触发速度快$p_speed%。","$t[ヒット時：]自分の一番多いバフを相手から$p_remove除去する。相手の一番多いバフを$p_gain獲得する

$affectedにある$h[食べ物]1個につき使用速度が$p_speed%上がる","$t[적중 시:] 내가 가장 많이 보유한 유형의 버프를 상대에게서 $p1개 제거합니다. 상대가 가장 많이 보유한 유형의 버프를 $p_gain 획득합니다.

$affected에 위치한 $h[음식]마다 $p_speed% 빠르게 발동합니다.","$t[擊中對手：]從對手身上移除$p_remove個你擁有最多類型的增益效果。獲得$p_gain個對手擁有最多類型的增益效果。

每有一個$affected的$h[食物]，觸發速度快$p_speed%。","$t[Par coup :] retirez $p_remove bonus à votre adversaire du type dont vous disposez le plus. Gagnez $p_gain bonus du type dont votre adversaire dispose le plus. 

 Se déclenche $p_speed % plus vite pour chaque $h[Nourriture] $affected.","$t[При попадании:] снимает с противника до $p_remove усилений, которых у самого героя больше всего. Добавляет герою до $p_gain усилений, которых у противника больше всего. 

 Срабатывает на $p_speed% чаще за каждый $affected предмет типа $h[еда].","$t[Ao acertar:] Remove $p_remove buffs tipo que você tiver mais do oponente. Ganha $p_gain buffs do tipo que o oponente tiver mais. 

 Ativa-se $p_speed% mais rápido por cada $h[Alimento] $affected.","$t[Al golpear:] Retira $p_remove ventajas del rival del tipo que más tengas. Obtienes $p_gain ventajas del tipo que más tenga el rival. 

 Se activa un $p_speed % más rápido por cada $affected $h[comida]."
<!MissingKey:227:Add $h[4] backpack slots. >,"Add $h[4] backpack slots. 

 Items inside have $chance% chance to duplicate buffs they gain.","Füge $h[4] Rucksackplätze hinzu. 

 Gegenstände darin haben $chance% Chance, erzeugte Buffs zu duplizieren.","增加$h[4]格背包槽位。

 背包内物品有$chance%的几率$h[复制]获得的增益效果。","バックパックのスロットを$h[4]追加する 

中にあるアイテムが$chance%の確率でバフを追加獲得する","배낭 슬롯을 $h[4]개 추가합니다.

내부에 위치한 아이템이 $chance%의 확률로 획득하는 버프를 복제합니다.","增加$h[4]格背包槽位。

 背包內物品有$chance%的幾率$h[複製]獲得的增益效果。","Ajoutez $h[4] emplacements de sac à dos. 

 Les objets à l'intérieur ont $chance % de chance de dupliquer les bonus qu'ils gagnent.","Добавляет $h[4] слота к рюкзаку. 

 Предметы внутри получают $chance% шанс удвоить полученные усиления.","Adiciona $h[4] espaços na mochila. 

 Itens dentro têm $chance% de chance de duplicar os buffs que recebem.","Añade $h[4] espacios a la mochila. 

 Los objetos en su interior tienen un $chance % de probabilidad de duplicar las ventajas que reciben."
<!MissingKey:228:$t[Start of battle:] Gain $block $bl for each \~$affected $h[crafted] item. $t[Sold or traded:] Fuse items in your inventory. Sells for $red[0] $gold.>,$t[Start of battle:] Gain $block $bl for each \~$affected $h[crafted] item. $t[Sold or traded:] Fuse items in your inventory. Sells for $red[0] $gold.,$t[Kampfbeginn:] Erhalte $block $bl pro \~$affected $h[hergestelltem] Gegenstand. $t[Verkauft oder getauscht:] Verschmelze Gegenstände. Verkaufswert: $red[0] $gold.,$t[战斗开始时：]每有一个$affected的$h[打造]物品，获得$block点$bl。$t[出售或交易时：]融合你背包中的物品。售价为$red[0]枚$gold。,$t[バトル開始時：]$affectedにある$h[クラフト]アイテム1個につき$block $bl を獲得する$t[売却時またはトレード時：]バックパック内のアイテムを合成する。売却価格は$red[0] $gold,$t[전투 시작 시:] $affected에 위치한 $h[제작된] 아이템마다 $bl를 $block 획득합니다. $t[팔거나 거래 시:] 인벤토리의 아이템들을 융합시킵니다. $red[0] $gold로 판매됩니다.,$t[戰鬥開始時：]每有一個$affected的$h[打造]物品，獲得$block點$bl。$t[出售或交易時：]融合你背包中的物品。售價為$red[0]枚$gold。,$t[Au début du combat :] gagnez $block $bl pour chaque objet $affected $h [fabriqué]. $t[Vendu ou échangé :] fusionnez les objets de votre inventaire. À vendre pour $red[0] $gold.,$t[Начало боя:] добавляет $block $bl за каждый $affected $h[созданный] предмет. $t[При продаже или обмене:] объединяет предметы в инвентаре. Можно продать за $red[0] $gold.,$t[Início da batalha:] Ganha $block $bl por cada $h item $affected [fabricado]. $t[Vendido ou trocado:] Funde itens em seu inventário. Vende por $red[0] $gold.,$t[Al comienzo de la batalla:] Obtiene $block $bl por cada objeto$affected $h[fabricado]. $t[Al vender o intercambiar:] Fusiona los objetos en tu inventario. Se vende por $red[0] $gold.
<!MissingKey:229:Prismatic Wand>,Prismatic Wand,Prismatischer Stab,彩虹魔棒,プリズムワンド,프리즘 완드,彩虹魔棒,Baguette prismatique,Призматический жезл,Varinha Prismática,Varita prismática
<!MissingKey:230:The next debuff you are inflicted with hits your opponent instead. (A debuff can only be reflected once.)>,The next debuff you are inflicted with hits your opponent instead. (A debuff can only be reflected once.),Der nächste auf dich gerichtete Debuff trifft stattdessen deinen Gegner. (Ein Debuff kann nur einmal reflektiert werden.),下一个对你施加的减益效果将会反弹到对手身上。（单个减益效果只能被反弹一次，不能被再次反弹。）,次に受けるデバフを、代わりに相手に付与する（デバフは1回しか反射されない）,다음에 부여되는 디버프는 그 대신 상대에게 부여됩니다. (디버프는 한 번만 반사될 수 있습니다.),下一個對你施加的減益效果將會反彈到對手身上。（單個減益效果只能被反彈一次，不能被再次反彈。）,Le prochain malus qui vous est infligé frappe votre adversaire à la place. (Un malus ne peut être renvoyé qu'une seule fois.),"Следующий негативный эффект, наложенный на вас, отправится к противнику. (Негативный эффект может быть отражен только один раз).",O próximo debuff que você sofrer atinge seu oponente em vez disso. (Um debuff só pode ser refletido uma vez.),La siguiente desventaja que te apliquen afecta a tu rival en su lugar. (Una desventaja solo se puede devolver una vez).
HELLO_AGAIN2,Let's go for another one!,"Auf geht's, ein weiteres Mal!",再买一个嘛！,よし、次行ってみよう！,다시 한 번 가보죠!,再買一個嘛！,"Allez, encore un tour de piste !",Сыграем еще раз!,Vamos para mais um!,¡Vamos por otra!
<!MissingKey:232:Thunder Drake>,Thunder Drake,Donnerdrache,雷霆飞龙,サンダードレイク,천둥 비룡,雷霆飛龍,Dragon de foudre,Громовой дрейк,Draco Trovão,Draco del trueno
,,,,,,,,,,
HELLO_AGAIN3,They all come back!,Sie kommen alle zurück!,我这里都是回头客！,また帰ってきたんだね！,다들 돌아왔네요!,我這裡都是回頭客！,Ils finissent tous par revenir !,Они все возвращаются!,Todos eles voltam!,¡Todos vuelven!
<!MissingKey:235:Snip.>,Snip.,Schnipp.,能凑合用。,チョッキー！,싹둑.,能湊合用。,Coupe coupe.,Чик-чик.,Corte.,"Corta, corta."
<!MissingKey:236:Lightning Staff>,Lightning Staff,Donnerstock,闪电法杖,雷の杖,번개 지팡이,閃電法杖,Bâton d'éclair,Посох молний,Cajado Elétrico,Bastón eléctrico
,,,,,,,,,,
<!MissingKey:238:Critical Resists: {val}>,Critical Resists: {val},Kritische Treffer widerstehen: {val},暴击抵抗：{val},クリティカル防止：{val},치명 저항: {val},暴擊抵抗：{val},Résistance critique : {val},Игнорирование крит. ударов: {val},Resistência a Críticos: {val},Resistencias a críticos: {val}
<!MissingKey:239:{type}-Damage taken reduced by {amount} for {duration}s ({origin}).>,{type}-Damage taken reduced by {amount} for {duration}s ({origin}).,,受到的{type}伤害减少{amount}，持续{duration}s（{origin}）。,{duration}秒間、受ける {type} ダメージが{amount}減った（{origin}）。,{duration}초 동안 {amount}만큼 받는 {type} 피해가 감소함 ({origin}).,受到的{type}傷害減少{amount}，持續{duration}s（{origin}）。,Dégâts subis {type} réduits de {amount} pendant {duration} s ({origin}).,Получаемый {type}-урон снижается на {amount} в течение {duration} сек. ({origin}).,Dano {type} sofrido reduzido em {amount} por {duration} s ({origin}).,Daño recibido de {type} reducido en {amount} durante {duration} s ({origin}).
"<!MissingKey:240:$h[Acorn Collars], $h[White Lily Collars], $h[Red Orchid Collars] and $h[Blue Sage Collars] have more $affected slots. >","$h[Acorn Collars], $h[White Lily Collars], $h[Red Orchid Collars] and $h[Blue Sage Collars] have more $affected slots. 

 Their $affected items use -$p_stamina% stamina. 

 $h[Critwood Staffs] use -$p_stamina2% stamina.","$h[Eichenanhänger], $h[Weißlilienanhänger], $h[Blutorchideenanhänger] und $h[Blausalbeianhänger] haben mehr $affected-Felder. 

 Ihre $affected Gegenstände nutzen -$p_stamina% Ausdauer. 

 $h[Kritholzstäbe] nutzen -$p_stamina2% Ausdauer.","$h[橡子颈圈]，$h[白色百合花项圈]，$h[红色兰花项圈]，$h[蓝色鼠尾草花项圈]获得更多$affected槽位。 

这些项圈$affected的物品耐力消耗-$p_stamina%。

 $h[暴击法杖]耐力消耗-$p_stamina2%。","$h[ドングリの首飾り]と$h[白ユリの首飾り]と$h[赤ランの首飾り]と$h[青セージの首飾り]の$affectedスロットが増える 

それらの$affectedにあるアイテムのスタミナ消費値 -$p_stamina% 

$h[クリティカルの杖]のスタミナ消費値 -$p_stamina2%","$h[도토리 목걸이], $h[하얀 백합 목걸이], $h[빨간 난초 목걸이], $h[파란 세이지 목걸이]가 더 많은 $affected 슬롯을 지닙니다.

그 아이템들의 $affected에 위치한 아이템이 스태미나를 $p_stamina% 적게 사용합니다.

$h[치명의 지팡이]가 스태미나를 $p_stamina2% 적게 사용합니다.","$h[橡子頸圈]，$h[白色百合花項圈]，$h[紅色蘭花項圈]，$h[藍色鼠尾草花項圈]獲得更多$affected槽位。 

這些項圈$affected的物品耐力消耗-$p_stamina%。

 $h[暴擊法杖]耐力消耗-$p_stamina2%。","Les $h[Colliers critiques], $h[Colliers orchidée rouge], $h[Colliers sauge bleue] et $h[Colliers lys blanc] ont plus d'emplacements $affected. 

Les objets $affected utilisent -$p_stamina % d'endurance. 

 $h[Bâton critique] utilise -$p_stamina2 % d'endurance.","$h[Ошейник с желудем], $h[Ошейник с лилией], $h[Ошейник с орхидеей] и $h[Ошейник мудрости] получают дополнительные $affected слоты. 

 $affected-предметы используют на $p_stamina% меньше энергии. 

 $h[Посох природы] использует на $p_stamina2% меньше энергии.","$h[Gargantilha de Bolota], $h[Colares de Lírio Branco], $h[Colares de Orquídea Vermelha] e $h[Colares de Sálvia Azul] têm mais espaços $affected. 

 Seus itens $affected usam -$p_stamina% de vigor. 

 $h[Cajados de Criteiro] usam -$p_stamina2% de vigor.","Los $h[collares de bellota], $h[collares de lirio blanco], $h[collares de orquídea roja] y $h[collares de salvia azul] tienen más espacios $affected. 

 Sus objetos $affected usan -$p_stamina % de resistencia. 

 Los $h[bastones del bosque] usan -$p_stamina2 % de resistencia."
<!MissingKey:241:Black Knight>,Black Knight,Schwarzer Springer,黑色骑士,黒のナイト,블랙 나이트,黑色騎士,Cavalier noir,Темный конь,Cavalo Preto,Caballo negro
"<!MissingKey:242:From the author of ""How to Spell"" and ""Simple curses for your home"".>","From the author of ""How to Spell"" and ""Simple curses for your home"".","Vom Autor von ""Flotte Zaubersprüche"" und ""Einfache Flüche für Zuhause"".",只要照着做，你也能学会魔法！,『呪文の使い方』、『ご家庭で使える初級呪術』の作者が贈る最新作！,"""기초 마법""과 ""집에서도 쉽게! 손쉬운 저주""의 저자라고 합니다.",只要照著做，你也能學會魔法！,Par l'auteur de « S'en sortir » et « Invocation facile à domicile ».,От автора бестселлеров «Как правильно колдовать» и «Простые проклятия для уюта в доме».,"Do autor de ""Como Soletrar"" e ""Maldições Simples para Sua Casa"".",De la autora de «Conjuros bien escritos» y «Maleficios hogareños para torpes».
"<!MissingKey:243:Maybe not mind-numbing, but at least mind-nibbling.>","Maybe not mind-numbing, but at least mind-nibbling.",Du spürst ihn manchmal an deinen Gedanken knuspern.,戴上后脑袋尖尖的。,ハロルドは嫌だ…ハロルドは嫌だ…,"무시무시하진 않지만, 약간 섬뜩할 정도는 될 겁니다.",戴上後腦袋尖尖的。,"Peut-être pas assommant, mais au moins stimulant.","Не сказать, что сводит с ума… но приятно покусывает мозг.","Talvez não entorpecedor, mas pelo menos devorador de mentes.","No será para volverte loco, pero al menos te hace cosquillas en la mente."
<!MissingKey:244:Essence of Steel>,Essence of Steel,Stahlessenz,钢之精华,鋼の核,강철의 정수,鋼之精華,Essence d'acier,Эссенция стали,Essência do Aço,Esencia de acero
"<!MissingKey:245:$t[On hit:] The $affected item gains $chance% chance to duplicate buffs, the \~$affected2 item gains $chance2% critical hit chance.>","$t[On hit:] The $affected item gains $chance% chance to duplicate buffs, the \~$affected2 item gains $chance2% critical hit chance.","$t[Bei Treffer:] Der $affected Gegenstand erhält $chance% Chance, Buffs zu duplizieren, der $affected2 Gegenstand erhält $chance2% kritische Trefferchance.",$t[击中对手：]$affected的物品有$chance%的几率复制增益效果，$affected2的物品获得$chance2%暴击加成。,$t[ヒット時：]$affectedにあるアイテムのバフを追加獲得する確率 +$chance%、$affected2にあるアイテムのクリティカル率 +$chance2%,"$t[적중 시:] $affected에 위치한 아이템이 $chance%의 확률로 획득하는 버프를 복제하고, $affected2에 위치한 아이템이 $chance2%의 치명타 확률을 획득합니다.",$t[擊中對手：]$affected的物品有$chance%的機率複製增益效果，$affected2的物品獲得$chance2%暴擊加成。,"$t[Par coup :] l'objet $affected gagne $chance % de chance de dupliquer les bonus, l'objet $affected2 gagne $chance2 % de chance de coup critique.",$t[При попадании:] $affected предметы повышают шанс удвоить усиления героя на $chance%. $affected2 предметы повышают шанс критического удара на $chance2%.,"$t[Ao acertar:] O item $affected ganha $chance% de chance de duplicar buffs, o item $affected2 ganha $chance2% de chance de acerto crítico.","$t[Al golpear:] El $affected objeto obtiene un $chance % de probabilidad de duplicar ventajas, el $affected2 objeto obtiene un $chance2% de probabilidad de golpe crítico."
<!MissingKey:246:Ouch. Ouch! OUCH!>,Ouch. Ouch! OUCH!,Aua. Aua! AUA!,哎哟。哎哟！哎哟！！,アイタタタタタ！,아야. 아야! 아야!,哎喲。哎喲！哎喲！！,Aïe… Aïe ! AÏE !,Ай. Ай! АЙ!!!,Ai. Ai! AI!,Ay. ¡Ay! ¡AY!
<!MissingKey:247:A great Valentine's Day gift.>,A great Valentine's Day gift.,Ein tolles Valentinstagsgeschenk.,绝佳的情人节礼物。,バレンタインデーのギフトにどうぞ。,최고의 발렌타이 데이 선물.,絕佳的情人節禮物。,Un excellent cadeau pour la Saint-Valentin.,Идеальный подарок на День Святого Валентина.,Um ótimo presente de Dia dos Namorados.,Un regalo ideal para el Día de los Enamorados.
<!MissingKey:248:Blazing Spear>,Blazing Spear,Lodernder Speer,炽焰长矛,ブレイズスピア,이글거리는 창,熾焰長矛,Lance enflammée,Пылающее копье,Lança Flamejante,Lanza ardiente
BUY_RARE3,"What an absolute marvel, treat it well.","So eine Schönheit, kümmere dich gut darum.",这可是个好东西，别搞坏了。,至極の逸品だよ。大切に扱ってね。,"귀중한 물건이니, 잘 다뤄주세요.",這可是個好東西，別搞壞了。,"Quelle merveille, prenez-en bien soin.",Этот предмет — настоящее чудо. Берегите его.,"Que verdadeira maravilha, trate bem.","Qué maravilla absoluta, trátalo bien."
BUY_RARE4,You have a keen eye.,Du hast ein gutes Auge,眼光不错！,お目が高い！,안목이 좋으시군요.,眼光不錯！,Vous avez l'œil averti.,У вас хороший вкус.,Você tem um olhar atento.,Tienes buen ojo.
<!MissingKey:251:THEY CAN MELT FIRE NOW?>,THEY CAN MELT FIRE NOW?,MAN KANN JETZT FEUER SCHMELZEN?,它们现在连火都能融化了？,炎すらも溶かせるようになったのかい？,이제 불도 녹일 수 있나요?,牠們現在連火都能融化了？,ILS PEUVENT FAIRE FONDRE LE FEU MAINTENANT ?,ТЕПЕРЬ МОЖНО ПЛАВИТЬ И ОГОНЬ?!,DÁ PRA DERRETER ATÉ FOGO HOJE EM DIA?!,¿AHORA PUEDEN FUNDIR EL FUEGO?
<!MissingKey:252:Hero Shield>,Hero Shield,Heldenschild,英雄盾牌,英雄の盾,영웅의 방패,英雄盾牌,Bouclier de héros,Щит героя,Escudo do Herói,Escudo del héroe
CONTINUE3,"I wasn't sitting here, waiting for you, at all. Nono.","Ich habe nicht die ganze Zeit auf dich gewartet. Nein, nein.",我没有坐在这里等你回来，真的没有。,キミのことをここで座って待ってたわけじゃないんだからね。全然違うよ！,"아뇨, 딱히 기다리고 있진 않았습니다.",我沒有坐在這裡等你回來，真的沒有。,"Je ne vous attendais pas ici, pas du tout. Non, non…",Я тут вовсе не сидел и не ждал вас. Абсолютно н-е-т.,"Eu não estava aqui, esperando por você, de jeito nenhum. Não, não.","No estaba aquí sentado, esperándote, para nada. Qué va."
BUY_RARE5,Congratulations on your new family treasure.,Gratulation zum neuen Familienschatz.,恭喜你买到传家宝了。,おめでとう！キミの新しい家宝だよ。,새로운 보물과 함께 하시게 됐네요.,恭喜你買到傳家寶了。,Félicitations pour votre nouveau joyau de famille.,Поздравляю с новым семейным сокровищем.,Parabéns pelo seu novo tesouro da família.,Enhorabuena por tu nuevo tesoro familiar.
<!MissingKey:255:Boiling Pot>,Boiling Pot,Kochtopf,沸腾大锅,煮え立つ鍋,끓어오르는 냄비,沸騰大鍋,Chaudron bouillant,Кипящий котел,Panela Fervendo,Olla hirviendo
CONTINUE4,Perfect! I just got new thingies and stuff!,Perfekt! Ich hab gerade neues Zeug reinbekommen!,完美！我又进了新货！,よかった！新しい商品を仕入れたんだ！,오! 방금 막 신상이 들어왔답니다!,完美！我又進了新貨！,Parfait ! Je viens de recevoir de nouveaux bibelots et machins !,Идеально! Я как раз получил новые товары и всякие штуки!,Perfeito! Acabei de pegar umas coisinhas novas e tal!,¡Perfecto! ¡Acabo de recibir cacharros y cositas nuevas!
BUY_RARE6,Promise to be careful with it.,Geh bitte vorsichtig damit um.,一定要小心使用。,丁寧に扱うって約束してね。,조심히 다뤄주시길 바랍니다.,一定要小心使用。,Promettez-moi d'en prendre soin.,Обещайте обращаться с этим осторожно.,Prometa que vai ter cuidado com isso.,Promete cuidarlo.
<!MissingKey:258:Nothing gets the dishes done like a blessing of purity!>,Nothing gets the dishes done like a blessing of purity!,Nichts kriegt Teller besser sauber als der Segen der Reinheit.,停电了还能用这个当电灯。,清らかなる祝福ほど皿洗いがはかどる魔法はない！,이것보다 좋은 설거지 도구는 존재하지 않습니다!,停電了還能用這個當電燈。,Rien ne vaut une bénédiction de pureté pour faire la vaisselle !,"Ничто так не помогает с мытьем посуды, как благословение чистоты!",Nada faz a louça desaparecer como uma bênção da pureza!,¡Nada limpia los platos como una bendición de pureza!
CONTINUE5,Have I seen you before? Of course I have!,"Warte, kenne ich dich? Natürlich kenne ich dich!",老顾客又来了啊！,前にも会ったがあるかって？もちろんさ！,저희 전에 만났던 적 있나요? 당연히 그렇겠죠!,老顧客又來了啊！,On se connaît ? Bien sûr que oui !,"Мы встречались раньше? Дай угадаю... Конечно, да!",Eu já te vi antes? Claro que já!,¿Te he visto antes? ¡Claro que sí!
"<!MissingKey:260:Oh mother of coils, this is the mighty one!>","Oh mother of coils, this is the mighty one!",Oh Mutter aller Spulen! Wir nennen sie auch die gewundene Berta.,天哪，这个线圈之母，这就是那个强大的存在！,ああコイルの母よ、我らが迷える電荷を導きたまえ！,"오, 코일 어머니시여! 정말 강력하답니다!",天啊，線圈之母，這就是那個強大的存在！,"Ô mère des bobines, voici la toute-puissante !","О мать всех катушек, вот это мощь!","Mãe de todas as bobinas, esta é a mais poderosa que existe!","¡Ay, madre de las bobinas, esta es la poderosa!"
<!MissingKey:261:Fedora>,Fedora,Filzhut,软呢帽,フェドーラ帽,페도라,軟呢帽,Feutre,Фе́дора,Fedora,Fedora
"<!MissingKey:262:$t[Shop entered:] Gain $p_gold $gold. $t[Start of battle:] Gain $block $bl. Gain \~$p_regen $regen for each $affected $holy-item. $t[Every $cds:] Cleanse $p_cleanse debuffs. If you have no debuffs, gain $p_block $bl. >","$t[Shop entered:] Gain $p_gold $gold. $t[Start of battle:] Gain $block $bl. Gain \~$p_regen $regen for each $affected $holy-item. $t[Every $cds:] Cleanse $p_cleanse debuffs. If you have no debuffs, gain $p_block $bl. 

 $red[Your $h[Weapons] attack $p_speed% slower.]","$t[Laden betreten:] Erhalte $p_gold $gold. $t[Kampfbeginn:] Erhalte $block $bl. Erhalte $p_regen $regen pro $affected $holy-item. $t[Alle $cds:] Entferne $p_cleanse Debuffs. Wenn du keine Debuffs hast, erhalte $p_block $bl. 

 $red[Deine $h[Waffen] attackieren $p_speed% langsamer.]","$t[进入商店时：]获得$p_gold枚$gold。$t[战斗开始时：]获得$block点$bl。每有一个$affected的$holy的物品，获得$p_regen层$regen。$t[每$cds：]净化$p_cleanse个减益效果。如果没有减益效果，则获得$p_block点$bl。

$red[你的$h[武器]攻击速度慢$p_speed%。]","$t[ショップ入店時：]$p_gold $gold を獲得する$t[バトル開始時：]$block $bl を獲得する。$affectedにある $holy アイテム1個につき$p_regen $regen を獲得する$t[$cd秒毎：]$p_cleanseデバフを解除する。デバフがない場合、$p_block $bl を獲得する

$red[自分の$h[武器]の使用速度が$p_speed%下がる]","$t[상점 진입 시:] $gold를 $p_gold 획득합니다. $t[전투 시작 시:] $bl를 $block 획득합니다. $affected에 위치한 $holy 아이템마다 $regen을 $p_regen 획득합니다. $t[$cd초마다:] 디버프를 $p_cleanse개 제거합니다. 보유한 디버프가 없다면, $bl를 $p_block 획득합니다.

$red[내 $h[무기]가 $p_speed% 느리게 발동합니다.]","$t[進入商店時：]獲得$p_gold枚$gold。$t[戰鬥開始時：]獲得$block點$bl。每有一個$affected的$holy的物品，獲得$p_regen層$regen。$t[每$cds：]淨化$p_cleanse個減益效果。如果沒有減益效果，則獲得$p_block點$bl。

$red[你的$h[武器]攻擊速度慢$p_speed%。]","$t[En entrant dans la boutique :] gagnez $p_gold $gold. $t[Au début du combat :] gagnez $block $bl. Gagnez$p_regen $regen pour chaque objet $holy $affected. $t[Toutes les $cd s :] purgez $p_cleanse malus. Si vous n'avez pas de malus, gagnez $p_block $bl. 

 $red[Vos $h[Armes] se déclenchent $p_speed % moins vite.]","$t[Переход в магазин:] добавляет $p_gold $gold. $t[Начало боя:] добавляет $block $bl. Получает $p_regen $regen за каждый $affected $holy-предмет. $t[Раз в $cd сек.:] снимает до $p_cleanse негативных эффектов. Если на герое нет негативных эффектов, добавляет $p_block $bl. 

 $red[$h[Оружие] героя срабатывает на $p_speed% реже.]","$t[Ao entrar na loja:] Ganha $p_gold $gold. $t[Início da batalha:] Ganha $block $bl. Ganha $p_regen $regen por cada item-$holy $affected. $t[A cada $cd s:] Purifica $p_cleanse debuffs. Se você não tiver debuffs, ganha $p_block $bl. 

 $red[Suas $h[Armas] ativam $p_speed% mais devagar.]","$t[Al entrar en la tienda:] Obtiene $p_gold $gold. $t[Al comienzo de la batalla:] Obtiene $block $bl. Obtiene $p_regen $regen por cada $affected objeto de $holy. $t[Cada $cd s:] Purga $p_cleanse desventajas. Si no tienes desventajas, obtienes $p_block $bl. 

 $red[Tus $h[armas] se activan un $p_speed % más lento.]"
<!MissingKey:263:Sewing Case>,Sewing Case,Nähtäschchen,针线包,裁縫セット,반짇고리,針線包,Étui à couture,Сумка швеи,Estojo de Costura,Costurero
<!MissingKey:264:Spell Scroll: Dark Frenzy>,Spell Scroll: Dark Frenzy,Zauberrolle: Finstere Raserei,魔法卷轴：黑暗爆发,呪文の巻物：闇の狂乱,주문 스크롤: 암흑의 광란,魔法卷軸：黑暗爆發,Parchemin de sort : Frénésie sombre,Свиток заклятия: безумие тьмы,Pergaminho de Feitiço: Frenesi Sombrio,Pergamino de conjuros: Frenesí oscuro
UI_RankSeason3,You earned {num} bonus trophies! ,Du erhältst {num} Bonus-Trophäen!,你获得了{num}个额外奖杯。,{num}個のボーナストロフィーを獲得しました！,{num}개의 보너스 트로피를 획득했습니다!,你獲得了{num}個額外獎盃。,Vous avez gagné {num} trophées bonus !,Вы получили бонусные трофеи: {num}!,Você ganhou {num} troféus bônus!,¡Ganaste {num} trofeos extra!
<!MissingKey:266:Waterbender>,Waterbender,Wasserbändiger,水术士,ウォーターベンダー,워터벤더,水術士,Maîtresse de l'eau,Маг воды,Dominador de Água,Controlador de agua
UI_RankSeason2,Your ranking last season: ,Dein Rang letzte Season:,上赛季你的排名：,前シーズンのランク：,최근 시즌 랭킹:,上賽季你的排名：,Votre classement la saison dernière :,Ваш рейтинг в прошлом сезоне:,Sue ranque na temporada passada:,Tu clasificación la temporada pasada:
<!MissingKey:268:Share your charges with friends.>,Share your charges with friends.,Teile die Ladung mit all deinen Freunden!,把你的电荷分享给朋友吧。,周りに刺激が足りないって人はいない？全人類、今すぐコレを使って電荷をシェアしてあげて！,친구들과 함께 나눠보세요.,把你的電荷分享給朋友吧。,Partagez vos charges avec vos amis.,Делись зарядом с друзьями. Не жадничай.,Divida suas cargas com seus amigos.,Comparte tus cargas con amigos.
<!MissingKey:269:It is alive because of Christmas magic or something!>,It is alive because of Christmas magic or something!,Es lebt wegen Weihnachtsmagie oder sowas.,因为魔法，现在都夏天了还没化。,よく分からないけど、クリスマスの魔法とかそんなののおかげで生きてるんじゃないかな！,대충 크리스마스의 마법 어쩌구로 생명을 얻었습니다!,因為魔法，現在都夏天了還沒化。,Il doit être animé par la magie de Noël ou quelque chose comme ça !,Он жив только благодаря рождественской магии или чему-то подобному!,Está vivo por causa da magia do Natal ou algo assim!,Está vivo por la magia navideña o algo así.
UI_RankSeason1,A new ranking season has started! ,Eine neue Ranglistensaison hat begonnen!,新的排名赛季已经开始！,ランクモードの新シーズンが始まりました！,새로운 랭킹 시즌이 시작되었습니다!,新的排名賽季已經開始！,Une nouvelle saison de classement a commencé !,Новый сезон рейтинга начался!,Uma nova temporada de ranque começou!,¡Ha comenzado una nueva temporada de clasificación!
<!MissingKey:271:Null Blade>,Null Blade,Nullklinge,虚无之刃,無の剣,영의 칼날,虛無之刃,Lame nulle,Клинок пустоты,Lâmina Nula,Espada nula
<!MissingKey:272:Show hints>,Show hints,Hinweise zeigen,显示提示,ヒント表示,힌트 보기,顯示提示,Afficher les indices,Показать подсказки,Exibir dicas,Mostrar pistas
"<!MissingKey:273:If your name is ""Lily"" you will get one of those for every birthday.>","If your name is ""Lily"" you will get one of those for every birthday.","Wenn du eine Lili kennst, schenk ihr einen zum Geburtstag.",香香的，能为你增添好感度。,キミの名前が「ユリ」なら、誕生日のたびにもらえるよ。,"이름이 ""릴리""라면, 매년마다 선물로 받게 되겠네요.",香香的，能為你增添好感度。,"S'il y a les lettres « L. Y. S. » dans votre prénom, vous devez en recevoir à chaque anniversaire.",Наверняка девушки с именем Лилия получают такую штуку на каждый день рождения.,"Se o seu nome for ""Lily"", você receberá um desses a cada aniversário.","Si te llamas «Lili», recibirás uno de estos en cada cumpleaños."
UI_RankSeason4,Thanks for playing the Early Access! ,Danke fürs Early Access spielen!,感谢游玩抢先体验版！,早期アクセスをプレイいただきありがとうございました！,얼리 액세스를 플레이해주셔서 감사합니다!,感謝遊玩搶先體驗版！,Merci d'avoir participé à l'accès anticipé !,Спасибо за игру в раннем доступе!,Obrigado por jogar o Acesso Antecipado!,¡Gracias por jugar la versión de acceso anticipado!
<!MissingKey:275:Resistor>,Resistor,Widerstand,电阻,抵抗器,저항기,電阻,Résistance,Резистор,Resistor,Resistencia
"<!MissingKey:276:All the sharp edges make snuggling challenging, but no less rewarding.>","All the sharp edges make snuggling challenging, but no less rewarding.","All die scharfen Kanten machen das Schmusen schwierig, aber nicht weniger wundervoll.",这么多锋利边角让拥抱变得很有挑战性，但回报也丝毫不少。,尖ったとこが多いから寄り添うのは大変だけど、可愛さが損なわれることはないよ。,"날카로워서 안기는 힘들지만, 그럴 만한 보람은 있습니다.",這麼多鋒利邊角讓擁抱變得很有挑戰性，但回報也絲毫不少。,"Tous ces bords tranchants rendent les câlins compliqués, mais pas moins gratifiants.","С такими острыми краями обниматься сложно, но оно того стоит.","As partes pontudas dificultam pra fazer carinho, mas é agradável mesmo assim.","Todos los bordes afilados hacen que acurrucarse sea un desafío, pero no por ello menos gratificante."
<!MissingKey:277:$t[On hit:] Destroy $p_block $bl for each free \~$affected slot. Your opponent takes +$p_dam% damage.>,$t[On hit:] Destroy $p_block $bl for each free \~$affected slot. Your opponent takes +$p_dam% damage.,$t[Bei Treffer:] Entferne $p_block $bl für jedes $affected freie Feld. Dein Gegner nimmt +$p_dam% Schaden.,$t[击中对手：]每有一个$affected的空格，摧毁对手$p_block点$bl。你的对手受到的伤害+$p_dam%。,$t[ヒット時：]$affectedにある空きスロット1個につき$p_block $bl を破壊する。相手の受けるダメージ +$p_dam%,$t[적중 시:] $affected에 위치한 빈 슬롯마다 $bl를 $p_block 파괴합니다. 상대가 피해를 추가로 $p_dam% 입습니다.,$t[擊中對手：]每有一個$affected的空格，摧毀對手$p_block點$bl。你的對手受到的傷害+$p_dam%。,$t[Par coup :] détruisez $p_block $bl pour chaque emplacement libre $affected. Votre adversaire subit +$p_dam % de dégâts.,$t[При попадании:] разрушает $p_block $bl за каждый пустой $affected слот. Противник получает на $p_dam% больше урона.,$t[Ao acertar:] Destrói $p_block $bl por cada espaço livre $affected. Seu oponente recebe +$p_dam% de dano.,$t[Al golpear:] destruyes $p_block $bl por cada espacio libre $affected. Tu rival recibe +$p_dam % de daño.
SKILL2,Choose wisely.,Wähle weise.,谨慎选择哦。,慎重に選んでね。,현명하게 선택하세요.,謹慎選擇哦。,Choisissez judicieusement.,Выбирайте с умом.,Escolha com sabedoria.,Elige con cabeza.
SKILL3,I hope you like the selection.,"Ich hoffe, du bist zufrieden mit der Auswahl.",希望你不会后悔。,迷うのも楽しんでくれるといいな。,좋은 선택 하시길.,希望你不會後悔。,J'espère que cette sélection vous plaira.,"Надеюсь, вы не пожалеете о своем выборе.",Espero que goste da seleção.,Espero que te guste la selección.
<!MissingKey:280:$t[Shop entered:] Pay $p_gold $gold fees. For the next shop: >,"$t[Shop entered:] Pay $p_gold $gold fees. For the next shop: 
Sales chance +$p_sales%. $h[Crafted] items are offered in the shop.","$t[Laden betreten:] Zahle $p_gold $gold Abogebühren. Für den nächsten Laden: 
 Chance auf Angebote +$p_sales%. $h[Hergestelle] Gegenstände werden im Laden angeboten.","$t[进入商店时：]支付$p_gold枚$gold。

下一次进入商店时：打折几率+$p_sales%。商店会提供$h[打造]物品。","$t[ショップ入店時：]$p_gold $gold の料金を支払う。このショップフェーズ中、
$h[クラフトアイテム]がショップで売られるようになる。セール発生確率 +$p_sales%","$t[상점 진입 시:] $gold 요금을 $p_gold 지불합니다. 다음 상점에서:
할인 확률이 $p_sales% 증가합니다. $h[제작된] 아이템이 상점에 등장합니다.","$t[進入商店時：]支付$p_gold枚$gold。

下一次進入商店時：打折機率+$p_sales%。商店會提供$h[打造]物品。","$t[En entrant dans la boutique :] payez $p_gold $gold. Pour la boutique suivante : 
Chance de promotion + $p_sales %. Les objets $h[fabriqués] sont disponibles dans la boutique.","$t[Переход в магазин:] взымается плата $p_gold $gold. При следующем переходе в магазин: 
шанс, что предметы будут продаваться в магазине со скидкой, +$p_sales%. Предметы $h[созидания] будут продаваться в магазине.","$t[Ao entrar na loja:] Paga taxa de $p_gold $gold. Na próxima loja: 
 +$p_sales% de chance de promoção. Itens $h[Fabricados] são oferecidos na loja.","$t[Al entrar en la tienda:] Paga $p_gold $gold de tarifa. En la siguiente tienda: 
La probabilidad de oferta aumenta un $p_sales %. Se ofrecen objetos $h[fabricados] en la tienda."
<!MissingKey:281:Cupcake Goobert>,Cupcake Goobert,Törtchen- Schlotzbert,魔法杯糕黏黏,カップケーキ・スラバート,컵케이크 슬돌이,魔法杯糕黏呼呼,Viskeu petit gâteau,Сладкий Слаймер,Cupcake Gosberto,Viscosino magdalena
UI_HistoryEmpty,No runs match your selection.,Keine Runden entsprechen den Filtern.,没有符合你筛选条件的对局。,条件に合うヒストリーはありません,선택한 것과 일치하는 런이 없습니다.,沒有符合你篩選條件的對局。,Aucune partie ne correspond à votre sélection.,По вашему запросу матчей не найдено.,Nenhuma partida corresponde à sua seleção.,No hay partidas que coincidan con tu selección.
SKILL1,Time to get skilled!,Ab jetzt mit Skill!,是时候选择技能了！,スキルを身につける時間だよ！,스킬을 얻을 시간입니다!,是時候選擇技能了！,Il est temps de développer vos compétences !,Время прокачать навыки!,Hora de ficar afiado!,¡Hora de ser habilidoso!
SKILL6,These are some of my favorites!,Die sind alle meine Lieblinge!,这些是我的最爱！,ボクのお気に入りも混ざってるよ！,제가 가장 좋아하는 것들이네요!,這些是我的最愛！,Voici quelques-unes de mes préférées !,Это одни из моих любимых предметов!,Esses são alguns dos meus favoritos!,¡Estos son algunos de mis favoritos!
SKILL4,I never know what they deliver me.,"Ich weiß nie, was sie mir liefern.",我也不知带有些什么新货。,何が届けられるのか、ボクも全然知らないんだ。,어떻게 될진 저도 모른답니다.,我也不知帶有些什麼新貨。,Je ne sais jamais ce qu'ils vont me livrer.,"Понятия не имею, когда приедут новые товары.",Eu nunca sei o que eles me entregam.,Nunca sé qué me van a mandar.
<!MissingKey:286:A bag full of patience.>,A bag full of patience.,Ein Sack voll Geduld.,包里全是耐心。,忍耐力が詰まったバッグだよ。,인내심으로 꽉 찬 가방.,包裡全是耐心。,Un sac rempli de patience.,"Сумка, полная терпения. Буквально.",Uma bolsa cheia de paciência.,Una bolsa lleno de paciencia.
<!MissingKey:287:Heals $p_healamp% more ($bag).>,Heals $p_healamp% more ($bag).,Heilt $p_healamp% mehr ($bag).,生命恢复效果加强$p_healamp%（$bag）。,回復量 +$p_healamp%（$bag）,$p_healamp% 더 많이 치유합니다 ($bag).,生命恢復效果加強$p_healamp%（$bag）。,Guérit $p_healamp % supplémentaires ($bag).,Восстанавливает на $p_healamp% больше здоровья ($bag).,Cura $p_healamp% a mais ($bag).,Cura un $p_healamp % más ($bag).
SKILL5,"I know which one I would take, but I'm not allowed to tell you.","Ich weiß, welchen ich nehmen würde, aber ich darf's nicht sagen.",我知道我要选哪个，但是我不能告诉你。,ボクならどれを取るか決まってるんだけど、それは教えちゃいけない決まりなんだ。,"어떤 게 정답인진 알고 있지만, 말씀드릴 수가 없네요.",我知道我要選哪個，但是我不能告訴你。,"Je sais laquelle je prendrais si j'étais vous, mais je n'ai pas le droit de vous le dire.","Я знаю наверняка, что бы выбрал я, но мне нельзя вам говорить.","Eu sei qual eu escolheria, mas não posso te contar.","Yo sé cuál elegiría, pero no puedo decírtelo."
<!MissingKey:289:Merchant>,Merchant,Händler,商人,マーチャント,상인,商人,Marchand,Продавец,Comerciante,Mercader
<!MissingKey:290:$t[Every $cds:] Use $p_regen $regen to gain $p_luck $lucky and \~$p_spikes $spikes. >,"$t[Every $cds:] Use $p_regen $regen to gain $p_luck $lucky and \~$p_spikes $spikes. 

 Triggers $p_speed% faster for each $affected $h[Spell] \~($nature-$h[Spells] count twice).","$t[Alle $cds:] Nutze $p_regen $regen, um $p_luck $lucky und $p_spikes $spikes zu erhalten. 

 Aktiviert $p_speed% schneller pro\~ $affected $h[Zauber] ($nature-$h[Zauber] zählen doppelt).","$t[每$cds：]消耗$p_regen层$regen来获得$p_luck点$lucky和$p_spikes层$spikes。

每有一个$affected的$h[魔法卷轴]，此物品的触发速度快$p_speed%（$nature $h[魔法卷轴]算作2次）。","$t[$cd秒毎：]$p_regen $regen を消費して、$p_luck $lucky と$p_spikes $spikes を獲得する 

$affectedにある$h[呪文]1個につき使用速度が$p_speed%上がる（$nature $h[呪文]は2個扱い）","$t[$cd초마다:] $regen을 $p_regen 사용해 $lucky을 $p_luck, $spikes를 $p_spikes 획득합니다.

$affected에 위치한 $h[주문]마다 $p_speed% 빠르게 발동합니다
($nature $h[주문]은 두 번 계산됩니다).","$t[每$cds：]消耗$p_regen層$regen來獲得$p_luck點$lucky和$p_spikes層$spikes。

每有一個$affected的$h[魔法卷軸]，此物品的觸發速度快$p_speed%（$nature $h[魔法卷軸]算作2次）。","$t[Toutes les $cd s :] utilisez $p_regen $regen pour gagner $p_luck $lucky et $p_spikes $spikes. 

 Se déclenche $p_speed % plus vite pour chaque $h[Sort] $affected (les $h[Sorts] $nature compte deux fois).","$t[Раз в $cd сек.:] использует $p_regen $regen и добавляет $p_luck $lucky и $p_spikes $spikes. 

 Срабатывает на $p_speed% чаще за каждое $affected $h[заклятие] ($nature-$h[заклятие] считается за 2).","$t[A cada $cd s:] Usa $p_regen $regen para ganhar $p_luck $lucky e $p_spikes $spikes. 

 Ativa $p_speed% mais rápido por cada $h[Feitiço] $affected ($nature-$h[Feitiços] contam duas vezes).","$t[Cada $cd s:] usas $p_regen $regen para obtener $p_luck $lucky y $p_spikes $spikes. 

 Se activa un $p_speed % más rápido por cada $affected $h[hechizo] ($nature-$h[hechizos] cuentan doble)."
<!MissingKey:291:Reduced Stamina Regeneration>,Reduced Stamina Regeneration,Reduzierte Ausdauerregeneration: {val},耐力恢复削弱：{val},基礎スタミナ回復量減少：{val},감소한 스태미나 재생량: {val},耐力恢復削弱：{val},Régénération d'endurance réduite : {val},Снижение восстановления энергии: {val},Regeneração de Vigor Reduzida: {val},Regeneración de resistencia reducida: {val}
<!MissingKey:292:$t[Capturing:] Gain $p_spikes $spikes. $t[Eliminated:] Increase critical hit rate by $p_crit% for $p3s.>,$t[Capturing:] Gain $p_spikes $spikes. $t[Eliminated:] Increase critical hit rate by $p_crit% for $p3s.,$t[Schlägt:] Erhalte $p_spikes $spikes. $t[Wird eliminiert:] Erhöhe kritische Trefferrate für $p3s um $p_crit%.,$t[吃掉其他棋子时：]获得$p_spikes层$spikes。$t[被吃掉时：]增加$p_crit%暴击几率，持续$p3s。,$t[取る時：]$p_spikes $spikes を獲得する $t[取られる時：]$p3秒間、クリティカル率 +$p_crit%,$t[포획 시:] $spikes를 $p_spikes 획득합니다. $t[제거될 시:] $p3초 동안 치명타 확률이 $p_crit% 증가합니다.,$t[吃掉其他棋子時：]獲得$p_spikes層$spikes。$t[被吃掉時：]增加$p_crit%暴擊幾率，持續$p3s。,$t[À la capture :] gagnez $p_spikes $spikes. $t[À l'élimination :] augmentez le taux de coup critique à hauteur de $p_crit % pendant $p3 s.,$t[При захвате:] добавляет $p_spikes $spikes. $t[При уничтожении:] повышает шанс критического удара на $p_crit% на $p3сек.,$t[Ao capturar:] Ganha $p_spikes $spikes. $t[Eliminado:] Aumenta a taxa de acerto crítico em $p_crit% por $p3 s.,[Al capturar:] obtienes $t $p_spikes $spikes. $t[Al ser eliminado:] incrementas la probabilidad de golpe crítico un $p_crit % durante $p3 s.
<!MissingKey:293:$t[On buy:] Replace this with a random other $h[Skill] from your pool.>,$t[On buy:] Replace this with a random other $h[Skill] from your pool.,"$t[Bei Kauf:] Ersetze dies mit einem zufälligen anderen $h[Skill], den du haben kannst.",$t[购买此物品时：]用技能池中一个随机$h[技能]替代此物品。,$t[購入時：]自分が入手可能なランダムな$h[スキル]と置き換わる,$t[구매 시:] 내 풀에서 다른 무작위 $h[스킬]로 교체됩니다.,$t[購買此物品時：]用技能池中一個隨機$h[技能]替代此物品。,$t[À l'achat :] remplacez-la par une autre $h[Compétence] aléatoire de votre réserve.,$t[При покупке:] заменяется на случайную доступную герою $h[способность].,$t[Ao comprar:] Substitui isso por uma outra $h[Habilidade] aleatória do seu pool.,$t[Al comprarla:] cámbiala por otra $h[habilidad] al azar de tu reserva.
"<!MissingKey:294:You are the king? Well, I didn’t vote for you.>","You are the king? Well, I didn’t vote for you.",Ihr seid der König? Also ich hab Euch nicht gewählt.,你就是国王？我可没选你。,コイツがキング？投票した覚えはないんだけどなあ。,당신이 왕이라구요? 투표한 기억이 없는데.,你就是國王？我可沒選你。,"C'est vous le Roi ? Eh bien, je n'ai pas voté pour vous.",Ты — король? А кто за тебя проголосовал-то?,"Você é o rei? Bem, eu não votei em você.","¿Tú eres el rey? Bueno, no te voté yo."
<!MissingKey:295:It can launch you to the moon if you believe in it.>,It can launch you to the moon if you believe in it.,"Er kann einen bis zum Mond schleudern, Gerüchten zufolge.",只要你相信，它可以把你送上月球。,信じれば月まで跳べるよ。,"여러분의 믿음만 있다면, 달까지도 도달할 수 있습니다.",只要你相信，它可以把你送上月球。,Il peut vous propulser sur la lune si vous y croyez.,"Если поверишь в него, он и до Луны тебя подкинет.","Se você tiver fé, pode lançar você até a lua.",Puede lanzarte a la luna si crees en ello.
<!MissingKey:296:$t[On buy:] Generate a chipped $h[Gemstone]. $t[Accessory bought:] $shopchance% chance to restock with an $h[amulet] or $h[ring]. >,"$t[On buy:] Generate a chipped $h[Gemstone]. $t[Accessory bought:] $shopchance% chance to restock with an $h[amulet] or $h[ring]. 

 $affected $h[rings] have $chance% chance to duplicate buffs and debuffs. 

 $h[Amulets] have +$p_sales% chance to be on sale.","$t[Bei Kauf:] Erzeuge einen lädierten $h[Edelstein]. $t[Accessoire gekauft:] $shopchance% Chance mit einem $h[Amulett] oder $h[Ring] aufzufüllen. 

 $affected $h[Ringe] haben $chance% Buffs und Debuffs zu duplizieren. 

 $h[Amulette] haben +$p_sales% Chance im Angebot zu sein.","$t[购买此物品时：]生成一个$h[宝石]碎片。$t[购买配饰时：]商店有$shopchance%几率刷新一个新$h[护符]或$h[戒指]。

$affected的$h[戒指]有$chance%的几率复制增益和减益效果。

$h[护符]的打折几率+$p_sales%。","$t[購入時：]欠けた$h[宝石]1個を生成する$t[アクセサリー購入時：]$shopchance%の確率で$h[アミュレット]または$h[指輪]を補充する

$affectedにある$h[指輪]は$chance%の確率でバフを追加獲得、デバフを追加付与する

$h[アミュレット]のセール発生確率 +$p_sales%","$t[구매 시:] 깨진 $h[보석]을 생성합니다. $t[장신구 구매 시:] $shopchance%의 확률로 $h[아뮬렛]이나 $h[반지]가 다시 입고됩니다.

$affected에 위치한 $h[반지]가 $chance%의 확률로 획득하는 버프와 디버프를 복제합니다.

$h[아뮬렛]이 할인될 확률이 $p_sales% 증가합니다.","$t[購買此物品時：]生成一個$h[寶石]碎片。$t[購買配飾時：]商店有$shopchance%幾率刷新一個新$h[護符]或$h[戒指]。

$affected的$h[戒指]有$chance%的機率複製增益和減益效果。

$h[護符]的打折機率+$p_sales%。","$t[À l'achat :] générez une $h[Pierre précieuse] fragmentée. $t[Accessoire acheté :] $shopchance % de chance de réapprovisionner avec une $h[Amulette] ou un $h[Anneau]. 

 Les $h[Anneaux] $affected ont $chance % de chance de dupliquer bonus et malus. 

 Les $h[Amulettes] ont +$p_sales % de chance d'être en promotion.","$t[При покупке:] создает осколок $h[самоцвета]. $t[При покупке аксессуара:] $shopchance% шанс, что на полке вместо этого предмета появится $h[амулет] или $h[кольцо]. 

 $affected $h[кольца] получают $chance% шанс удвоить усиления или негативные эффекты. 

 Шанс появления $h[амулетов] в магазине со скидкой +$p_sales%.","$t[Ao comprar:] Gera uma $h[Gema] lascada. $t[Acessório comprado:] $shopchance% de chance de reabastecer com um $h[amuleto] ou $h[anel]. 

 $h[Anéis] $affected têm $chance% de chance de duplicar buffs e debuffs. 

 $h[Amuletos] têm +$p_sales% de chance de estar em promoção.","$t[Al comprarlo:] Genera una $h[gema] rota. $t[Al comprar accesorio:] $shopchance % de probabilidad de reabastecer con un $h[amuleto] o $h[anillo]. 

 Los $affected $h[anillos] tienen un $chance % de probabilidad de duplicar ventajas y desventajas. 

 Los $h[amuletos] tienen +$p_sales % de probabilidad de estar en oferta."
"<!MissingKey:297:A ...poisoned pawn, really?>","A ...poisoned pawn, really?",Ein vergifteter Bauer... euer Ernst?,一个中毒的士兵？,これって毒入りのポーンなの…マジ？,검은색이 나쁜 폰인가요?,一個中毒的士兵？,"Un pion… empoisonné, vraiment ?",Серьезно? Отравленная пешка?,"Um ...peão envenenado, sério?",¿Un peón envenenado? ¿Es una broma?
"<!MissingKey:298:$t[Every $cds:] Gain $p_maxhealth maximum health, \~$p_stamina stamina, $p_mana $mana and $p_luck $lucky. >","$t[Every $cds:] Gain $p_maxhealth maximum health, \~$p_stamina stamina, $p_mana $mana and $p_luck $lucky. 

 Triggers $p_speed% faster for each round passed since round $p_skillround.","$t[Alle $cds:] Erhalte $p_maxhealth Maximalleben, $p_stamina Ausdauer, $p_mana $mana und $p_luck $lucky. 

 Aktiviert $p_speed% für jede Runde, die seit Runde $p_skillround vergangen ist.","$t[每$cds：]获得$p_maxhealth点最大生命值，$p_stamina点耐力，还有$p_mana点$mana和$p_luck点$lucky。

在第$p_skillround回合后的每回合触发速度都会快$p_speed%。","$t[$cd秒毎：]体力最大値が$p_maxhealth増え、$p_staminaスタミナと$p_mana $mana と$p_luck $lucky を獲得する 

ラウンド$p_skillroundから1ラウンド進むごとに使用速度が$p_speed%上がる","$t[$cd초마다:] 최대 체력을 $p_maxhealth, 스태미나를 $p_stamina, $mana를 $p_mana, $lucky을 $p_luck 획득합니다.

$p_skillround 라운드 이후부터 지나온 라운드마다 $p_speed% 빠르게 발동합니다.","$t[每$cds：]獲得$p_maxhealth點最大生命值，$p_stamina點耐力，還有$p_mana點$mana和$p_luck點$lucky。

在第$p_skillround回合後的每回合觸發速度都會快$p_speed%。","$t[Toutes les $cd s :] gagnez $p_maxhealth de PV max, $p_stamina d'endurance, $p_mana $mana et $p_luck $lucky. 

 Se déclenche $p_speed % plus vite pour chaque tour passé à partir du tour $p_skillround.","$t[Раз в $cd сек.:] добавляет $p_maxhealth максимального здоровья, $p_stamina энергии, $p_mana $mana и $p_luck $lucky. 

 Срабатывает на $p_speed% чаще за каждый пройденный раунд после $p_skillround-го раунда.","$t[A cada $cd s:] Ganha $p_maxhealth de vida máxima, $p_stamina de vigor, $p_mana $mana e $p_luck $lucky. 

 Ativa $p_speed% mais rápido por cada rodada passada desde a rodada $p_skillround.","$t[Cada $cd s:] obtienes $p_maxhealth PS máx, $p_stamina de resistencia, $p_mana $mana y $p_luck $lucky. 

 Se activa un $p_speed % más rápido por cada ronda pasada desde la ronda $p_skillround."
<!MissingKey:299:Spell>,Spell,Zauber,魔法卷轴,呪文,주문,魔法卷軸,Sort,Заклятие,Feitiço,Hechizo
<!MissingKey:300:$t[$affected $h[Potion] triggered:] Heal for $p_heal + $p_heal_food per $affected2 $h[Food]. $t[After $cds:] Gain $p_heat $heat and $p_regen $regen. >,"$t[$affected $h[Potion] triggered:] Heal for $p_heal + $p_heal_food per $affected2 $h[Food]. $t[After $cds:] Gain $p_heat $heat and $p_regen $regen. 

 Triggers $p_speed% faster for each \~$affected $h[Potion] and $affected2 $h[Food].","$t[$affected $h[Trank] aktiviert:] Heile um $p_heal + $p_heal_food pro $affected2 $h[Essen]. $t[Nach $cds:] Erhalte $p_heat $heat und $p_regen $regen. 

 Aktiviert $p_speed% schneller pro $affected $h[Trank] und $affected2 $h[Essen].","$t[$affected的$h[魔药]触发时：]恢复$p_heal点生命值，每有一个$affected2的$h[食物]，额外恢复$p_heal_food点生命值。$t[$cds后：]获得$p_heat层$heat和$p_regen层$regen。

每有一个$affected的$h[魔药]和$affected2的$h[食物]，触发速度快$p_speed%。","$t[$affectedにある$h[ポーション]発動時：]体力を$p_heal回復する（$affected2にある$h[食べ物]1個につき +$p_heal_food）$t[$cd秒後：]$p_heat $heat と$p_regen $regen を獲得する

$affectedにある$h[ポーション]と$affected2にある$h[食べ物]1個につき使用速度が$p_speed%上がる","$t[$affected에 위치한 $h[포션] 발동 시:] 체력을 $p_heal 회복하고 $affected2에 위치한 $h[음식]마다 추가로 $p_heal_food 회복합니다. $t[$cd초 후:] $heat를 $p_heat, $regen을 $p_regen 획득합니다.

$affected에 위치한 $h[포션]과 $affected2에 위치한 $h[음식]마다 $p_speed% 빠르게 발동합니다.","$t[$affected的$h[魔藥]觸發時：]恢復$p_heal點生命值，每有一個$affected2的$h[食物]，額外恢復$p_heal_food點生命值。$t[$cds後：]獲得$p_heat層$heat和$p_regen層$regen。

每有一個$affected的$h[魔藥]和$affected2的$h[食物]，觸發速度快$p_speed%。","$t[En déclenchant une $h[Potion] $affected :] guérissez de $p_heal + $p_heal_food par $h[Nourriture] $affected2. $t[Après $cd s :] gagnez $p_heat $heat et $p_regen $regen. 

 Se déclenche $p_speed % plus vite pour chaque $h[Potion] $affected et $h[Nourriture] $affected2.","$t[При срабатывании $affected предмета типа $h[зелье]:] восстанавливает $p_heal здоровья + $p_heal_food за каждый $affected2 предмет типа $h[еда]. $t[Через $cd сек.:] добавляет $p_heat $heat и $p_regen $regen. 

 Срабатывает на $p_speed% чаще за каждый $affected предмет типа $h[зелье] и $affected2 предмет типа $h[еда].","$t[$h[Poção] $affected ativada:] Cura $p_heal + $p_heal_food por $h[Alimento] $affected2. $t[Após $cd s:] Ganha $p_heat $heat e $p_regen $regen. 

 Ativa-se $p_speed% mais rápido por cada $h[Poção] $affected e $h[Alimento] $affected2.","$t[Al activar $affected $h[poción]:] Recupera $p_heal + $p_heal_food por $affected2 $h[comida]. $t[Tras $cds:] Obtiene $p_heat $heat y $p_regen $regen. 

 Se activa un $p_speed % más rápido por cada $affected $h[poción] y $affected2 $h[comida]."
<!MissingKey:301:$c[Weapon sockets:] $m[$p_dam damage dealt:] Gain $p_spikes $spikes. $c[Armor & other sockets:] $m[After $cd2s:] Gain $p_maxhealth% of your current health as maximum health. $c[Backpack:] $m[After $cd1s:] Gain $p_luck $lucky and $p_regen $regen. Triggers $p_speed% faster for each \~$affected $nature-item.>,$c[Weapon sockets:] $m[$p_dam damage dealt:] Gain $p_spikes $spikes. $c[Armor & other sockets:] $m[After $cd2s:] Gain $p_maxhealth% of your current health as maximum health. $c[Backpack:] $m[After $cd1s:] Gain $p_luck $lucky and $p_regen $regen. Triggers $p_speed% faster for each \~$affected $nature-item.,$c[Waffensockel:] $m[$p_dam Schaden verursacht:] Erhalte $p_spikes $spikes. $c[Rüstung & andere Sockel:] $m[Nach $cd2s:] Erhalte $p_maxhealth% deines momentanen Lebens als Maximalleben. $c[Rucksack:] $m[Nach $cd1s:] Erhalte $p_luck $lucky und $p_regen $regen. Aktiviert $p_speed% schneller pro \~$affected $nature-Gegenstand.,$c[放入武器槽：]$m[造成$p_dam点伤害时：]获得$p_spikes点$spikes。$c[放入护甲与其他插槽：]$m[$cd2s后：]获得等同于当前生命值$p_maxhealth%的最大生命值。$c[放入背包：]$m[$cd1s后：]获得$p_luck点$lucky和$p_regen层$regen。每有一个$affected的$nature物品，触发速度快$p_speed%。,$c[武器に装着：]$m[$p_damダメージ与える毎：]$p_spikes $spikes を獲得する$c[非武器に装着：]$m[$cd2秒後：]現在の体力の$p_maxhealth%を体力最大値として獲得する$c[バックパックに配置：]$m[$cd1秒後：]$p_luck $lucky と$p_regen $regen を獲得する。$affectedにある $nature アイテム1個につき使用速度が$p_speed%上がる,"$c[무기 소켓:] $m[피해를 $p_dam 가할 시:] $spikes를 $p_spikes 획득합니다. $c[방어구 및 기타 소켓:] $m[$cd2초 후:] 현재 체력의 $p_maxhealth%만큼의 최대 체력을 획득합니다. $c[배낭:] $m[$cd1초 후:] $lucky을 $p_luck, $regen을 $p_regen 획득합니다. $affected에 위치한 $nature 아이템마다 $p_speed% 빠르게 발동합니다.",$c[放入武器槽：]$m[造成$p_dam點傷害時：]獲得$p_spikes點$spikes。$c[放入護甲與其他插槽：]$m[$cd2s後：]獲得等同於當前生命值$p_maxhealth%的最大生命值。$c[放入背包：]$m[$cd1s後：]獲得$p_luck點$lucky和$p_regen層$regen。每有一個$affected的$nature物品，觸發速度快$p_speed%。,$c[Emplacements d'armes :] $m[$p_dam dégâts infligés :] gagnez $p_spikes $spikes. $c[Armure et autres emplacements :] $m[Après $cd2 s :] gagnez $p_maxhealth % de vos PV actuels en tant que PV max. $c[Sac à dos :] $m[Après $cd1 s :] gagnez $p_luck $lucky et $p_regen $regen. Se déclenche $p_speed % plus vite pour chaque objet $nature $affected.,$c[В слоте оружия:] $m[при нанесении $p_dam урона:] добавляет $p_spikes $spikes. $c[В слоте брони или другом слоте:] $m[Через $cd2 сек.:] повышает макс. здоровье на $p_maxhealth% от текущего здоровья. $c[В рюкзаке:] $m[через $cd1 сек.:] добавляет $p_luck $lucky и $p_regen $regen. Срабатывает на $p_speed% чаще за каждый $affected $nature-предмет.,$c[Soquetes de armas:] $m[$p_dam de dano causado:] Ganha $p_spikes $spikes. $c[Demais soquetes:] $m[Após $cd2 s:] Ganha $p_maxhealth% de sua vida como vida máxima. $c[Mochila:] $m[Após $cd1 s:] Ganha $p_luck $lucky e $p_regen $regen. Ativa $p_speed% mais rápido por item-$nature $affected.,$c[Ranuras de arma:] $m[$p_dam de daño infligido:] Obtiene $p_spikes $spikes. $c[Ranuras de armadura y otras:] $m[Tras $cd2 s:] Obtiene un $p_maxhealth % de tus PS actuales como PS máx. $c[Mochila:] $m[Tras $cd1 s:] Obtiene $p_luck $lucky y $p_regen $regen. Se activa un $p_speed % más rápido por cada $affected objeto de $nature.
BUTTON_SwitchModeUnranked,Switch Mode Unranked,Ungewerteter Tauschmodus,背包交换模式-休闲,"スイッチモード
カジュアル",스위치 모드 일반 게임,背包交換模式-休閒,Mode changement non classé,Режим обмена - Обычная игра,Modo Troca Casual,Partida Intercambio amistosa
<!MissingKey:303:But will it protect my heart? Nice.>,But will it protect my heart? Nice.,Aber wird es auch mein zartes Herz schützen? Super.,保护你的肉体，更能保护你脆弱的内心。,で、ボクの心は守ってくれるの？,제 심장도...지킬 수 있을까요?,保護你的肉體，更能保護你脆弱的內心。,Mais est-ce que ça suffira à protéger mon cœur ? Génial.,А он мое сердце защитит? Надеюсь…,Mas vai proteger meu coração? Legal.,"Pero, ¿protegerá mi corazón? Qué lindo."
"<!MissingKey:304:I’m good at $h[something], I swear.>","I’m good at $h[something], I swear.","Ich schwöre, $h[irgendwas] kann ich. ",每个人都会有未挖掘的潜力。,きっと$h[何か]には秀でているよ。,"저는 $h[뭔가]를 잘해요, 진짜로.",每個人都會有未挖掘的潛力。,"J'ai un talent pour $h[quelque chose], c'est certain.","Я хорошо разбираюсь в $h[чем-то], честно-честно!","Eu sou bom em $h[algo], eu juro.","Soy bueno en $h[algo], lo prometo."
<!MissingKey:305:Devouring Sphere>,Devouring Sphere,Leeresphäre,吞噬圆球,貪食のスフィア,탐식의 구체,吞噬圓球,Sphère dévorante,Поглощающая сфера,Esfera Devoradora,Esfera devoradora
<!MissingKey:306:Gold Cube>,Gold Cube,Gold-Würfel,黄金立方体,ゴールドキューブ,황금 입방체,黃金立方體,Cube d'or,Золотой куб,Cubo de Ouro,Cubo de oro
<!MissingKey:307:Bonus Stamina Regeneration>,Bonus Stamina Regeneration,Bonus-Ausdauerregeneration: {val},额外耐力恢复：{val},基礎スタミナ回復量増加：{val},보너스 스태미나 재생량: {val},額外耐力恢復：{val},Régénération d'endurance augmentée : {val},Бонус восстановления энергии: {val},Regeneração de Vigor Bônus: {val},Regeneración de resistencia adicional: {val}
<!MissingKey:308:$t[On hit:] Use $p_heatt $heat: >,"$t[On hit:] Use $p_heatt $heat: 
Gain $p_luck $lucky and $block $bl. $stun[Stun] your opponent for $p4s and $red[yourself for $p5s]. (Up to $p_max times) 

 While you have at least $p_luckt $lucky, gain $chance% chance to resist stuns.","$t[Bei Treffer:] Nutze $p_heatt $heat, um $p_luck $lucky und $block $bl zu erhalten und verursache $p4s $stun[Benommenheit] beim Gegner und $red[$p5s bei dir] (bis zu $p_max mal). 

 Während du mindestens $p_luckt $lucky hast, erhalte $chance% Chance, Benommenheit zu widerstehen.","$t[击中对手：]消耗$p_heatt点$heat获得$p_luck点$lucky和$block点$bl。$stun[眩晕]对手，持续$p4s，并$red[使自己眩晕，持续$p5s]。（最多$p_max次）

当你至少有$p_luckt点$lucky时，有$chance%的几率抵抗眩晕。","$t[ヒット時：]$p_heatt $heat を消費して以下の効果を発動する
$p_luck $lucky と$block $bl を獲得する。相手を$p4秒間$stun[スタン]させ、$red[自分を$p5秒間$stun[スタン]させる]（最大$p_max回まで）

$p_luckt $lucky 以上ある場合、$chance%の確率でスタンを防止する","$t[적중 시:] $heat를 $p_heatt 사용:
$lucky을 $p_luck, $bl를 $block 획득합니다. 상대를 $p4초 동안, $red[자신을 $p5초 동안] $stun[기절]시킵니다. (최대 $p_max번)

$p_luckt 이상의 $lucky을 보유 시, $chance%의 확률로 기절에 저항합니다.","$t[擊中對手：]消耗$p_heatt點$heat獲得$p_luck點$lucky和$block點$bl。$stun[暈眩]對手，持續$p4s，並$red[使自己眩暈，持續$p5s]。（最多$p_max次）

當你至少有$p_luckt點$lucky時，有$chance%的機率抵抗暈眩。","$t[Par coup :] utilisez $p_heatt $heat : 
gagnez $p_luck $lucky et $block $bl. $stun[Étourdissez] votre adversaire pendant $p4 s et $red[vous-même pendant $p5 s] (jusqu'à $p_max fois). 

 Tant que vous avez au moins $p_luckt $lucky, gagnez $chance % de chance de résister aux étourdissements.","$t[При попадании:] использует $p_heatt $heat: 
добавляет $p_luck $lucky и $block $bl. $stun[Оглушает] противника на $p4 сек. и $red[самого героя на $p5 сек.] (макс. до $p_max раз). 

 Если у героя не менее $p_luckt $lucky, повышает шанс избежать оглушения на $chance%.","$t[Ao acertar:] Usa $p_heatt $heat: 
Ganha $p_luck $lucky e $block $bl. $stun [Atordoa] seu oponente por $p4 s e $red[a si mesmo por $p5 s]. (Até $p_max vezes) 

 Enquanto você tiver ao menos $p_luckt $lucky, ganha $chance% de chance de resistir atordoamentos.","$t[Al golpear:] Usa $p_heatt $heat: 
Obtiene $p_luck $lucky y $block $bl. $stun[Aturde] a tu rival durante $p4 s y $red[y a ti durante $p5 s]. (Hasta $p_max veces) 

 Mientras tengas al menos $p_luckt $lucky, obtiene un $chance % de probabilidad de resistir aturdimientos."
<!MissingKey:309:Puzzle Badge>,Puzzle Badge,Puzzleabzeichen,拼图徽章,パズルバッジ,퍼즐 배지,拼圖徽章,Insigne d'énigme,Значок головоломки,Broche de Quebra-Cabeça,Medalla de rompecabezas
<!MissingKey:310:Furcifer Prime Subscription>,Furcifer Prime Subscription,Furcifer Prime Abonnement,福西法超级会员,サブスク高級プラン,퍼시퍼 프라임 구독,福西法高級會員,Abonnement Prime Furcifer,Подписка «Фурцифер-премиум»,Assinatura Furcifer Prime,Suscripción prémium pelucifer
"<!MissingKey:311:$t[Charge received:] Count it. $t[After $cds:] For each received $h[charge], advance the cooldown of an item by $p1s (once per item, prioritizing \~$affected items). Afterwards, use charges immediately. >","$t[Charge received:] Count it. $t[After $cds:] For each received $h[charge], advance the cooldown of an item by $p1s (once per item, prioritizing \~$affected items). Afterwards, use charges immediately. 

 $engineer-items appear more often in the shop and have +$p_sales% chance to be on sale.","$t[Ladung erhalten:] Sammle sie. $t[Nach $cds:] Pro gesammelter $h[Ladung] setze die Abklingzeit eines Gegenstandes um $p1s nach vorn (einmal pro Gegenstand, \~$affected Gegenstände haben Vorrang). Danach nutze Ladungen sofort. 

 $engineer-Gegenstände erscheinen häufiger im Laden und haben +$p_sales% Chance, im Angebot zu sein.","$t[获得电荷时：]计数。$t[$cds后：]每获得1个$h[电荷]会推进一个物品$p1s的冷却进度（每个物品最多1次，优先推进$affected的物品）。随后立即消耗这些电荷。

商店中更容易出现$engineer物品，并且有+$p_sales%几率打折。","$t[通電時：]回数をカウントする$t[$cd秒後：]$h[通電]1回につきアイテム1個のクールダウンを$p1秒ずつ進める（各アイテム1回のみ、$affectedにあるアイテム優先）。これ以降は、通電するたび即座にこの効果を発動する

$engineer アイテムがショップに出現する頻度が上がり、そのセール発生確率 +$p_sales%","$t[전하를 받을 시:] 계산합니다. $t[$cd초 후:] 받은 $h[전하]마다, 아이템 하나의 재사용 대기 시간이 $p1초 앞당겨집니다 (각 아이템당 1번, $affected에 위치한 아이템 우선). 그 후에, 전하들을 즉시 사용합니다.

$engineer 아이템이 상점에 더 자주 등장하고 할인될 확률이 $p_sales% 증가합니다.","$t[獲得電荷時：]計數。$t[$cds後：]每獲得1個$h[電荷]會推進一個物品$p1s的冷卻進度（每個物品最多1次，優先推進$affected的物品）。隨後立即消耗這些電荷。

商店中更容易出現$engineer物品，並且有+$p_sales%機率打折。","$t[Charge reçue :] Comptez-la. $t[Après $cd s :] Pour chaque $h[Charge] reçue, réduisez le temps de recharge d'un objet de $p1 s (une fois par objet, en privilégiant les objets $affected). Ensuite, utilisez immédiatement les charges. 

 Les objets $engineer apparaissent plus souvent dans la boutique et ont +$p_sales % de chance d'être en promotion.","$t[При получении заряда:] засчитывается. $t[Через $cd сек.:] за каждый полученный $h[заряд] сокращает время перезарядки одного предмета на $p1 сек. (один раз за бой для каждого предмета, приоритет на $affected предметы). После этого заряды используются немедленно. 

 $engineer-предметы чаще появляются в магазине, а шанс их продажи со скидкой +$p_sales%.","$t[Carga recebida:] Conte. $t[Após $cd s:] Para cada $h[carga] recebida, avança a recarga de um item em $p1 s (uma vez por item, priorizando itens $affected). Depois, usa as cargas imediatamente. 

 Itens-$engineer aparecem com mais frequência na loja e têm +$p_sales% de chance de estar em promoção.","$t[Al recibir carga:] Cuéntala. $t[Tras $cd s:] Por cada $h[carga] recibida, avanza la recarga de un objeto en $p1 s (una vez por objeto, se priorizan $affected objetos). Luego, usa la carga de inmediato. 

 Los objetos de $engineer aparecen con más frecuencia en la tienda y tienen un $p_sales % de probabilidad de estar en oferta."
<!MissingKey:312:Crow>,Crow,Krähe,乌鸦,カラス,까마귀,烏鴉,Corbeau,Ворон,Corvo,Cuervo
,,,,,,,,,,
<!MissingKey:314:Heal Reduction: {val}>,Heal Reduction: {val},Heilungsverringerung: {val},生命值恢复削弱：{val},回復量減少：{val},치유 감소: {val},生命值恢復削弱：{val},Réduction de guérison : {val},Снижение восстановления здоровья: {val},Redução de Cura: {val},Reducción de curación: {val}
<!MissingKey:315:Rainbow Goobert Fluffyloaf Prismacrust>,Rainbow Goobert Fluffyloaf Prismacrust,Regenbogen- Schlotzbert Fluffelbrot Prismakruste,彩虹吐司棱晶脆皮黏黏,レインボー・スラバート・フラッフィー・プリズム,레인보우 슬돌이 푹신덩어리 프리즈마크러스트,彩虹吐司稜晶脆皮黏呼呼,Viskeu arc-en-ciel prima-croûteux pain-moelleux,Радужный Слаймер Пышнохлеб-Призмакорка,Gosberto Arco-Íris Pãofofo Prismacrosta,Viscosino arcoíris panponjoso prismacrocante
"<!MissingKey:316:Finally, a way to automate eating.>","Finally, a way to automate eating.","Endlich, ein Weg die alltägliche Nahrungszufuhr zu automatisieren!",终于有办法自动吃东西了。,食事も自動化する時代か…,"드디어, 자동 식사가 가능해졌습니다.",終於有辦法自動吃東西了。,"Enfin, un moyen d'automatiser l'alimentation.",Наконец-то появился способ есть на автопилоте.,"Finalmente, um jeito automático de comer!","Por fin, una forma de automatizar la alimentación."
,,,,,,,,,,
<!MissingKey:318:$t[Start of battle:] >,"$t[Start of battle:] 
 Gain $block $bl for each $affected $common[Common] item. 
 Gain $p_mana $mana for each $affected2 $rare[Rare] item. 
 Reduce $effect-damage taken by $p_damreduction% for each $affected3 $epic[Epic] item. ",$t[Kampfbeginn:] \~Erhalte $block $bl pro $affected $common[gewöhnlichem] Gegenstand. \~Erhalte $p_mana $mana pro $affected2 $rare[seltenem] Gegenstand. \~Reduziere erhaltenen $effect-Schaden um $p_damreduction% pro $affected3 $epic[epischem] Gegenstand.,"$t[战斗开始时：]
每有一个$affected的$common[普通]物品，获得$block点$bl。
每有一个$affected2的$rare[罕见]物品，获得$p_mana点$mana。
每有一个$affected3的$epic[史诗]物品，减少$p_damreduction%受到的$effect伤害。","$t[バトル開始時：] 
$affectedにある$common[コモン]アイテム1個につき$block $bl を獲得する 
$affected2にある$rare[レア]アイテム1個につき$p_mana $mana を獲得する 
$affected3にある$epic[エピック]アイテム1個につき受ける $effect ダメージ -$p_damreduction%","$t[전투 시작 시:] 
$affected에 위치한 $common[일반] 아이템마다 $bl를 $block 획득합니다.
$affected2에 위치한 $rare[희귀] 아이템마다 $mana를 $p_mana 획득합니다.
$affected3에 위치한 $epic[영웅] 아이템마다 받는 $effect 피해가 $p_damreduction%만큼 감소합니다.","$t[戰鬥開始時：]
每有一個$affected的$common[普通]物品，獲得$block點$bl。
每有一個$affected2的$rare[罕見]物品，獲得$p_mana點$mana。
每有一個$affected3的$epic[史詩]物品，減少$p_damreduction%受到的$effect傷害。","$t[Au début du combat :] 
 gagnez $block $bl pour chaque objet $common[Commun] $affected. 
 Gagnez $p_mana $mana pour chaque objet $rare[Rare] $affected2. 
 Réduisez les dégâts subis $effect de $p_damreduction % pour chaque objet $epic[Épique] $affected3.","$t[Начало боя:] 
 Добавляет $block $bl за каждый $affected $common[обычный] предмет. 
 Добавляет $p_mana $mana за каждый $affected2 $rare[редкий] предмет. 
 Снижает получаемый $effect-урон на $p_damreduction% за каждый $affected3 $epic[эпический] предмет.","$t[Início da batalha:] 
 Ganha $block $bl por cada item $affected $common[Comum]. 
 Ganha $p_mana $mana por cada item $rare[Raro] $affected2. 
 Reduz o dano sofrido de $effect em $p_damreduction% por cada item $epic[Épico] $affected3.","$t[Al comienzo de la batalla:] 
 Obtienes $block $bl por cada $affected objeto $common[común]. 
 Obtienes $p_mana $mana por cada $affected2 objetos $rare[raros]. 
 Reduces el daño de $effect recibido un $p_damreduction % por cada $affected3 objetos $epic[épicos]."
<!MissingKey:319:Debuff Resists: {val}>,Debuff Resists: {val},Debuff widerstehen: {val},减益效果抵抗：{val},デバフ無効化：{val},디버프 저항: {val},減益效果抵抗：{val},Résistance de malus : {val},Игнорирование негативных эффектов: {val},Resistência a Debuffs: {val},Resistencias a desventajas: {val}
"<!MissingKey:320:$affected items give +$p_block% $bl, heal $p_healamp% more and have $chance2% chance to duplicate $regen they gain. $t[On attacked ($melee):] $chance% chance to prevent $p_damblock damage, remove $p_stamina stamina from your opponent and gain $p_regen $regen (up to $p_max_regen). $t[Use $p_regent $regen:] Additionally block $ranged and $effect-damage and gain $p_maxhealth maximum health (once). >","$affected items give +$p_block% $bl, heal $p_healamp% more and have $chance2% chance to duplicate $regen they gain. $t[On attacked ($melee):] $chance% chance to prevent $p_damblock damage, remove $p_stamina stamina from your opponent and gain $p_regen $regen (up to $p_max_regen). $t[Use $p_regent $regen:] Additionally block $ranged and $effect-damage and gain $p_maxhealth maximum health (once). ","$affected Gegestände geben +$p_block% $bl, heilen $p_healamp% mehr und haben $chance2% Chance, erzeugte $regen zu duplizieren. $t[Bei Angriff ($melee):] $chance% Chance,\~ $p_damblock Schaden zu vermeiden,\~ $p_stamina Ausdauer vom Gegner zu entfernen und $p_regen $regen zu erhalten (bis zu $p_max_regen). $t[Nutze $p_regent $regen:] Blocke zusätzlich $ranged und $effect-Schaden und erhalte $p_maxhealth Maximalleben (einmalig).",$affected的物品获得的$bl +$p_block%，生命值恢复效果加强$p_healamp%，且有$chance2%的几率复制获得的$regen。$t[被攻击时（$melee）：]有$chance%的几率抵挡$p_damblock点伤害，移除对手$p_stamina点耐力并获得$p_regen层$regen（最高$p_max_regen层）。$t[消耗$p_regent层$regen：]还能抵挡$ranged和$effect伤害，并获得$p_maxhealth的最大生命值（单次触发）。,$affectedにあるアイテムの $bl +$p_block%、回復量 +$p_healamp%、$regen 追加獲得確率 +$chance2% $t[被攻撃時（$melee）：]$chance%の確率で$p_damblockダメージを防ぎ、相手から$p_staminaスタミナを除去し、$p_regen $regen を獲得する（最大$p_max_regenまで） $t[$p_regent $regen 消費：]さらに $ranged/$effect ダメージを防ぐようになり、体力最大値が$p_maxhealth増える（1回のみ）,"$affected에 위치한 아이템이 $bl를 $p_block% 추가로 제공하고, 체력을 $p_healamp% 추가로 회복하고, $chance2%의 확률로 획득하는 $regen을 복제합니다. $t[공격 받을 시 ($melee):] $chance%의 확률로 피해를 $p_damblock 막고, 상대의 스태미나를 $p_stamina 제거하고, $regen을 $p_regen 획득합니다 (최대 $p_max_regen). $t[$regen을 $p_regent 사용:] $ranged와 $effect 피해를 추가로 더 막고, 최대 체력을 $p_maxhealth 획득합니다 (한 번).",$affected的物品獲得的$bl +$p_block%，生命值恢復效果加強$p_healamp%，且有$chance2%的幾率複製獲得的$regen。$t[被攻擊時（$melee）：]有$chance%的幾率抵擋$p_damblock點傷害，移除對手$p_stamina點耐力並獲得$p_regen層$regen（最高$p_max_regen層）。$t[消耗$p_regent層$regen：]還能抵擋$ranged和$effect傷害，並獲得$p_maxhealth的最大生命值（單次觸發）。,"Les objets $affected donnent +$p_block % de $bl, guérissez de $p_healamp % supplémentaires et gagnez $chance2 % de chance de dupliquer $regen qu'ils ont gagné. $t[En recevant une attaque ($melee) :] $chance % de chance d'empêcher $p_damblock de dégâts, de retirer $p_stamina d'endurance à l'adversaire et de gagner $p_regen $regen (jusqu'à $p_max_regen). $t[Utilisez $p_regent $regen :] bloquez des dégâts $ranged et $effect supplémentaires et gagnez $p_maxhealth de PV max (une fois).","$bl от $affected предметов повышается на $p_block%, восстановление здоровья повышается на $p_healamp%, а также есть шанс $chance2% удвоить их эффект $regen. $t[При входящей атаке ($melee):] $chance% шанс заблокировать $p_damblock урон, отнять у противника $p_stamina энергии и добавить $p_regen $regen (макс. до $p_max_regen). $t[При использовании $p_regent $regen:] дополнительно блокирует $ranged и $effect-урон и добавляет $p_maxhealth максимального здоровья (один раз за бой).","Itens $affected concedem +$p_block% de $bl, curam $p_healamp% a mais e têm $chance2% de chance de duplicar $regen que ganham. $t[Ao sofrer ataque ($melee):] $chance% de chance de prevenir o dano $p_damblock, remover $p_stamina de vigor do seu oponente e ganhar $p_regen $regen (até $p_max_regen). $t[Usar $p_regent $regen:] Além disso, bloqueia dano $ranged de $effect e ganha $p_maxhealth de vida máxima (uma vez).","Los $affected objetos dan +$p_block % $bl, curan un $p_healamp % más y tienen un $chance2 % de probabilidad de duplicar la $regen que reciben. $t[Al recibir un ataque ($melee:] $chance % de probabilidad de prevenir $p_damblock daño, quitar $p_stamina de resistencia al rival y obtener $p_regen $regen (hasta $p_max_regen). $t[Usar $p_regent $regen:] también bloqueas daño $ranged, de $effect y obtienes $p_maxhealth PS máx (una vez)."
<!MissingKey:321:$t[Shop refreshes:] $shopchance% chance for a $h[Trade] offer. $t[Start of battle:] Gain $block $bl. \~Resist $p_resist debuffs.>,$t[Shop refreshes:] $shopchance% chance for a $h[Trade] offer. $t[Start of battle:] Gain $block $bl. \~Resist $p_resist debuffs.,"$t[Angebot erneuert:] $shopchance% Chance auf ein $h[Tausch]angebot. $t[Kampfbeginn:] Erhalte $block $bl. 
 Widerstehe $p_resist Debuffs.",$t[商店刷新时：]有$shopchance%的几率出现$h[交易]机会。$t[战斗开始时：]获得$block点$bl。抵抗$p_resist层减益效果。,$t[ショップ更新時：]$shopchance%の確率で$h[トレード]が提示される $t[バトル開始時：]$block $bl を獲得する。$p_resistデバフを無効化する,$t[상점 갱신 시:] $shopchance% 확률로 $h[거래]를 제안합니다. $t[전투 시작 시:] $bl를 $block 획득합니다. 디버프에 $p_resist번 저항합니다.,$t[商店刷新時：]有$shopchance%的幾率出現$h[交易]機會。$t[戰鬥開始時：]獲得$block點$bl。抵抗$p_resist層減益效果。,$t[Actualisation de boutique :] $shopchance % de chance d'offre d'$h[Échange]. $t[Au début du combat :] gagnez $block $bl. Résistez à $p_resist malus.,$t[При обновлении магазина:] шанс $shopchance% получить $h[торговое] предложение. $t[Начало боя:] добавляет $block $bl. Игнорирует до $p_resist негативных эффектов.,$t[Loja atualiza:] $shopchance% de chance de uma oferta de $h[Troca]. $t[Início da batalha:] Ganha $block $bl. Resiste aos debuffs $p_resist.,$t[Al actualizar la tienda:] $shopchance % de probabilidad de una oferta de $h[comercio]. $t[Al comienzo de la batalla:] obtienes $block $bl. Resistes $p_resist desventajas.
"<!MissingKey:322:It just feels wrong for this to exist, but do not say that to him, okay?>","It just feels wrong for this to exist, but do not say that to him, okay?","So etwas sollte nicht existieren, aber sag ihm das bitte nicht ins Gesicht.",像是水元素掺了水银。,経験値というシステムはないから倒さないでね？,"대체 왜 이딴 정령이 존재하냐고 생각하실 수도 있지만, 본인에겐 말하지 마세요.",像是水元素摻了水銀。,"Ce ne devrait pas être acceptable, mais ne lui dites pas, d'accord ?","Кажется, что он не должен был появиться на свет… но, пожалуйста, не говорите это ему... Он обидчивый.","Só parece errado que isso exista, mas não diga isso para ele, tá?","Algo en esto suena mal, pero no se lo digas, ¿vale?"
<!MissingKey:323:White Pawn>,White Pawn,Weißer Bauer,白色士兵,白のポーン,화이트 폰,白色士兵,Pion blanc,Светлая пешка,Peão Branco,Peón blanco
<!MissingKey:324:Port-O-Charger>,Port-O-Charger,Mobilo-Lado,便携充电站,ポート・オ・チャージャー,휴대용 충전기,便攜充电站,Chargeur de batterie,Портативная зарядка,Carregador Portátil,Cargatrón portátil
<!MissingKey:325:Engineer>,Engineer,Ingenieur,工程师,エンジニア,엔지니어,工程師,Ingénieur,Инженер,Engenheiro,Ingeniera
"<!MissingKey:326:$t[Shop refreshes:] $shopchance% chance for a $h[Trade] offer. $t[Every $cds:] Gain $p_mana $mana or $p_regen $regen, depending on which you have less of. >","$t[Shop refreshes:] $shopchance% chance for a $h[Trade] offer. $t[Every $cds:] Gain $p_mana $mana or $p_regen $regen, depending on which you have less of. 

 Compare the $gold value of the $affected and $affected2 side. 
 Triggers $p_speed% faster for each $gold on the lower value side. $t[$gold difference $p_gold or less:] The $affected and $affected2 items trigger $p_speed2% faster.","$t[Angebot erneuert:] $shopchance% Chance auf ein $h[Tausch]angebot. $t[Alle $cds:] Erhalte $p_mana $mana oder $p_regen $regen, je nachdem wovon du weniger hast. 

 Vergleiche den $gold Wert der $affected und $affected2 Seite. 
 Aktiviert $p_speed% schneller pro $gold auf der niedrigerwertigen Seite. $t[$gold-Unterschied höchstens $p_gold:] Die $affected und $affected2 Gegenstände aktivieren $p_speed2% schneller.","$t[商店刷新时：]有$shopchance%的几率出现$h[交易]机会。$t[每$cds：]根据你现有最少的项，获得$p_mana点$mana或$p_regen层$regen。

对比$affected和$affected2两侧物品。
在价值较低侧，每价值一枚$gold，天平触发速度快$p_speed%。$t[如果$gold价值差距小于$p_gold：]$affected和$affected2侧物品触发速度快$p_speed2%。","$t[ショップ更新時：]$shopchance%の確率で$h[トレード]が提示される $t[$cd秒毎：]$p_mana $mana または $p_regen $regen のうち、持っているのが少ない方のバフを獲得する 

$affectedと$affected2の両側の $gold 価値を比較する 
低い方の価値 1 $gold につき使用速度が$p_speed%上がる $t[$gold 価値の差が$p_gold以下の時：]$affectedと$affected2にあるアイテムの使用速度が$p_speed2%上がる","$t[상점 갱신 시:] $shopchance% 확률로 $h[거래]를 제안합니다. $t[$cd초마다:] $mana를 $p_mana, $regen을 $p_regen 중 적게 보유한 것을 획득합니다.

$affected와 $affected2에 위치한 아이템의 $gold 가치를 비교합니다.
$gold 가치마다 낮은 쪽이 $p_speed%씩 빠르게 발동합니다. $t[$gold 차이가 $p_gold 이하일 시:] $affected와 $affected2에 위치한 아이템이 $p_speed2% 빠르게 발동합니다.","$t[商店刷新時：]有$shopchance%的幾率出現$h[交易]機會。$t[每$cds：]根據你現有最少的項，獲得$p_mana點$mana或$p_regen層$regen。

對比$affected和$affected2兩側物品。
在價值較低側，每價值一枚$gold，天平觸發速度快$p_speed%。$t[如果$gold價值差距小於$p_gold：]$affected和$affected2側物品觸發速度快$p_speed2%。","$t[Actualisation de boutique :] $shopchance % de chance d'offre d'$h[Échange]. $t[Toutes les $cd s :] gagnez $p_mana $mana ou $p_regen $regen, en fonction de celui dont vous disposez le moins. 

 Comparez la valeur en $gold du côté $affected et $affected2. 
 Se déclenche $p_speed % plus vite pour chaque $gold du côté à valeur la plus basse. $t[Pour une différence en $gold inférieure ou égale à $p_gold :] les objets $affected et $affected2 se déclenchent $p_speed2 % plus vite.","$t[При обновлении магазина:] шанс $shopchance% получить $h[торговое] предложение. $t[Раз в $cd сек.:] добавляет $p_mana $mana или $p_regen $regen, в зависимости от того, какого эффекта у героя меньше. 

 Сопоставляет общую ценность в $gold $affected предметов и $affected2 предметов. 
 Срабатывает на $p_speed% чаще за каждую единицу $gold в наборе предметов с меньшей общей ценностью. $t[Если разница в $gold равна или менее $p_gold:] и $affected, и $affected2 предметы срабатывают на $p_speed2% чаще.","$t[Loja atualizada:] $shopchance% de chance de uma oferta de $h[Troca]. $t[A cada $cd s:] Ganha $p_mana $mana ou $p_regen $regen, dependendo de qual você tem menos. 

 Compare o valor de $gold do lado $affected e $affected2. 
 Ativa $p_speed% mais rápido por cada $gold no lado de menor valor. $t[Diferença de $gold menor ou igual a $p_gold:] Os itens $affected e $affected2 ativam $p_speed2% mais rápido.","$t[Al actualizar la tienda:] $shopchance % de probabilidad de una oferta de $h[comercio]. $t[Cada $cd s:] obtienes $p_mana $mana o $p_regen $regen, según lo que menos tengas. 

 Compara el valor en $gold de $affected y los $affected2 lados. 
 Se activa un $p_speed % más rápido por cada $gold en el lado de menor valor. $t[Con diferencia de $gold igual a $p_gold o menor:] los objetos $affected y $affected2 se activan un $p_speed2 % más rápido."
<!MissingKey:327:They must have gotten lucky...!>,They must have gotten lucky...!,Da war sicher Glück im Spiel!,他们一定是走了大运！,相手の運がよかっただけだよ…！,상대 운이 좋았네요...!,他們一定是走了大運！,Ils ont dû avoir de la chance… !,Противнику просто повезло!..,Eles devem ter tido sorte...!,¡Deben haber tenido mucha suerte...!
<!MissingKey:328:Amulet of Light>,Amulet of Light,Amulet des Lichts,光明护符,光輝のアミュレット,빛의 아뮬렛,光明護符,Amulette de lumière,Амулет света,Amuleto da Luz,Amuleto de la luz
<!MissingKey:329:No one could have seen this coming.>,No one could have seen this coming.,Das hätte niemand vorhersehen können.,换成其他人也赢不了这个。,そう来るなんて予想できる人なんていないよ。,방금 건 아무도 예상 못했을 거에요.,換成其他人也贏不了這個。,Qui aurait pu prédire…,Такое было невозможно предсказать.,Ninguém poderia ter previsto isso.,Nadie pudo haber previsto esto.
BUY_NORMAL12,"Not easy to part with it, but I'll manage.","Ich kann kaum los lassen, aber ich schaff's schon irgendwie.",这个卖给你我还有点不太愿意，不过没关系。,手放すのは簡単じゃないけど、しょうがないね。,"귀한 거긴 한데, 제가 잘 쳐드리겠습니다.",這個賣給你我還有點不太願意，不過沒關係。,"Ce n'est pas facile de lui faire mes adieux, mais je ferai de mon mieux.","Отрываю от сердца, но вам эта вещь нужнее.","Não é fácil se despedir disso, mas eu vou conseguir.","No es fácil deshacerse de él, pero lo superaré."
<!MissingKey:331:It it really that deadly? ...really? Oh. But it smells nice.>,It it really that deadly? ...really? Oh. But it smells nice.,"Ist der wirklich so tödlich? ...wirklich? Oh, aber gut riechen tut er.",名字好吓人，但是闻起来很香。,死の香りがするって？意外といいニオイなんだね。,이게 그렇게 위험한 꽃인가요? ...적어도 향기는 좋네요.,名字好嚇人，但是聞起來很香。,"Est-elle vraiment si mortelle ? Vraiment ? Oh, mais elle sent tellement bon.","Он действительно смертельный?.. Серьезно?.. Оо, а пахнет приятно.","É realmente tão mortal assim? ...sério? Ah, mas tem um cheiro bom.",¿Es realmente tan mortal? ¿De verdad? Guau. Pero huele rico.
<!MissingKey:332:I have no idea where they got all this stuff.>,I have no idea where they got all this stuff.,"Ich habe keine Ahnung, wo sie das ganze Zeug herhatte.",我不知道他们哪里搞来的这些玩意。,どこであんなの手に入れたんだか。,대체 어디서 구한 아이템들인지 모르겠네요.,我不知道他們哪裡搞來的這些玩意。,Je n'ai aucune idée d'où ils ont obtenu tout ça.,"Понятия не имею, где они все это нашли.",Não faço ideia de onde eles conseguiram todas essas coisas.,No tengo idea de dónde sacaron todo este montón de cosas.
<!MissingKey:333:Your next hit will be critical. (It can still be resisted.)>,Your next hit will be critical. (It can still be resisted.),Dein nächster Treffer wird kritisch. (Er kann immer noch widerstanden werden.),你的下一击一定为暴击。（但是可以被抵挡。）,次のヒットがクリティカルになる（防止されることもある）,다음 공격이 치명타가 됩니다. (저항될 수 있습니다.),你的下一擊一定為暴擊。（但是可以被抵擋。）,Votre prochain coup sera critique. (Il peut encore rencontrer une résistance.),Ваш следующий удар точно будет критическим. (Однако противник все еще может его проигнорировать.),Seu próximo golpe será crítico. (Ainda pode ser resistido.),Tu siguiente golpe será crítico (aún puede ser resistido).
<!MissingKey:334:Puzzlebag of Love>,Puzzlebag of Love,Puzzletasche der Liebe,爱的拼图背包,愛情のパズルバッグ,사랑의 퍼즐가방,愛的拼圖背包,Énigmasac de l'amour,Паззл-сумка: любовь,Bolsa Enigmática do Amor,Bolsa tetris del amor
"<!MissingKey:335:""CAW!"" means ""I love you"", but ""Caaaw"" means something entirely different.>","""CAW!"" means ""I love you"", but ""Caaaw"" means something entirely different.","""KRA!"" heißt ""ich liebe dich"", aber ""Kraaaa"" heißt was ganz ganz anderes.",乌鸦特别聪明，可惜我不懂乌鸦语。,1回「カー」と鳴くと挨拶の意味、4回鳴くと威嚇の意味があったり、鳴く回数で意味が違うんだよ。,"""까악!""은 ""사랑해""라는 뜻이지만, ""까아악""은 전혀 다른 뜻이 됩니다.",烏鴉特別聰明，可惜我不懂烏鴉語。,"« CROOOA ! » veut dire « Je t'aime », mais ne vous avisez surtout jamais de dire « CROAAA »…",«КАР!» значит «я тебя люблю»… но «Кааар» — уже совсем другое…,"""CAW!"" significa ""Eu te amo"", mas ""Caaaw"" significa algo completamente diferente.","«¡CRAA!» significa ""te quiero"", pero «cruááác» es otra movida totalmente distinta."
BUY_NORMAL10,"It's so pretty, isn't it?","So schön, oder?",这东西不错吧？,それ、カワイイよね？,정말 예쁘지 않나요?,這東西不錯吧？,"C'est joli, pas vrai ?","Прекрасная вещица, да?","É tão bonito, não é?","Es una preciosidad, ¿verdad?"
<!MissingKey:337:$effect-Damage Dealt: {val}>,$effect-Damage Dealt: {val},Verursachter $effect-Schaden: {val},造成的$effect伤害：{val},$effect 与ダメージ：{val},가하는 $effect 피해: {val},造成的$effect傷害：{val},Dégâts $effect infligés : {val},$effect-урон: {val},Dano $effect Causado: {val},Daño infligido $effect: {val}
"<!MissingKey:338:Getting captured ain't much, but it's honest work.>","Getting captured ain't much, but it's honest work.",Schlagen ist ein ehrlicher Beruf.,兢兢业业，每次第一个被吃掉。,報われないけど、必要な仕事さ。,포획되는 건 사실 별일 아닙니다.,兢兢業業，每次第一個被吃掉。,"Ça n'a pas l'air comme ça, mais c'est tout un art de se faire capturer.","Быть съеденным — не велика заслуга, но зато работа честная.","Ser capturado não é grande coisa, mas é um trabalho honesto.","Que te capturen no es gran cosa, pero es un trabajo honesto."
BUY_NORMAL11,Almost to good to sell. Almost.,Fast zu gut zum Verkaufen. Fast.,我都有点不想卖了。,売るのが惜しいくらいだよ。「くらい」ね。,팔기 아까운 물건이네요. 아주 약간요.,我都有點不想賣了。,J'aurai presque du mal à m'en séparer. Presque.,"Эта вещь почти слишком хороша, чтобы ее продавать. Почти.",Quase bom demais para vender. Quase.,Casi demasiado bueno para venderlo. Casi.
"<!MissingKey:340:Whatever, you still got $tries tries left. >","Whatever, you still got $tries tries left. ","Egal, du hast noch $tries Versuche übrig.",没关系，你还有$tries次机会。,でも、まだ$triesトライ残ってるから！,"그래도, 아직 $tries번의 기회가 남았습니다.",沒關係，你還有$tries次機會。,"Peu importe, il vous reste encore $tries essais.","Ладно, все еще осталось несколько попыток, аж целых $tries.","Tanto faz, você ainda tem $tries tentativas restantes.","Da igual, aún te quedan $tries intentos."
<!MissingKey:341:Maximum Health Gain Reduction: {val}>,Maximum Health Gain Reduction: {val},Maximallebensreduktion: {val},最大生命值获取减益效果：{val},体力獲得減少：{val},최대 체력 획득 감소: {val},最大生命值獲取減益效果：{val},Réduction de gain de PV max : {val},Снижение прироста максимального здоровья: {val},Redução de Ganho de Vida Máxima: {val},Reducción de obtención de PS máx.: {val}
<!MissingKey:342:Thermal Thorns>,Thermal Thorns,Flammendornen,热能荆棘,灼熱の棘,뜨거운 가시,熱能荊棘,Épines thermiques,Термо-шипы,Espinhos Termais,Espinas térmicas
"<!MissingKey:343:$t[Every $cds:] Gain $p_luck $lucky. If you have at least $p_luckt $lucky, gain $p_regen $regen instead.>","$t[Every $cds:] Gain $p_luck $lucky. If you have at least $p_luckt $lucky, gain $p_regen $regen instead.","$t[Alle $cds:] Erhalte $p_luck $lucky. Wenn du mindestens $p_luckt $lucky hast, erhalte stattdessen $p_regen $regen.",$t[每$cds：]获得$p_luck点$lucky。如果你至少有$p_luckt点$lucky，则会获得$p_regen层$regen。,$t[$cd秒毎：]$p_luck $lucky を獲得する。$p_luckt $lucky 以上ある場合、代わりに$p_regen $regen を獲得する。,"$t[$cd초마다:] $lucky을 $p_luck 획득합니다. $p_luckt 이상의 $lucky를 보유 시, 그 대신 $regen을 $p_regen 획득합니다.",$t[每$cds：]獲得$p_luck點$lucky。如果你至少有$p_luckt點$lucky，則會獲得$p_regen層$regen。,"$t[Toutes les $cd s :] gagnez $p_luck $lucky. Si vous avez au moins $p_luckt $lucky, gagnez $p_regen $regen à la place.","$t[Раз в $cd сек.:] добавляет $p_luck $lucky. Если у героя уже есть не менее $p_luckt $lucky, вместо этого добавляет $p_regen $regen.","$t[A cada $cd s:] Ganha $p_luck $lucky. Se você tiver pelo menos $p_luckt $lucky, ganha $p_regen $regen no lugar.","$t[Cada $cd s:] obtienes $p_luck $lucky. Si tienes al menos $p_luckt $lucky, obtienes $p_regen $regen en su lugar."
BUY_NORMAL9,Glad you found something!,"Schön, dass du was gefunden hast!",你终于买点东西了！,イイもの見つけたみたいだね！,원하시는 걸 찾아서 다행이네요!,你終於買點東西了！,Quelle joie de ne pas repartir les mains vides !,"Рад, что вам что-то приглянулось!",Fico feliz que você tenha encontrado algo!,¡Me alegro de que hayas encontrado algo!
"<!MissingKey:345:Train me, master - in the art of turteling.>","Train me, master - in the art of turteling.","Meister, lehre mich die undurchdringliche Schildkrötenverteidigung. ",嘲笑乌龟的人最后都输了！,カメの甲羅は肋骨が進化してできたものなんだよ。,토끼를 이기기 위한 수련 중입니다.,嘲笑烏龜的人最後都輸了！,"Entraînez-moi, maître… à l'art de la tortue.","Научи меня, мастер… искусству черепашности.","Treine-me, mestre - na arte do empoleiramento.","Enséñame, maestro, el arte de ser tortuga."
BUY_NORMAL8,Have fun with your new $item!,Viel Spaß mit dem neuen $item!,希望$item能派上大用处！,新しく手に入れた$item、楽しんで使ってね！,신나는 $item 시간 되시길 바랍니다!,希望$item能派上大用處！,$item et nouveauté riment avec plaisir et gaieté !,$item? Хороший выбор!,Divirta-se com o seu novo $item!,¡Diviértete con tu nuevo $item!
<!MissingKey:347:Charge>,Charge,Ladung,电荷,電荷,전하,電荷,Charge,Заряд,Carga,Carga
"<!MissingKey:348:$t[Capturing:] Your $h[Weapons] attack $p_speed% faster. $t[Black piece is capturing:] Remove a random buff from your opponent. \~ If this is its first capture, remove \~$p_buffs buffs instead. >","$t[Capturing:] Your $h[Weapons] attack $p_speed% faster. $t[Black piece is capturing:] Remove a random buff from your opponent. \~ If this is its first capture, remove \~$p_buffs buffs instead. ","$t[Schlägt:] Deine $h[Waffen] greifen $p_speed% schneller an. $t[Eine schwarze Figur schlägt:] Entferne einen zufälligen Buff vom Gegner. \~ Wenn sie zum ersten Mal schlägt, entferne stattdessen $p_buffs Buffs.",$t[吃掉其他棋子时：] 你的$h[武器]攻击速度加快$p_speed%。$t[黑色棋子吃掉其他棋子时：]移除对手1层随机增益效果。如果这个黑色棋子是第一次吃掉其他棋子，则移除$p_buffs层增益效果。,$t[取る時：]$h[武器]の使用速度が$p_speed%上がる $t[黒の駒が取る時：]相手から1バフを除去する。今回が最初に駒を取った場合、代わりに$p_buffsバフを除去する,"$t[포획 시:] 내 $h[무기]가 $p_speed% 빠르게 공격합니다. $t[블랙 기물이 포획 시:] 상대의 무작위 버프를 제거합니다. \~ 처음으로 포획하는 거라면, 그 대신 버프를 $p_buffs개 제거합니다.",$t[吃掉其他棋子時：] 你的$h[武器]攻擊速度加快$p_speed%。$t[黑色棋子吃掉其他棋子時：]移除對手1層隨機增益效果。如果這個黑色棋子是第一次吃掉其他棋子，則移除$p_buffs層增益效果。,"$t[À la capture :] vos $h[Armes] attaquent $p_speed % fois plus vite. $t[Lorsqu'une pièce noire capture :] retirez un bonus aléatoire à votre adversaire. Si c'est la première capture, retirez $p_buffs bonus à la place.","$t[При захвате:] $h[оружие] героя атакует на $p_speed% чаще. $t[При захвате темной фигуры:] снимает случайное усиление с противника. В первый раз, вместо этого снимает до $p_buffs усилений.","$t[Ao capturar:] Suas $h[Armas] atacam $p_speed% mais rápido. $t[Peça preta está capturando:] Remove um buff aleatório do oponente. Se for a primeira captura, remove $p_buffs buffs.","$t[Al capturar:] tus $h[armas] atacan un $p_speed % más rápido. $t[Si la pieza negra captura:] elimina una ventaja al azar de tu rival. Si es su primera captura, suprime $p_buffs ventajas en su lugar."
"<!MissingKey:349:Darling, may you slay my foes for me? – Yes honey, with how much vengeance shall I smite them? – All the vengeance, butterbutt.>","Darling, may you slay my foes for me? – Yes honey, with how much vengeance shall I smite them? – All the vengeance, butterbutt.","Schatz, würdest du bitte meine Feinde vernichten? - Ja Schatz, mit wie viel Rachsucht soll ich sie zerschmettern? - Mit all der Rachsucht, Butterpops.",皇后的战斗力比国王强了不是一点半点。,ダーリン、わたくしのために敵をぶっ殺してくださらない？―いいよハニー、どれくらい憎しみを込めてぶっ殺せばいいのかい？―全力でぶっ殺しあそばせ。,"자기야, 쟤네들 혼내줘. – 우리 자기가 원하는 거라면 얼마든지 혼내줄 수 있지.",皇后的戰鬥力比國王強了不是一點半點。,"Mon bien-aimé, pourriez-vous éliminer mes ennemis pour moi ? – Oui, mon amour, avec quelle vengeance dois-je les frapper ? – Avec toute la vengeance possible, mon cœur.","Дорогая, ты не уничтожишь моих врагов? — Конечно, милый. Насколько сильно их карать? — На всю катушку, сладкая.","Querido, você poderia destruir meus inimigos por mim? – Sim, amor, com quanta vingança devo destruí-los? – Toda a vingança, meu docinho.","Amor, ¿puedes eliminar a mis enemigos por mí? – Claro, cariño, ¿con cuánta venganza los destrozo? – ¡Toda la venganza, bombón!"
"<!MissingKey:350:Not just *a* stink bomb, it's *the* stink bomb.>","Not just *a* stink bomb, it's *the* stink bomb.","Das ist nicht irgendeine Stinkbombe, es ist *die* Stinkbombe.",这不只是一个臭弹，这是那个臭弹。,ただクサイだけの爆弾じゃないよ。,흔해 빠진 악취탄이 아닙니다.,這不只是一顆臭彈，而是那顆臭彈。,"Ce n'est pas seulement *une* bombe puante, c'est *la* bombe puante.",Это не просто вонючая бомба. Это ВОНЮЧАЯ БОМБА.,"Não é só *uma* bomba fedorenta, é *A* bomba fedorenta!","No es solo *una* bomba fétida, es *la* bomba fétida."
<!MissingKey:351:Mananana>,Mananana,Mananane,法力香蕉,マナナ,마나나나,法力香蕉,Mananana,Мананана,Mananana,Mananana
LASTTRY2,"If anyone can pull that off, it‘s you!","Wenn das jemand zurück holt, dann du!",只有你才能绝杀！,この状況を切り抜けられる人がいるとしたら…それはキミさ！,해내실 수 있을 겁니다!,只有你才能絕殺！,"Si quelqu'un peut y arriver, c'est bien vous !",Если кто и справится — так это вы!,"Se alguém pode fazer isso, é você!","¡Si alguien puede lograrlo, eres tú!"
LASTTRY3,It's all or nothing now!,Alles oder nichts!,最后一次机会了！,イチかバチかだね！,이제 모 아니면 도입니다!,最後一次機會了！,C'est tout ou rien maintenant !,Все или ничего!,Agora é tudo ou nada!,¡Ahora es todo o nada!
<!MissingKey:354:Owl Spirit Companion>,Owl Spirit Companion,Geistgefährte: Eule,幽灵猫头鹰,フクロウの精霊,동료 올빼미 영혼,幽靈貓頭鷹,Compagnon spirituel chouette,Сова-фамильяр,Companheiro Espiritual de Coruja,Compañero espiritual búho
<!MissingKey:355:Drip is power.>,Drip is power.,Charisma +1,穿搭就是力量。,宝石は力だ。,간지가 곧 힘입니다.,穿搭就是力量。,"La goutte, c'est la puissance.",Стиль - это сила.,Estilo é poder.,El flow es poder.
LASTTRY1,"No pressure, but better win the next one!","Kein Druck, aber gewinn jetzt besser.",不要有压力，但是下次一定要赢！,慌てちゃダメだよ。でも次は勝った方がよさそうだね！,"긴장 푸시고, 다음엔 이기실 수 있을 거에요!",不要有壓力，但是下次一定要贏！,"Je ne veux pas vous mettre la pression, mais il vaudrait mieux que vous gagniez la prochaine fois !","Не хочу давить, но лучше бы выиграть следующий бой!","Sem pressão, mas é melhor ganhar o próximo!","Sin presión, pero mejor gana la próxima."
<!MissingKey:357:Critical Hit Resistance>,Critical Hit Resistance,Kritische Treffer-Resistenz,暴击抵抗：{val},クリティカルヒット耐性：{val},치명타 저항: {val},暴擊抵抗：{val},Résistance de coup critique : {val},Сопротивление крит. попаданию: {val},Resistência a Acertos Críticos: {val},Resistencia a golpes críticos: {val}
<!MissingKey:358:+{num} Trophies!>,+{num} Trophies!,+{num} Trophäen!,+{num}奖杯！,+{num} トロフィー！,+{num} 트로피!,+{num}獎盃！,+{num} trophées !,Трофеи: +{num}!,+{num} Troféus!,+{num} trofeos!
<!MissingKey:359:And all items are delivered instantly!>,And all items are delivered instantly!,Und alle Gegenstände werden *sofort* geliefert!,而且所有物品都会即时送达！,どのアイテムもお急ぎで届けてもらえるよ！,모든 상품이 즉시 배송됩니다!,而且所有物品都會即時送達！,Et tous les objets sont livrés instantanément !,И все предметы доставляются мгновенно!,E todos os itens são entregues instantaneamente!,¡Y todos los objetos se entregan al instante!
<!MissingKey:360:Do not pursue Lu Bu.>,Do not pursue Lu Bu.,"Es gibt Hellebarden und Dunklebarden, wir diskriminieren hier nicht.",不要追吕布。,呂布みたいになろうとしない方がいいよ。,여포를 따라하진 마세요.,不要追呂布。,Ne suivez pas Lu Bu.,Не преследуй Лю Бу. Это плохая идея.,Não persiga Lu Bu.,No persigas a quien la empuña.
<!MissingKey:361:Dual Wielding>,Dual Wielding,Zweiwaffenkampf,双持武器,二刀流,이도류,雙持武器,Maniement double,Парное оружие,Empunhadura Dupla,Doble empuñadura
Adventurer_DESCR,"In the mind of a true adventurer, everything is a possibility! With enough spirit, class boundaries are merely a social construct and items can be fused together you would not even think of. Adventurers stand for flexibility and maybe a little bit of chaos. {items}",Für einen echten Abenteurer ist alles möglich! Mit der richtigen Einstellung sind Klassengrenzen nur eine vage Richtlinie und man kann die meisten Gegenstände schon irgendwie verschmelzen. Abenteurer stehen für Flexibilität und vielleicht ein ganz kleines bisschen Chaos. {items},在真正的冒险家的思维中，这个世界上没有不可能！只要有意志坚定，职业壁垒不过是世俗看法，各职业物品也能随意融合取用。所谓冒险者，即是行走的混沌，也是可能性的化身。{items},真のアドベンチャラーたる者、すべてに可能性があると心得るべし。気概さえ十分にあれば、クラスの垣根など単なる社会構造に過ぎず、思いもよらぬアイテム同士を組み合わせることができる。アドベンチャラーは柔軟性とちょっとした混沌で成り立っている。{items},"진정한 모험가의 눈에는, 모든 게 가능성으로 가득 차있습니다! 충분한 탐험 정신만 있다면, 직업 간의 경계는 그저 사회적 구조에 불과하며, 생각지도 못한 아이템을 융합시킬 수 있게 됩니다. 모험가들은 융통성과 약간의 혼돈을 중요하게 생각합니다. {items}",在真正的冒險家的思維中，這個世界上沒有不可能！只要有意志堅定，職業壁壘不過是世俗看法，各職業物品也能隨意融合取用。所謂冒險者，即是行走的混沌，也是可能性的化身。{items},"Dans l'esprit d'un véritable aventurier, tout est possible ! Avec suffisamment d'esprit, les clivages sociaux ne sont qu'une construction sociale et les objets peuvent être combinés de manière inattendue. Les aventuriers incarnent la flexibilité et peut-être un peu le chaos. {items}","Для настоящего авантюриста нет никаких преград! Сильный дух стирает границы классов — ведь это всего лишь социальные идеи — и позволяет соединять предметы, которые вы бы и не подумали совместить. Авантюристы олицетворяют саму гибкость... и, может быть, чуточку хаоса. {items}","Na mente de um verdadeiro aventureiro, tudo é uma possibilidade! Com espírito suficiente, as fronteiras de classe são apenas uma construção social e itens podem ser fundidos de maneiras que você nem imaginaria. Aventureiros representam flexibilidade e talvez um pouco de caos. {items}","En la mente de un verdadero aventurero, ¡todo es posible! Con suficiente espíritu, las barreras de clase son solo una formalidad y los objetos se pueden combinar de formas que no imaginarías. Los aventureros representan flexibilidad y un toque de caos. {items}"
<!MissingKey:363:Scripture of Light >,Scripture of Light ,Schrift des Lichts,光之圣典,神聖なる経典,빛의 성서,光之聖典,Écriture de lumière,Писание света,Escritura da Luz,Escritura de la luz
<!MissingKey:364:$t[Every $cds:] Use $p_manat $mana to gain \~$p_maxhealth maximum health + $p_maxhealth_bonus for each \~$affected $nature-item. $t[Health drops below $p_healtht%:] Heal for $p_heal% of your maximum health (once).>,$t[Every $cds:] Use $p_manat $mana to gain \~$p_maxhealth maximum health + $p_maxhealth_bonus for each \~$affected $nature-item. $t[Health drops below $p_healtht%:] Heal for $p_heal% of your maximum health (once).,"$t[Alle $cds:] Nutze $p_manat $mana, um $p_maxhealth Maximalleben zu erhalten + $p_maxhealth_bonus pro \~$affected $nature-Gegenstand. $t[Leben fällt unter $p_healtht%:] Heile $p_heal% deines Maximallebens (einmalig).",$t[每$cds：]消耗$p_manat点$mana来获得$p_maxhealth点最大生命值，且每有一个$affected的$nature物品，还会获得$p_maxhealth_bonus的最大生命值加成。$t[当生命值低于$p_healtht%时：]恢复最大生命值的$p_heal%（单次触发）。,$t[$cd秒毎：]$p_manat $mana を消費して、$p_maxhealthの体力最大値を獲得する（$affectedにある $nature アイテム1個につき +$p_maxhealth_bonus） $t[体力が$p_healtht%未満に低下時：]体力最大値の$p_heal%に等しい体力を回復する（1回のみ）,"$t[$cd초마다:] $mana를 $p_manat 사용해 최대 체력이 $p_maxhealth 증가하며, $affected에 위치한 $nature 아이템마다 $p_maxhealth_bonus 추가로 증가합니다. $t[체력이 $p_healtht% 아래로 떨어질 시:] 최대 체력의 $p_heal%를 회복합니다 (한 번).",$t[每$cds：]消耗$p_manat點$mana來獲得$p_maxhealth點最大生命值，且每有一個$affected的$nature物品，還會獲得$p_maxhealth_bonus的最大生命值加成。$t[當生命值低於$p_healtht%時：]恢復最大生命值的$p_heal%（單次觸發）。,$t[Toutes les $cd s :] utilisez $p_manat $mana pour gagner $p_maxhealth de PV max + $p_maxhealth_bonus pour chaque objet $nature $affected. $t[PV inférieurs à $p_healtht % :] guérissez de $p_heal % de vos PV max (une fois).,"$t[Раз в $cd сек.:] использует $p_manat $mana, чтобы добавить $p_maxhealth максимального здоровья + $p_maxhealth_bonus за каждый $affected $nature-предмет. $t[При здоровье ниже $p_healtht%:] восстанавливает герою $p_heal% от его максимального здоровья (один раз за бой).",$t[A cada $cd s:] Usa $p_manat $mana para ganhar $p_maxhealth de vida máxima e $p_maxhealth_bonus por cada item $affected do tipo $nature. $t[Se a vida cair abaixo de $p_healtht%:] Cura $p_heal% da sua vida máxima (uma vez).,$t[Cada $cd s:] usas $p_manat $mana para obtener $p_maxhealth PS máx + $p_maxhealth_bonus por cada $affected objeto $nature. $t[PS caen por debajo del $p_healtht %:] te curas un $p_heal % de tu PS máx (una vez).
<!MissingKey:365:Ultima Ascension>,Ultima Ascension,Ultima Ascension,终极升腾,超覚醒,최후의 승천,終極升騰,Ascension ultime,Высшее вознесение,Última Ascensão,Ascensión última
<!MissingKey:366:A true chess master knows ALL the rules. (Even the secret ones...)>,A true chess master knows ALL the rules. (Even the secret ones...),Ein wahrer Großmeister kennt ALLE Regeln. (Sogar die geheimen...),真正的棋艺大师懂得所有规则。（甚至包括那些隐藏规则……）,真のチェスマスターだけが全部のルールを知っているのさ。,진정한 체스 마스터는 모든 규칙을 알고 있습니다. (숨겨진 규칙조차 말이죠...),真正的棋藝大師懂得所有規則。（甚至包括那些隱藏規則……）,Un véritable maître des échecs connaît TOUTES les règles (même les règles secrètes…).,"Настоящий шахматный мастер знает ВСЕ правила. Даже те, о которых не говорят вслух…",Um verdadeiro mestre do xadrez sabe TODAS as regras. (Até mesmo as secretas...),Un verdadero maestro ajedrecista conoce TODAS las reglas. (¡Incluso las secretas!)
<!MissingKey:367:Treasure Chest>,Treasure Chest,Schatztruhe,宝藏箱,宝箱,보물 상자,寶藏箱,Coffre au trésor,Сундук с сокровищами,Baú de Tesouro,Cofre del tesoro
TUTORIAL_Wins,You just got your first win! Do this 9 more times and you are golden!,Das war dein erster Sieg! Nur noch 9 weitere und du hast gewonnen!,你取得了第一场胜利！再赢9次就能获得奖杯！,初勝利だね！あと9回勝てば、大勝利だ！,처음으로 승리하셨군요! 앞으로 9번 더 승리하시면 됩니다!,你取得了第一場勝利！再贏9次就能獲得獎盃！,Vous venez de remporter votre première victoire ! Recommencez 9 fois et vous y êtes !,Вы только что одержали первую победу! Осталось всего 9 — и вы победитель!,Você acaba de conquistar sua primeira vitória! Faça isso mais 9 vezes e você estará no caminho certo!,¡Acabas de conseguir tu primera victoria! ¡Hazlo 9 veces más y serás de oro!
<!MissingKey:369:Thor’s Hammer>,Thor’s Hammer,Thors Hammer,雷神之锤,トールハンマー,토르의 망치,雷神之錘,Marteau de Thor,Молот Тора,Martelo de Thor,Martillo de Thor
<!MissingKey:370:Pine Protector>,Pine Protector,Ananasschild,松林守护者,パインの盾,파인애플 보호대,松林守護者,Protecteur de pin,Сосновый защитник,Escudo-pinha,Protector de pino
"<!MissingKey:371:$t[Every $cds:] Use $stamina stamina to gain \~$p_heat $heat. If you have at least $p_heatt $heat, gain $p_buffs other buffs instead. >","$t[Every $cds:] Use $stamina stamina to gain \~$p_heat $heat. If you have at least $p_heatt $heat, gain $p_buffs other buffs instead. 

 Triggers $p_speed% faster for each $affected $h[Food].","$t[Alle $cds:] Nutze $stamina Ausdauer, um $p_heat $heat zu erhalten. Wenn du mindestens $p_heatt $heat hast, erhalte stattdessen $p_buffs andere Buffs. 

 Aktiviert $p_speed% schneller pro $affected $h[Essen].","$t[每$cds：]消耗$stamina点耐力，获得$p_heat层$heat。如果你至少拥有$p_heatt点$heat，则改为获得$p_buffs个其他增益效果。

每有一个$affected的$h[食物]，触发速度快$p_speed%。","$t[$cd秒毎：]$staminaスタミナを消費して、$p_heat $heat を獲得する。$p_heatt $heat 以上ある場合、$heat 以外の$p_buffsバフを獲得する

$affectedにある$h[食べ物]1個につき使用速度が$p_speed%上がる","$t[$cd초마다:] 스태미나를 $stamina 사용해 $heat를 $p_heat 획득합니다. $p_heatt 이상의 $heat를 보유 시 그 대신 다른 버프를 $p_buffs 획득합니다.

$affected에 위치한 $h[음식]마다 $p_speed% 빠르게 발동합니다.","$t[每$cds：]消耗$stamina點耐力，獲得$p_heat層$heat。如果你至少擁有$p_heatt點$heat，則改為獲得$p_buffs個其他增益效果。

每有一個$affected的$h[食物]，觸發速度快$p_speed%。","$t[Toutes les $cd s :] utilisez $stamina d'endurance pour gagner $p_heat $heat. Si vous avez au moins $p_heatt $heat, gagnez $p_buffs autres bonus à la place. 

 Se déclenche $p_speed % plus vite pour chaque $h[Nourriture] $affected.","$t[Раз в $cd сек.:] использует $stamina энергии и добавляет $p_heat $heat. Если у героя не менее $p_heatt $heat, вместо этого добавляет до $p_buffs других усилений. 

 Срабатывает на $p_speed% чаще за каждый $affected предмет типа $h[еда].","$t[A cada $cd s]: Usa $stamina vigor para ganhar $p_heat $heat. Se você tiver ao menos $p_heatt $heat, ganha $p_buffs outros buffs no lugar. 

 Ativa-se $p_speed% mais rápido por cada $h[Alimento] $affected.","$t[Cada $cd s:] Usa $stamina de resistencia para obtener $p_heat $heat. Si tienes al menos $p_heatt $heat, obtiene otras $p_buffs ventajas en su lugar. 

 Se activa un $p_speed % más rápido por cada $affected $h[comida]."
<!MissingKey:372:Gave opponent {amount} {buff} ({origin}).>,Gave opponent {amount} {buff} ({origin}).,Gegner {amount} {buff} gegeben ({origin}).,给对手{amount} {buff} （{origin}）。,相手に{amount} {buff} を与えた（{origin}）。,상대에게 {amount} {buff} 부여 ({origin}).,給對手{amount} {buff} （{origin}）。,Donnez à l'adversaire {amount} {buff} ({origin}).,Дарит противнику {amount} {buff} ({origin}).,Deu ao oponente {amount} {buff} ({origin}).,Le diste al rival {amount} {buff} ({origin}).
<!MissingKey:373:Bard>,Bard,Barde,吟游诗人,ミンストレル,음유시인,吟游詩人,Barde,Бард,Bardo,Bardo
<!MissingKey:374:White Bishop>,White Bishop,Weißer Läufer,白色主教,白のビショップ,화이트 비숍,白色主教,Fou blanc,Светлый слон,Bispo Branco,Alfil blanco
<!MissingKey:375:Marked as opponent>,Marked as opponent,Als Gegner markieren,标记为对手,相手に設定,상대로 표시됨,標記為對手,Marqué comme adversaire,Противник отмечен,Marcado como oponente,Marcado como rival
<!MissingKey:376:$t[Shop refreshes:] $shopchance% chance for a $h[Trade] offer. $h[Trade] value +$p_gold $gold. $t[Every $cds:] Use $p_regent $regen to gain $p_vamp $vampirism. >,"$t[Shop refreshes:] $shopchance% chance for a $h[Trade] offer. $h[Trade] value +$p_gold $gold. $t[Every $cds:] Use $p_regent $regen to gain $p_vamp $vampirism. 
 Use $p_luckt $lucky to gain $p_spikes $spikes. 
 Use $p_manat $mana to gain $p_empower $empower.","$t[Angebote erneuert:] $shopchance% Chance auf ein $h[Tausch]angebot. \~$h[Tausch]wert +$p_gold $gold. $t[Alle $cds:] Nutze $p_regent $regen, um $p_vamp $vampirism zu erhalten. 
 Nutze $p_luckt $lucky, um $p_spikes $spikes zu erhalten. 
 Nutze $p_manat $mana, um $p_empower $empower zu erhalten.","$t[商店刷新时：]有$shopchance%的几率出现一个$h[交易]机会。$h[交易]物品的价值+$p_gold枚$gold。$t[每$cds：]消耗$p_regent层$regen，获得$p_vamp点$vampirism。
消耗$p_luckt点$lucky，获得$p_spikes点$spikes。
消耗$p_manat点$mana，获得$p_empower层$empower。","$t[ショップ更新時：]$shopchance%の確率で$h[トレード]が提示される。$h[トレード]価値 +$p_gold $gold$t[$cd秒毎：]$p_regent $regen を消費して、$p_vamp $vampirism を獲得する
$p_luckt $lucky を消費して、$p_spikes $spikes を獲得する
$p_manat $mana を消費して、$p_empower $empower を獲得する","$t[상점 갱신 시:] $shopchance% 확률로 $h[거래]를 제안합니다. $h[거래] 가치가 $gold $p_gold만큼 증가합니다. $t[$cd초마다:] $regen을 $p_regent 사용해 $vampirism을 $p_vamp 획득합니다.
$lucky을 $p_luckt 사용해 $spikes를 $p_spikes 획득합니다.
$mana를 $p_manat 사용해 $empower를 $p_empower 획득합니다.","$t[商店刷新時：]有$shopchance%的機率出現一個$h[交易]機會。$h[交易]物品的價值+$p_gold枚$gold。$t[每$cds：]消耗$p_regent層$regen，獲得$p_vamp點$vampirism。
消耗$p_luckt點$lucky，獲得$p_spikes點$spikes。
消耗$p_manat點$mana，獲得$p_empower層$empower。","$t[Actualisation de boutique :] $shopchance % de chance d'offre d'$h[Échange]. Valeur d'$h[Échange] + $p_gold $gold. $t[Toutes les $cd s :] utilisez $p_regent $regen pour gagner $p_vamp $vampirism. 
 Utilisez $p_luckt $lucky pour gagner $p_spikes $spikes. 
 Utilisez $p_manat $mana pour gagner $p_empower $empower.","$t[При обновлении магазина:] $shopchance% шанс получить $h[торговое] предложение. $hЦенность [предложения] +$p_gold $gold. $t[Раз в $cd сек.:] использует $p_regent $regen и добавляет $p_vamp $vampirism. 
 Использует $p_luckt $lucky и добавляет $p_spikes $spikes. 
 Использует $p_manat $mana и добавляет $p_empower $empower.","$t[Loja atualizada:] $shopchance% de chance de uma oferta de $h[Troca]. Valor de $h[Troca] + $p_gold $gold. $t[A cada $cd s:] Usa $p_regent $regen para ganhar $p_vamp $vampirism. 
 Usa $p_luckt $lucky para ganhar $p_spikes $spikes. 
 Usa $p_manat $mana para ganhar $p_empower $empower.","$t[Al actualizar la tienda:] $shopchance % probabilidad de una oferta de $h[comercio]. $hValor de [comercio] +$p_gold $gold. $t[Cada $cd s:] Usa $p_regent $regen para obtener $p_vamp $vampirism. 
 Usa $p_luckt $lucky para obtener $p_spikes $spikes. 
 Usa $p_manat $mana para obtener $p_empower $empower."
<!MissingKey:377:Magical Girl>,Magical Girl,Magical Girl,魔法少女,マジカルガール,마법소녀,魔法少女,Fille magique,Девочка-волшебница,Garota Mágica,Chica mágica
"<!MissingKey:378:$t[Capturing:] Gain $p_empower $empower. $t[White piece is capturing:] Gain a random buff. \~ If this is its first capture, gain $p_buffs buffs instead.>","$t[Capturing:] Gain $p_empower $empower. $t[White piece is capturing:] Gain a random buff. \~ If this is its first capture, gain $p_buffs buffs instead.","$t[Schlägt:] Erhalte $p_empower $empower. $t[Eine weiße Figur schlägt:] Erhalte einen zufälligen Buff. \~ Wenn sie zum ersten Mal schlägt, erhalte stattdessen $p_buffs Buffs.",$t[吃掉其他棋子时：]获得$p_empower层$empower。$t[白色棋子吃掉其他棋子时：]获得1层随机增益效果。如果这个白色棋子是第一次吃掉其他棋子，则获得$p_buffs层增益效果。,$t[取る時：]$p_empower $empower を獲得する $t[白の駒が取る時：]1バフを獲得する。今回が最初に駒を取った場合、代わりに$p_buffsバフを獲得する。,"$t[포획 시:] $empower를 $p_empower 획득합니다. $t[화이트 기물이 포획 시:] 무작위 버프를 획득합니다. \~ 처음으로 포획하는 거라면, 그 대신 버프를 $p_buffs개 획득합니다.",$t[吃掉其他棋子時：]獲得$p_empower層$empower。$t[白色棋子吃掉其他棋子時：]獲得1層隨機增益效果。如果這個白棋是第一次吃掉其他棋子，則獲得$p_buffs層增益效果。,"$t[À la capture :] gagnez $p_empower $empower. $t[Lorsqu'une pièce blanche capture :] gagnez un bonus aléatoire. Si c'est la première capture, gagnez $p_buffs bonus à la place.","$t[При захвате:] добавляет $p_empower $empower. $t[При захвате светлой фигуры:] добавляет случайное усиление. В первый раз, вместо этого добавляет до $p_buffs усилений.","$t[Ao capturar:] Ganha $p_empower $empower. $t[Peça branca está capturando:] Ganha um buff aleatório. Se for a primeira captura, ganha $p_buffs buffs.","$t[Al capturar:] obtienes $p_empower $empower. $t[Si la pieza blanca captura:] obtienes una ventaja al azar. Si es su primera captura, obtienes $p_buffs ventajas en su lugar."
UI_AllClasses,All Classes,Alle Klassen,所有职业,全クラス,모든 직업,所有職業,Toutes les classes,Все классы,Todas as Classes,Todas clases
<!MissingKey:380:Nothing heals as well as a good soup.>,Nothing heals as well as a good soup.,Nichts heilt so gut wie Muttis Suppe.,没有什么比一碗好汤更能治愈人了。,美味しいスープほど癒されるものはないよね。,좋은 수프만큼 치유되는 건 없습니다.,沒有什麼比一碗好湯更能治癒人了。,Rien ne guérit mieux qu'une bonne soupe.,"Ничто не лечит так, как хорошая тарелка супа.",Nada faz sarar tanto quanto uma sopinha na janta.,Nada cura mejor que una buena sopa.
"<!MissingKey:381:It is full of utilities, thingies and stuff.>","It is full of utilities, thingies and stuff.","Voll mit Werkzeug, Kram und Dingelchen.",奶奶的百宝箱。,便利な道具がいっぱい詰まっているよ。,온갖 쓸모있는 잡동사니들로 가득 차있습니다.,奶奶的百寶箱。,"C'est plein de petits bidules, de machins et de trucs.","Тут все, что надо: штучки, дрючки и всякая полезная фигня.","Está cheio de utilidades, coisinhas e coisas.","Está lleno de herramientas, cacharros y cosas."
Mage_NAME,Mage,Magier,魔法师,メイジ,메이지,魔法師,Mage,Маг,Mago,Mago
<!MissingKey:383:Chess Board>,Chess Board,Schachbrett,棋盘,チェスボード,체스판,棋盤,Échiquier,Шахматная доска,Tabuleiro de Xadrez,Tablero de Ajedrez
<!MissingKey:384:Heart Shield>,Heart Shield,Herzschild,心形盾牌,ハートの盾,하트 모양 방패,心形盾牌,Bouclier de cœur,Щит сердца,Escudo de Coração,Escudo del corazón
<!MissingKey:385:Damage dealt increased by {amount} for {duration}s ({origin}).>,Damage dealt increased by {amount} for {duration}s ({origin}).,,造成的伤害增加{amount}持续{duration}s（{origin}）。,{duration}秒間、与えるダメージが{amount}増えた（{origin}）。,{duration}초 동안 {amount}만큼 가하는 피해가 증가함 ({origin}).,造成的傷害增加{amount}持續{duration}s（{origin}）。,Dégâts infligés augmentés de {amount} pendant {duration} s ({origin}).,Ваш урон повышается на {amount} в течение {duration} сек. ({origin}).,Dano causado aumentado em {amount} por {duration} s ({origin}).,Daño infligido aumentado en {amount} durante {duration} s ({origin}).
<!MissingKey:386:Sparkly.>,Sparkly.,"Ja, doch - schon sehr sprudelig.",闪闪发亮。,スキルを選べるアイテムではないよ。,반짝반짝.,閃閃發亮。,Ça brille.,Блестит.,Eletrizante.,Brillante.
<!MissingKey:387:White Knight>,White Knight,Weißer Springer,白色骑士,白のナイト,화이트 나이트,白色騎士,Cavalier blanc,Светлый конь,Cavalo Branco,Caballo blanco
"<!MissingKey:388:You have $chance% chance to protect your buffs from removal (+$chance2% for each $affected2 $holy-item). $t[Every $cds:] Use $p_manat $mana to cleanse \~$p_debuffs debuffs. If you have no debuffs, gain $p_luck $lucky and $p_regen $regen.>","You have $chance% chance to protect your buffs from removal (+$chance2% for each $affected2 $holy-item). $t[Every $cds:] Use $p_manat $mana to cleanse \~$p_debuffs debuffs. If you have no debuffs, gain $p_luck $lucky and $p_regen $regen.","Du hast $chance% Chance, Buffs vor Entfernung zu schützen (+$chance2% pro $affected2 $holy-Gegenstand). $t[Alle $cds:] Nutze $p_manat $mana, um $p_debuffs Debuffs zu entfernen. Wenn du keine Debuffs hast, erhalte $p_luck $lucky und $p_regen $regen.",你有$chance%的几率阻止增益效果被移除（每有一个$affected2的$holy物品几率+$chance2%）。$t[每$cds：]消耗$p_manat点$mana来净化$p_debuffs层减益效果。如果你没有减益效果，则获得$p_luck点$lucky和$p_regen层$regen。,$chance%の確率でバフを除去効果から保護する（$affected2にある $holy アイテム1個につき +$chance2%） $t[$cd秒毎：]$p_manat $mana を消費して、$p_debuffsデバフを解除する。デバフがない場合、$p_luck $luckyと$p_regen $regen を獲得する,"$chance%의 확률로 내 버프가 제거되는 것을 막습니다 ($affected2에 위치한 $holy 아이템마다 $chance2%씩 증가). $t[$cd초마다:] $mana를 $p_manat 사용해 디버프를 $p_debuffs개 정화합니다. 보유한 디버프가 없다면, $lucky을 $p_luck, $regen을 $p_regen 획득합니다.",你有$chance%的幾率阻止增益效果被移除（每有一個$affected2的$holy物品幾率+$chance2%）。$t[每$cds：]消耗$p_manat點$mana來淨化$p_debuffs層減益效果。如果你沒有減益效果，則獲得$p_luck點$lucky和$p_regen層$regen。,"Vous avez $chance % de chance de protéger vos bonus du retrait (+$chance2 % pour chaque objet $holy $affected2). $t[Toutes les $cd s :] utilisez $p_manat $mana pour purger $p_debuffs malus. Si vous n'avez pas de malus, gagnez $p_luck $lucky et $p_regen $regen.","Шанс $chance% не допустить снятия усилений с героя (+$chance2% за каждый $affected2 $holy-предмет). $t[Раз в $cd сек.:] использует $p_manat $mana и снимает до $p_debuffs негативных эффектов. Если у героя нет негативны эффектов, добавляет $p_luck $lucky и $p_regen $regen.","Você tem $chance% de chance de proteger seus buffs contra remoção (+$chance2% por cada item $affected2 do tipo $holy). $t[A cada $cd s:] Usa $p_manat $mana para purificar $p_debuffs debuffs. Se não tiver debuffs, ganha $p_luck $lucky e $p_regen $regen.","Tienes un $chance % de probabilidad de proteger tus ventajas de ser eliminadas (+$chance2 % por cada $affected2 objeto $holy). $t[Cada $cd s:] usas $p_manat $mana para purgar $p_debuffs desventajas. Si no tienes desventajas, obtienes $p_luck $lucky y $p_regen $regen."
<!MissingKey:389:$affected items gain $chance% chance to $h[duplicate] buffs they gain. $t[Every $cds:] Use $p_manat $mana to gain $p_mana $mana. During $fatigue[Fatigue] gain $p_fatiguemana $mana instead.>,$affected items gain $chance% chance to $h[duplicate] buffs they gain. $t[Every $cds:] Use $p_manat $mana to gain $p_mana $mana. During $fatigue[Fatigue] gain $p_fatiguemana $mana instead.,"$affected Gegenstände haben $chance% Chance, erzeugte Buffs zu $h[duplizieren]. $t[Alle $cds:] Nutze $p_manat $mana, um $p_mana $mana zu erzeugen. Während $fatigue[Erschöpfung] erhalte stattdessen $p_fatiguemana $mana.",$affected的物品有$chance%的几率$h[复制]获得的增益效果。$t[每$cds：]消耗$p_manat点$mana来获得$p_mana点$mana。在$fatigue[疲惫]期间会获得$p_fatiguemana点$mana。,$affectedにあるアイテムが$chance%の確率でバフを$h[追加獲得]する $t[$cd秒毎：]$p_manat $mana を消費して、$p_mana $manaを獲得する。$fatigue[疲労]の間は、代わりに$p_fatiguemana $mana を獲得する,$affected에 위치한 아이템은 $chance%의 확률로 획득하는 버프를 $h[복제]합니다. $t[$cd초마다:] $mana를 $p_manat 사용해 $mana를 $p_mana 획득합니다. $fatigue[피로] 동안에는 그 대신 $mana를 $p_fatiguemana 획득합니다.,$affected的物品有$chance%的幾率$h[複製]獲得的增益效果。$t[每$cds：]消耗$p_manat點$mana來獲得$p_mana點$mana。在$fatigue[疲憊]期間會獲得$p_fatiguemana點$mana。,Les objets $affected gagnent $chance % de chances de $h[Dupliquer] les bonus qu'ils gagnent. $t[Toutes les $cd s :] utilisez $p_manat $mana pour gagner $p_mana $mana. Pendant la $fatigue[Fatigue] gagnez $p_fatiguemana $mana à la place.,"$affected предметы получают $chance% шанс $h[удвоить] полученные усиления. $t[Раз в $cd сек.:] использует $p_manat $mana, чтобы добавить $p_mana $mana. Во время $fatigue[усталости] вместо этого добавляет $p_fatiguemana $mana.","Itens $affected ganham $chance% de chance de $h[duplicar] os buffs que receberem. $t[A cada $cd s:] Usa $p_manat $mana para ganhar $p_mana $mana. Durante o $fatigue[Cansaço], ganha $p_fatiguemana $mana em vez disso.",$affected objetos tienen un $chance % de probabilidad de $h[duplicar] las ventajas que reciben. $t[Cada $cd s:] usas $p_manat $mana para obtener $p_mana $mana. Durante $fatigue[fatiga] obtienes $p_fatiguemana $mana en su lugar.
<!MissingKey:390:Level Up>,Level Up,Stufenaufstieg,升级,レベルアップ,레벨 업,升級,Niveau supérieur,Повышение уровня,Subir de Nível,Subir de nivel
"<!MissingKey:391:True power comes from inside, from just under your kidneys to be exact.>","True power comes from inside, from just under your kidneys to be exact.","Wahre Stärke kommt von innen. Um genau zu sein, von schräg unter der Niere irgendwo.",真正的力量来自体内，准确地说，是你肾脏下面一点点的地方。,真の力は体の内側から湧き出てくるものさ。正確には腎臓の下あたりね。,"진정한 힘은 내부에서, 정확히 말하면 신장 바로 아래에서 나옵니다.",真正的力量來自身體內部，準確地說，是你腎臟下面一點點的地方。,"La véritable puissance vient de l'intérieur, plus précisément juste en dessous de vos reins.","Истинная сила внутри тебя. Примерно под почками, если быть точнее.","O verdadeiro poder vem de dentro, ali de baixo do seu rim, pra ser mais exato.","El verdadero poder viene de adentro, de debajo de los riñones para ser exactos."
<!MissingKey:392:$t[Start of battle:] Gain $block $bl. $t[Every $cds:] Use $p_manat $mana to cleanse \~$p_cleanse debuffs and gain $p_block $bl. >,"$t[Start of battle:] Gain $block $bl. $t[Every $cds:] Use $p_manat $mana to cleanse \~$p_cleanse debuffs and gain $p_block $bl. 

 Triggers $p_speed% faster for each \~$affected $holy- or $magic-item.","$t[Kampfbeginn:] Erhalte $block $bl. $t[Alle $cds:] Nutze $p_manat $mana, um $p_cleanse Debuffs zu entfernen und $p_block $bl zu erhalten. 

 Aktiviert $p_speed% schneller pro \~$affected $holy- oder $magic-Gegenstand.","$t[战斗开始时：]获得$block点$bl。$t[每$cds：]消耗$p_manat点$mana，净化$p_cleanse个减益效果并获得$p_block点$bl。

每有一个$affected的$holy或$magic物品，触发速度快$p_speed%。","$t[バトル開始時：]$block $bl を獲得する$t[$cd秒毎：]$p_manat $mana を消費して、$p_cleanseデバフを解除し、$p_block $bl を獲得する

$affectedにある $holy または $magic アイテム1個につき使用速度が$p_speed%上がる","$t[전투 시작 시:] $bl를 $block 획득합니다. $t[$cd초마다:] $mana를 $p_manat 사용해 디버프를 $p_cleanse개 제거하고 $bl를 $p_block 획득합니다.

$affected에 위치한 $holy과 $magic 아이템마다 $p_speed% 빠르게 발동합니다.","$t[戰鬥開始時：]獲得$block點$bl。$t[每$cds：]消耗$p_manat點$mana，淨化$p_cleanse個減益效果並獲得$p_block點$bl。

每有一個$affected的$holy或$magic物品，觸發速度快$p_speed%。","$t[Au début du combat :] gagnez $block $bl. $t[Toutes les $cd s :] utilisez $p_manat $mana pour purger $p_cleanse malus et gagner $p_block $bl. 

 Se déclenche $p_speed % plus vite pour chaque $affected $holy ou objet $magic.","$t[Начало боя:] добавляет $block $bl. $t[Раз в $cd сек.:] использует $p_manat $mana и снимает до $p_cleanse негативных эффектов, а также добавляет $p_block $bl. 

 Срабатывает на $p_speed% чаще за каждый $affected $holy- или $magic-предмет.","$t[Início da batalha:] Ganha $block $bl. $t[A cada $cd s:] Usa $p_manat $mana para purificar $p_cleanse debuffs e ganha $p_block $bl. 

 Ativa-se $p_speed% mais rápido para cada item-$magic ou -$holy $affected.","$t[Al comienzo de la batalla:] Obtiene $block $bl. $t[Cada $cd s:] Usa $p_manat $mana para purgar $p_cleanse desventajas y obtener $p_block $bl. 

 Se activa un $p_speed % más rápido por cada $affected objeto de $holy o de $magic."
<!MissingKey:393:$affected items inflict $h[+100%] $poison. $t[On hit:] Remove $p_poisont $poison from your opponent to gain $chance% critical hit chance and $p_critdam% critical damage.>,$affected items inflict $h[+100%] $poison. $t[On hit:] Remove $p_poisont $poison from your opponent to gain $chance% critical hit chance and $p_critdam% critical damage.,"$affected Gegenstände verursachen \~$h[+100%] $poison. $t[Bei Treffer:] Entferne $p_poisont $poison vom Gegner, um $chance% kritische Trefferchance und $p_critdam% kritischen Schaden zu erhalten.",$affected的物品施加$h[+100%]的$poison。$t[击中对手：]移除对手$p_poisont层$poison，获得$chance%暴击加成，提高$p_critdam%暴击伤害。,$affectedにあるアイテムで付与する $poison $h[+100%]$t[ヒット時：]相手の$p_poisont $poison を除去して、クリティカル率 +$chance%、クリティカルダメージ +$p_critdam%,"$affected에 위치한 아이템이 부여하는 $poison이 $h[100%] 증가합니다. $t[적중 시:] 상대의 $poison을 $p_poisont 제거해 치명타 확률이 $chance%, 치명타 피해가 $p_critdam% 증가합니다.",$affected的物品施加$h[+100%]的$poison。$t[擊中對手：]移除對手$p_poisont層$poison，獲得$chance%暴擊加成，提高$p_critdam%暴擊傷害。,Les objets $affected infligent $h[+100 %] $poison. $t[Par coup :] retirez $p_poisont $poison à votre adversaire pour gagner $chance % de chance de coup critique et $p_critdam % de dégâts critiques.,"$affected предметы накладывают $h[+100%] $poison. $t[При попадании:] снимает $p_poisont $poison с противника, чтобы повысить шанс критического удара на $chance% и критический урон на $p_critdam%.",Itens $affected infligem $h[+100%] $poison. $t[Ao acertar:] Remove $p_poisont $poison do oponente para ganhar $chance% de chance de acerto crítico e $p_critdam% de dano crítico.,Los $affected objetos infligen $h[+100 %] $poison. $t[Al golpear:] Elimina $p_poisont $poison al rival para obtener un $chance % de probabilidad de golpe crítico y un $p_critdam % de daño crítico.
<!MissingKey:394:Character Stat Labels >,Character Stat Labels ,,角色属性标签,キャラステータスラベル,캐릭터 통계 라벨,角色屬性標籤,Étiquettes de statistiques des personnages,Подписи характеристик,Rótulos de Estatísticas de Personagem,Etiquetas de estadísticas de personaje
<!MissingKey:395:This amulet loves being accessible through chance.>,This amulet loves being accessible through chance.,"Wir wissen alle die Ironie zu schätzen, dieses Amulet zu verlosen.",我不缺钱了，所以便宜卖给你。,このアミュレットは偶然で手に入れてほしいみたい。,이 아뮬렛은 우연한 만남을 사랑합니다.,我不缺錢了，所以便宜賣給你。,Cette amulette aime se manifester par chance.,Этот амулет просто обожает случайно появляться в сумке счастливчиков.,Este amuleto adora ser acessado por acaso.,Este amuleto ama estar disponible por pura suerte.
<!MissingKey:396:Lightning in a Bottle>,Lightning in a Bottle,Eine Flasche Blitz,瓶中闪电,瓶詰めの雷,병 속의 번개,瓶中閃電,Éclair en bouteille,Молния в бутылке,Raio Engarrafado,Electricidad embotellada
<!MissingKey:397:$t[On hit:] Gain $p_mana $mana. $chance% chance per \~$affected $nature-item to gain +$p_mana2 $mana. >,"$t[On hit:] Gain $p_mana $mana. $chance% chance per \~$affected $nature-item to gain +$p_mana2 $mana. 

 Attacks $p_speed% faster for each \~$affected2 $ice-item. 

 $p_manat1 $mana $c[used:] Heal for $p_heal on hit. (Once) $p_manat2 $mana $c[used:] Gain $p_dam damage. (Once) $p_manat3 $mana $c[used:] Inflict $p_cold $cold on hit. (Once)","$t[Bei Treffer:] Erhalte $p_mana $mana. $chance% Chance pro $affected $nature-Gegenstand +$p_mana2 $mana zu erhalten. 

 Greift $p_speed% schneller an pro \~$affected2 $ice-Gegenstand. 

 $p_manat1 $mana $c[genutzt:] Heile $p_heal bei Treffer. (Einmalig) 
 $p_manat2 $mana $c[genutzt:] Erhöhe den Schaden um $p_dam. (Einmalig) 
 $p_manat3 $mana $c[genutzt:] Verursache $p_cold $cold bei Treffer. (Einmalig)","$t[击中对手：]获得$p_mana点$mana。每有一个$affected的$nature物品，就有$chance%的几率再获得$p_mana2点$mana。

每有一个$affected2的$ice物品，攻击速度快$p_speed%。

 $c[消耗]$p_manat1点$mana：击中对手时恢复$p_heal点生命值（单次触发）。
 $c[消耗]$p_manat2点$mana：获得$p_dam点伤害加成（单次触发）。
 $c[消耗]$p_manat3点$mana：击中对手时向对手施加$p_cold层$cold（单次触发）。","$t[ヒット時：]$p_mana $mana を獲得する。$affectedにある $nature アイテム1個につき$chance%の確率で +$p_mana2 $mana を獲得する 

$affected2にある $ice アイテム1個につき使用速度が$p_speed%上がる 

$p_manat1 $mana $c[消費後：]ヒット時に体力を$p_heal回復するようになる（1回のみ）
$p_manat2 $mana $c[消費後：]ダメージ値が$p_dam増える（1回のみ）
$p_manat3 $mana $c[消費後：]ヒット時に$p_cold $cold を付与するようになる（1回のみ）","$t[적중 시:] $mana를 $p_mana 획득합니다. $affected에 위치한 $nature 아이템마다 $chance%의 확률로 $mana를 추가로 $p_mana2 획득합니다.

$affected2에 위치한 $ice 아이템마다 $p_speed% 빠르게 공격합니다.

$mana $p_manat1 $c[사용 시:] 적중 시 체력을 $p_heal 회복합니다. (한 번) $mana $p_manat2 $c[사용 시:] 가하는 피해가 $p_dam 증가합니다. (한 번) $mana $p_manat3 $c[사용 시:] 적중 시 $cold를 $p_cold 부여합니다. (한 번)","$t[擊中對手：]獲得$p_mana點$mana。每有一個$affected的$nature物品，就有$chance%的幾率再獲得$p_mana2點$mana。

每有一個$affected2的$ice物品，攻擊速度快$p_speed%。

 $c[消耗]$p_manat1點$mana：擊中對手時恢復$p_heal點生命值（單次觸發）。
 $c[消耗]$p_manat2點$mana：獲得$p_dam點傷害加成（單次觸發）。
 $c[消耗]$p_manat3點$mana：擊中對手時向對手施加$p_cold層$cold（單次觸發）。","$t[Par coup :] gagnez $p_mana $mana. $chance % de chance par objet $nature $affected pour gagner +$p_mana2 $mana. 

 Attaque $p_speed % plus vite pour chaque objet $ice $affected2. 

 $p_manat1 $mana $c[Utilisé :] guérissez de $p_heal par coup. (Une fois) $p_manat2 $mana $c[Utilisé :] gagnez $p_dam de dégâts. (Une fois) $p_manat3 $mana $c[Utilisé :] infligez $p_cold $cold par coup. (Une fois)","$t[При попадании:] добавляет $p_mana $mana. $chance% шанс добавить +$p_mana2 $mana за каждый$affected $nature-предмет. 

 Атакует на $p_speed% чаще за каждый $affected2 $ice-предмет. 

 $p_manat1 $mana $c[использовано:] при удачной атаке противника восстанавливает $p_heal здоровья. (Один раз за бой) $p_manat2 $mana $c[использовано:] добавляет $p_dam урона. (Один раз за бой) $p_manat3 $mana $c[использовано:] при попадании накладывает на противника $p_cold $cold. (Один раз за бой)","$t[Ao acertar:] Ganha $p_mana $mana. $chance% de chance por item $affected do tipo $nature para ganhar +$p_mana2 $mana. 

 Ataca $p_speed% mais rápido por cada item $ice $affected2. 

 $p_manat1 $mana $c[Usado:] Cura $p_heal ao acertar. (Uma vez) $p_manat2 $mana $c[Usado:] Ganha $p_dam de dano. (Uma vez) $p_manat3 $mana $c[Usado:] Inflige $p_cold $cold ao acertar. (Uma vez)","$t[Al golpear:] obtienes $p_mana $mana. $chance % de probabilidad por $affected objeto $nature de obtener +$p_mana2 $mana. 

 Ataca un $p_speed % más rápido por cada $affected2 objetos $ice. 

 $p_manat1 $mana $c[usado:] te curas $p_heal al golpear (una vez). $p_manat2 $mana $c[usado:] obtienes $p_dam daño (una vez). $p_manat3 $mana $c[usado:] aplicas $p_cold $cold al golpear (una vez)."
<!MissingKey:398:$t[Start of battle:] Gain $p_spikes $spikes and $p_heat $heat. $t[$affected items gained $p_spikest $spikes:] Gain $p_heat2 $heat.>,$t[Start of battle:] Gain $p_spikes $spikes and $p_heat $heat. $t[$affected items gained $p_spikest $spikes:] Gain $p_heat2 $heat.,$t[Kampfbeginn:] Erhalte $p_spikes $spikes und $p_heat $heat. $t[$affected Gegenstände erzeugen $p_spikest $spikes:] Erhalte $p_heat2 $heat.,$t[战斗开始时：]获得$p_spikes点$spikes和$p_heat层$heat。$t[$affected的物品获得$p_spikest点$spikes时：]获得$p_heat2$heat。,$t[バトル開始時：]$p_spikes $spikes と$p_heat $heat を獲得する$t[$affectedにあるアイテムが$p_spikest $spikes 獲得毎：]$p_heat2 $heat を獲得する,"$t[전투 시작 시:] $spikes를 $p_spikes, $heat를 $p_heat 획득합니다. $t[$affected에 위치한 아이템이 $spikes를 $p_spikest 획득 시:] $heat를 $p_heat2 획득합니다.",$t[戰鬥開始時：]獲得$p_spikes點$spikes和$p_heat層$heat。$t[$affected的物品獲得$p_spikest點$spikes時：]獲得$p_heat2$heat。,$t[Au début du combat :] gagnez $p_spikes $spikes et $p_heat $heat. $t[Les objets $affected gagnent $p_spikest $spikes :] gagnez $p_heat2 $heat.,$t[Начало боя:] добавляет $p_spikes $spikes и $p_heat $heat. $t[$affected предметы получают $p_spikest $spikes:] добавляет $p_heat2 $heat.,$t[Início da batalha:] Ganha $p_spikes $spikes e $p_heat $heat. $t[Itens $affected ganharam $p_spikest $spikes:] Ganha $p_heat2 $heat.,$t[Al comienzo de la batalla:] Obtiene $p_spikes $spikes y $p_heat $heat. $t[Si los $affected objetos obtienen $p_spikest $spikes:] Obtiene $p_heat2 $heat.
<!MissingKey:399:Battery>,Battery,Batterie,电池,バッテリー,배터리,電池,Batterie,Батарейка,Bateria,Batería
HINT_Chess,(Place a Chess Board in your backpack to enable!),(Zum Aktivieren pack ein Schachbrett in den Rucksack!),（将棋盘放入背包中来激活使用！）,（チェスボードをバックパックに入れると使えるよ！）,(가방에 체스판을 배치해 활성화하세요!),（將棋盤放入背包中來啟動使用！）,(À activer en plaçant un échiquier dans votre sac à dos !),"(Чтобы активировать шахматную доску, положите ее в рюкзак!)",(Coloque um Tabuleiro de Xadrez na sua mochila para ativar!),(¡Coloca un tablero de ajedrez en tu mochila para su activación!)
<!MissingKey:401:Cat Spirit Companion>,Cat Spirit Companion,Geistgefährte: Katze,幽灵猫,ネコの精霊,동료 고양이 영혼,幽靈貓,Compagnon spirituel chat,Кот-фамильяр,Companheiro Espiritual de Gato,Compañero espiritual felino
<!MissingKey:402:$t[Start of battle:] $red[$affected items trigger $p_speed% slower]. $t[After $cds:] Advance the cooldown of the $affected items by $p2s. They trigger $p_speed2% faster instead.>,$t[Start of battle:] $red[$affected items trigger $p_speed% slower]. $t[After $cds:] Advance the cooldown of the $affected items by $p2s. They trigger $p_speed2% faster instead.,$t[Kampfbeginn:] $red[$affected Gegenstände aktivieren $p_speed% langsamer]. $t[Nach $cds:] Setze die Abklingzeiten der $affected Gegenstände um $p2s nach vorn. Sie aktivieren nun $p_speed2% schneller.,$t[战斗开始时：]$red[$affected的物品触发速度慢$p_speed%。]$t[$cds后：]推进$affected的物品$p2s的冷却进度。然后效果改为$affected的物品触发速度快$p_speed2%。,$t[バトル開始時：]$red[$affectedにあるアイテムの使用速度が$p_speed%下がる]$t[$cd秒後：]$affectedにあるアイテムのクールダウンを$p2秒進める。$affectedにあるアイテムの使用速度が下がる代わりに$p_speed2%上がる,$t[전투 시작 시:] $red[$affected에 위치한 아이템이 $p_speed% 느리게 발동합니다]. $t[$cd초 후:] $affected에 위치한 아이템의 재사용 대기 시간이 $p2초 앞당겨집니다. 그 아이템들이 $p_speed2% 빠르게 발동합니다.,$t[戰鬥開始時：]$red[$affected的物品觸發速度慢$p_speed%。]$t[$cds後：]推進$affected的物品$p2s的冷卻進度。然後效果改為$affected的物品觸發速度快$p_speed2%。,$t[Au début du combat :] $red[les objets $affected se déclenchent $p_speed % moins vite]. $t[Après $cd s :] réduisez le temps de recharge des objets $affected de $p2 s. Ils se déclenchent $p_speed2 % plus vite à la place.,$t[Начало боя:] $red[$affected предметы срабатывают на $p_speed% реже]. $t[Через $cd сек.:] снижает время перезарядки $affected предметов на $p2 сек. Эти предметы теперь срабатывают на $p_speed2% чаще.,"$t[Início da batalha:] $red[itens $affected ativam $p_speed% mais devagar]. $t[Após $cd s:] Aceleram a recarga dos itens $affected em $p2 s. Em vez disso, eles ativam $p_speed2% mais rápido.",$t[Al comienzo de la batalla:] $red[los $affected objetos se activan un $p_speed % más lento]. $t[Tras $cd s:] Avanza la recarga de los $affected objetos en $p2 s. Se activan un $p_speed2 % más rápido en su lugar.
"<!MissingKey:403:$t[$regen gained:] Increase base stamina regeneration by $p_stamina%. $t[Every $cds:] Gain $p_luck $lucky. If you have at least $p_luckt $lucky, $h[additionally] gain $p_regen $regen.>","$t[$regen gained:] Increase base stamina regeneration by $p_stamina%. $t[Every $cds:] Gain $p_luck $lucky. If you have at least $p_luckt $lucky, $h[additionally] gain $p_regen $regen.","$t[$regen erhalten:] Erhöhe Basis-Ausdauerregeneration um $p_stamina%. $t[Alle $cds:] Erhalte $p_luck $lucky. Wenn du mindestens $p_luckt $lucky hast, erhalte $h[zusätzlich] $p_regen $regen.",$t[获得$regen时：]基础耐力恢复提高$p_stamina%。$t[每$cds：]获得$p_luck点$lucky。如果你至少拥有$p_luckt点$lucky，则$h[额外]获得$p_regen层$regen。,$t[$regen 獲得毎：]基礎スタミナ回復量が$p_stamina%増える$t[$cd秒毎：]$p_luck $lucky を獲得する。$p_luckt $lucky 以上ある場合、$h[さらに]$p_regen $regen を獲得する,"$t[$regen 획득 시:] 기본 스태미나 재생량이 $p_stamina% 증가합니다. $t[$cd초마다:] $lucky을 $p_luck 획득합니다. $p_luckt 이상의 $lucky을 보유 시, $h[추가로] $regen을 $p_regen 획득합니다.",$t[獲得$regen時：]基礎耐力恢復提高$p_stamina%。$t[每$cds：]獲得$p_luck點$lucky。如果你至少擁有$p_luckt點$lucky，則$h[額外]獲得$p_regen層$regen。,"$t[En gagnant $regen :] augmentez la régénération d'endurance de base by $p_stamina %. $t[Toutes les $cd s :] gagnez $p_luck $lucky. Si vous avez au moins $p_luckt $lucky, gagnez $p_regen $regen $h[également].","$t[При получении $regen:] повышает базовое восстановление энергии на$p_stamina%. $t[Раз в $cd сек.:] добавляет $p_luck $lucky. Если у героя уже есть не менее $p_luckt $lucky, $h[дополнительно] добавляет $p_regen $regen.","$t[$regen ganha:] Aumenta a regeneração base de vigor em $p_stamina%. $t[A cada $cd s]: Ganha $p_luck $lucky. Se você tiver ao menos $p_luckt $lucky, $h[adicionalmente] ganha $p_regen $regen.","$t[$regen obtenida:] Aumenta la regeneración de resistencia básica un $p_stamina %. $t[Cada $cd s:] Obtiene $p_luck $lucky. Si tienes al menos $p_luckt $lucky, $h[también] obtiene $p_regen $regen."
<!MissingKey:404:Magitecc Armor>,Magitecc Armor,Magitecc-Rüstung,魔工护甲,魔導の鎧,마공학 갑옷,魔工護甲,Armure magitecc,Магитек-броня,Armadura Magitec,Armadura tecnomágica
<!MissingKey:405:It's a bit whetter now.>,It's a bit whetter now.,"Ja, doch, ist besser jetzt.",现在它更“湿”了一点。,キミも丸くなったね。,좀 더 자극적입니다.,現在它更「濕」了一點。,Il fait un peu plus frais maintenant.,Теперь он точит еще острее.,Tá um pouco mais amolado agora.,Ahora está un poco más afilado.
"<!MissingKey:406:$red[Base stamina regeneration] -$p_staminaregen%. $t[Start of battle:] Gain $block $bl. $t[$p_healtht health regenerated or $p_healtht $bl gained:] Gain $p_maxstamina maximum stamina. $t[Every $cds:] If your stamina is below $p_staminat1, gain $p_block $bl, otherwise, use $p_staminat2 stamina to gain $p_empower $empower.>","$red[Base stamina regeneration] -$p_staminaregen%. $t[Start of battle:] Gain $block $bl. $t[$p_healtht health regenerated or $p_healtht $bl gained:] Gain $p_maxstamina maximum stamina. $t[Every $cds:] If your stamina is below $p_staminat1, gain $p_block $bl, otherwise, use $p_staminat2 stamina to gain $p_empower $empower.","$red[Basis Ausdauerregeneration] -$p_staminaregen%. $t[Kampfbeginn:] Erhalte $block $bl. $t[$p_healtht Leben regeneriert oder $p_healtht $bl erhalten:] Erhalte $p_maxstamina maximale Ausdauer. $t[Alle $cds:] Wenn du weniger als $p_staminat1 Ausdauer hast, erhalte $p_block $bl, ansonsten nutze $p_staminat2 Ausdauer, um $p_empower $empower zu erhalten.",$red[你的基础耐力恢复]-$p_staminaregen%。$t[战斗开始时：]获得$block点$bl。$t[每恢复$p_healtht点生命值或获得$p_healtht点$bl时：]获得$p_maxstamina点最大耐力。$t[每$cds：]如果你的耐力低于$p_staminat1点，获得$p_block点$bl，否则消耗$p_staminat2点耐力获得$p_empower层$empower。,$red[基礎スタミナ回復量] -$p_staminaregen%$t[バトル開始時：]$block $bl を獲得する$t[体力$p_healtht回復または$p_healtht $bl 獲得時：]スタミナ最大値が$p_maxstamina増える$t[$cd秒毎：]スタミナが$p_staminat1未満の場合、$p_block $bl を獲得する。そうでない場合、$p_staminat2スタミナを消費して$p_empower $empower を獲得する,"$red[기본 스태미나 재생량]이 $p_staminaregen% 감소합니다. $t[전투 시작 시:] $bl를 $block 획득합니다. $t[체력을 $p_healtht 회복하거나 $bl를 $p_healtht 획득 시:] 최대 스태미나가 $p_maxstamina 상승합니다. $t[$cd초마다:] 내 스태미나가 $p_staminat1 아래라면, $bl를 $p_block 획득하고, 아니면 스태미나를 $p_staminat2 사용해 $empower를 $p_empower 획득합니다.",$red[你的基礎耐力恢復]-$p_staminaregen%。$t[戰鬥開始時：]獲得$block點$bl。$t[每恢復$p_healtht點生命值或獲得$p_healtht點$bl：]獲得$p_maxstamina點最大耐力。$t[每$cds：]如果你的耐力低於$p_staminat1點，獲得$p_block點$bl，否則消耗$p_staminat2點耐力獲得$p_empower層$empower。,"$red[Régénération d'endurance de base] -$p_staminaregen %. $t[Au début du combat :] gagnez $block $bl. $t[$p_healtht PV régénérés ou $p_healtht $bl gagnés :] gagnez $p_maxstamina d'endurance max. $t[Toutes les $cd s :] si votre endurance est inférieure à $p_staminat1, gagnez $p_block $bl, autrement, utilisez $p_staminat2 d'endurance pour gagner $p_empower $empower.","$red[Базовое восстановление энергии] -$p_staminaregen%. $t[Начало боя:] добавляет $block $bl. $t[Когда восстановлено $p_healtht здоровья или получено $p_healtht $bl:] добавляет $p_maxstamina макс. энергии. $t[Раз в $cd сек.:] если энергия героя ниже $p_staminat1, добавляет $p_block $bl, в ином случае использует $p_staminat2 энергии и добавляет $p_empower $empower.","$red[Regeneração base de vigor] -$p_staminaregen%. $t[Início da batalha:] Ganha $block $bl. $t[$p_healtht vida regenerada ou $p_healtht $bl ganho:] Ganha $p_maxstamina de vigor máximo. $t[A cada $cd s:] Se seu vigor estiver abaixo de $p_staminat1, ganha $p_block $bl, caso contrário, usa $p_staminat2 de vigor para ganhar $p_empower $empower.","$red[Regeneración de resistencia básica] -$p_staminaregen %. $t[Al comienzo de la batalla:] Obtiene $block $bl. $t[Al regenerar $p_healtht PS u obtener $p_healtht $bl:] Obtiene $p_maxstamina de resistencia máxima. $t[Cada $cd s:] Si tu resistencia está por debajo de $p_staminat1, obtiene $p_block $bl, si no, usa $p_staminat2 de resistencia para obtener $p_empower $empower."
"<!MissingKey:407:Getting infinite energy out of that thing is easy, the difficult thing is only letting a finite amount out.>","Getting infinite energy out of that thing is easy, the difficult thing is only letting a finite amount out.","Es ist nicht schwer, unendlich viel Energie aus dem Ding zu kriegen. Wirklich nicht. Die Schwierigkeit liegt darin, nur endlich viel Energie rauszulassen.",从那个东西里获得无限能量很容易，难的是只让有限的能量出来。,無限のエネルギーを取り出すのは難しくない。本当に難しいのは、有限の量に制限することなんだ。,무한한 에너지를 얻는 것은 쉽습니다. 진짜 어려운 건 유한한 양만 내보내는 것이죠.,從那個東西裡獲得無限能量很容易，難的是只讓有限的能量出來。,"C'est facile d'obtenir de l'énergie infinie avec ce truc, le plus difficile, c'est de n'en laisser sortir qu'une quantité limitée.",Бесконечную энергию добыть легко. Сложнее - не выпустить ее всю сразу.,"Tirar energia infinita dessa coisa é fácil, difícil é tirar só um pouquinho.","Sacar energía infinita de esa cosa es fácil, lo difícil es dejar salir solo una cantidad finita."
"<!MissingKey:408:This bag, I tell you - it's evil. Better put nothing you like inside.>","This bag, I tell you - it's evil. Better put nothing you like inside.","Ich sag's dir, Jungchen, die Tasche ist böse. Da sitzt der Teufel drin.",相信我，这个背包不干净，不要放东西进去。,このバッグは呪われてるよ。好きなものは入れない方がいいね。,"이 가방은 정말, 사악합니다 - 안에 뭘 안 넣는 걸 추천드립니다.",相信我，這個背包不乾淨，不要放東西進去。,"Ce sac, je vous le dis… il est maléfique. Mieux vaut ne pas y mettre quelque chose auquel vous tenez.",Эта сумка… она злая. Лучше не кладите туда ничего ценного.,"Essa bolsa, eu te digo – é do mal. Melhor não colocar nada que você goste dentro.","Esta bolsa, te lo juro, es malvada. Mejor no guardes nada que quieras en su interior."
<!MissingKey:409:We are all part of the same big (electrical) circle.>,We are all part of the same big (electrical) circle.,Wir sind alle Teil des selben großen (Strom-)Kreises. ,我们都属于同一个巨大的（电）回路。,ボクたちは皆、大きな（電気の）環でつながっているんだ。,우리는 모두 같은 회로 안의 존재입니다.,我們都屬於同一個巨大的（電）迴路。,Nous faisons tous partie d'un même grand circuit (électrique).,Все мы замкнуты в одном большом (электрическом) круге.,Somos todos partes do mesmo grande círculo (elétrico).,Todos somos parte del mismo gran círculo (eléctrico).
<!MissingKey:410:$t[$melee/$ranged-damage dealt:] Gain $block$h[%] of the dealt damage as $bl. $t[Every $cds:] Regenerate $p_stamina stamina for each $h[distinct] $affected $melee-$h[Weapon]. $t[$p_staminat stamina used:] Inflict $p_poison $poison and $red[$p_poison2 $poison to yourself].>,$t[$melee/$ranged-damage dealt:] Gain $block$h[%] of the dealt damage as $bl. $t[Every $cds:] Regenerate $p_stamina stamina for each $h[distinct] $affected $melee-$h[Weapon]. $t[$p_staminat stamina used:] Inflict $p_poison $poison and $red[$p_poison2 $poison to yourself].,$t[$melee/$ranged-Schaden verursacht:] Erhalte $block$h[%] des Schadens als $bl. $t[Alle $cds:] Regeneriere $p_stamina Ausdauer pro $h[Art von] $affected $melee-$h[Waffe]. $t[$p_staminat Ausdauer genutzt:] Verursache $p_poison $poison und $red[dir selbst $p_poison2 $poison].,$t[造成$melee/$ranged伤害时：]获得造成伤害的$block$h[%]作为$bl。$t[每$cds：]每有一个$h[不重复]的$affected的$melee $h[武器]，恢复$p_stamina点耐力。$t[每次消耗$p_staminat点耐力：]向对手施加$p_poison层$poison，还$red[对自身施加$p_poison2层$poison]。,$t[$melee/$ranged ダメージを与えた時：]与ダメージの$block$h[%]を $bl として獲得する $t[$cd秒毎：]$affectedにある $melee $h[武器] 1$h[種類]につき$p_staminaスタミナを回復する $t[$p_staminatスタミナ消費毎：]相手に$p_poison $poison を付与し、$red[自分に$p_poison2 $poison を付与する],"$t[$melee/$ranged 피해를 가할 시:] 가한 피해의 $block$h[%]만큼 $bl를 획득합니다. $t[$cd초마다:] $affected에 위치한 $h[개별] $melee $h[무기]마다 스태미나를 $p_stamina 회복합니다. $t[스태미나를 $p_staminat 사용 시:] 상대에게 $poison를 $p_poison, $red[자신에게 $poison를 $p_poison2] 부여합니다.",$t[造成$melee/$ranged傷害時：]獲得造成傷害的$block$h[%]作為$bl。$t[每$cds：]每有一個$h[不重複]的$affected的$melee $h[武器]，恢復$p_stamina點耐力。$t[每次消耗$p_staminat點耐力：]向對手施加$p_poison層$poison，還$red[對自身施加$p_poison2層$poison]。,$t[Dégâts $melee/$ranged infligés :] gagnez $block$h[%] des dégâts infligés en tant que $bl. $t[Toutes les $cd s :] régénérez $p_stamina d'endurance pour chaque $h[Arme] $affected $melee $h[Distincte]. $t[En utilisant $p_staminat d'endurance :] infligez $p_poison $poison et $red[$p_poison2 $poison à vous-même].,$t[При нанесении героем $melee/$ranged-урона:] добавляет $block$h[%] нанесенного урона как $bl. $t[Раз в $cd сек.:] восстанавливает $p_stamina энергии за каждое $h[отдельное] $affected $melee-$h[оружие]. $t[При затрате $p_staminat энергии:] накладывает на противника $p_poison $poison и $red[$p_poison2 $poison на самого героя].,$t[Ao causar dano $melee/$ranged:] Ganha $block$h[%] do dano causado como $bl. $t[A cada $cd s:] Regenera $p_stamina de vigor por cada $h[Arma] $melee $affected $h[distinta]. $t[$p_staminat de vigor usado:] Inflige $p_poison $poison e $red[$p_poison2 $poison em você mesmo].,$t[Al infligir daño $melee/$ranged:] obtienes un $block$h [%] del daño causado como $bl. $t[Cada $cd s:] regeneras $p_stamina de resistencia por cada $h[distinta] $affected $melee-$h[arma]. $t[Al usar $p_staminat de resistencia:] aplicas $p_poison $poison y $red[$p_poison2 $poison a ti mismo].
<!MissingKey:411:Gold Armor>,Gold Armor,Goldrüstung,黄金护甲,金の鎧,황금 갑옷,黃金護甲,Armure d'or,Золотая броня,Armadura de Ouro,Armadura dorada
<!MissingKey:412:Toast Goobert>,Toast Goobert,Toast Schlotzbert,吐司黏黏,トースト・スラバート,토스트 슬돌이,吐司黏呼呼,Viskeu toasté,Слаймер-тост,Torrada Gosberto,Viscosino tostado
BUTTON_SwitchMode,Switch Mode,Tauschmodus,背包交换模式,スイッチモード,스위치 모드,背包交換模式,Mode changement,Режим обмена,Modo Troca,Intercambio
<!MissingKey:414:$t[On hit:] Your opponent takes +$p_dam% damage. >,"$t[On hit:] Your opponent takes +$p_dam% damage. 

 Attacks $p_speed% faster for each $affected $h[Food].","$t[Bei Treffer:] Dein Gegner nimmt +$p_dam% Schaden. 

 Attackiert $p_speed% schneller pro \~$affected $h[Essen].","$t[击中对手：]对手受到的伤害+$p_dam%。

每有一个$affected的$h[食物]，攻击速度快$p_speed%。","$t[ヒット時：]相手の受けるダメージ +$p_dam%

$affectedにある$h[食べ物]1個につき使用速度が$p_speed%上がる","$t[적중 시:] 상대가 피해를 추가로 $p_dam% 입습니다.

$affected에 위치한 $h[음식]마다 $p_speed% 빠르게 공격합니다.","$t[擊中對手：]對手受到的傷害+$p_dam%。

每有一個$affected的$h[食物]，攻擊速度快$p_speed%。","$t[Par coup :] votre adversaire subit +$p_dam % de dégâts. 

 Attaque $p_speed % plus vite pour chaque $h[Nourriture] $affected.","$t[При попадании:] противник получает +$p_dam% урона. 

 Атакует на $p_speed% чаще за каждый $affected предмет типа $h[еда].","$t[Ao acertar:] Seu oponente recebe +$p_dam% de dano. 

 Ataca $p_speed% mais rápido por cada $h[Alimento] $affected.","$t[Al golpear:] El rival recibe +$p_dam % de daño. 

 Atacas un $p_speed % más rápido por cada $affected $h[comida]."
"<!MissingKey:415:$t[Start of battle:] Emit a $h[charge], traveling $h[1]$lightning every $p1s. $t[Every $cds:] Use $stamina stamina to emit another $h[charge]. >","$t[Start of battle:] Emit a $h[charge], traveling $h[1]$lightning every $p1s. $t[Every $cds:] Use $stamina stamina to emit another $h[charge]. 

 Items under the $h[charges] trigger $p_speed% faster + $p_speed2% for each $lightning traveled.","$t[Kampfbeginn:] Erzeuge eine $h[Ladung], die sich $h[1]$lightning alle $p1s bewegt. $t[Alle $cds:] Nutze $stamina Ausdauer, um eine weitere $h[Ladung] zu erzeugen. 

 Gegenstände unter den $h[Ladungen] aktivieren $p_speed% schneller + $p_speed2% pro zurückgelegtem $lightning.","$t[战斗开始时：]发射一个$h[电荷]，每$p1s移动$h[1]$lightning。$t[每$cds：]消耗$stamina点耐力再发射一个$h[电荷]。

位于$h[电荷]上的物品触发速度快$p_speed%，每移动1$lightning额外快$p_speed2%。","$t[バトル開始時：]$h[電荷]1つを放出する。$h[電荷]は$p1秒ごとに $lightning $h[1]マスを移動する$t[$cd秒毎：]$staminaスタミナを消費して、もう1つ$h[電荷]を放出する

$h[電荷]の下にあるアイテムは使用速度が$p_speed%上がる（通過した $lightning 1マスにつき +$p_speed2%）","$t[전투 시작 시:] $p1초마다 $h[1]$lightning를 이동하는 $h[전하]를 방출합니다. $t[$cd초마다:] 스태미나를 $stamina 사용해 또 다른 $h[전하]를 방출합니다.

$h[전하]를 보유한 아이템이 $p_speed% 빠르게 발동하고, $lightning 이동 거리마다 $p_speed2% 추가로 빠르게 발동합니다.","$t[戰鬥開始時：]發射一個$h[電荷]，每$p1s移動$h[1]$lightning。$t[每$cds：]消耗$stamina點耐力再發射一個$h[電荷]。

位於$h[電荷]上的物品觸發速度快$p_speed%，每移動1$lightning額外快$p_speed2%。","$t[Au début du combat :] émettez une $h[Charge], parcourant $h[1]$lightning toutes les $p1 s. $t[Toutes les $cd s :] utilisez $stamina d'endurance pour émettre une autre $h[Charge]. 

 Les objets sous les $h[Charges] se déclenchent $p_speed % plus vite +$p_speed2 % pour chaque $lightning parcouru.","$t[Начало боя:] выпускает $h[заряд], перемещающийся на $h[1] $lightning-слот каждые $p1 сек. $t[Раз в $cd сек.:] использует $stamina энергии и выпускает еще один $h[заряд]. 

 Предметы под $h[зарядом] срабатывают на $p_speed% чаще + $p_speed2% за каждое перемещение на $lightning-слот.","$t[Início da batalha:] Emite uma $h[carga], percorrendo $h[1]$lightning a cada $p1 s. $t[A cada $cd s:] Usa $stamina de vigor para emitir outra $h[carga]. 

 Itens abaixo das $h[cargas] ativam $p_speed% mais rápido + $p_speed2% por cada $lightning percorrido.","$t[Al comienzo de la batalla:] Emite una $h[carga] que se traslada $h[1]$lightning cada $p1 s. $t[Cada $cd s:] Usa $stamina resistencia para emitir otra $h[carga]. 

 Los objetos bajo la $h[carga] se activan un $p_speed % más rápido + un $p_speed2 % por cada $lightning trasladado."
<!MissingKey:416:This generation of generators is generally genius!>,This generation of generators is generally genius!,Diese Generation von Generatoren ist generell genial!,这一代发电机真是天才之作！,発電機の発明はハッキリ言って破格だよ！,발전. 발전. 오직 발전 뿐입니다.,這一代發電機真是天才之作！,Cette génération de générateurs est généralement géniale !,Это поколение генераторов - самое лучшее!,Essa geração de geradores geralmente é genial!,¡Esta generación de generadores es en general genial!
<!MissingKey:417:Employee Uniform>,Employee Uniform,Mitarbeiteruniform,工作服,従業員の制服,직원 유니폼,工作服,Uniforme du personnel,Униформа работника,Uniforme de Funcionário,Uniforme de empleado
"<!MissingKey:418:$t[On attack:] Use $p_manat $mana to gain $p_dam damage. $t[Every $p_num attacks:] Emit a $h[charge], traveling $h[1]$lightning every $p4s. >","$t[On attack:] Use $p_manat $mana to gain $p_dam damage. $t[Every $p_num attacks:] Emit a $h[charge], traveling $h[1]$lightning every $p4s. 

 $h[Weapons] under the $h[charge] deal +$p_dam_flat damage + $p_dam_tile per $lightning traveled.","$t[Bei Angriff:] Nutze $p_manat $mana, um +$p_dam Schaden zu verursachen. $t[Alle $p_num Angriffe:] Erzeuge eine $h[Ladung], die sich $h[1]$lightning alle $p4s bewegt. 

 $h[Waffen] unter der $h[Ladung] verursachen +$p_dam_flat Schaden + $p_dam_tile pro zurückgelegtem $lightning.","$t[攻击时：]消耗$p_manat点$mana，获得$p_dam点伤害加成。$t[每攻击$p_num次：]发射一个$h[电荷]，每$p4s移动$h[1]$lightning。

位于$h[电荷]上的$h[武器]造成的伤害+$p_dam_flat，每移动1$lightning额外造成$p_dam_tile点伤害。","$t[攻撃時：]$p_manat $mana を消費して、ダメージ値が$p_dam増える$t[$p_num回攻撃毎：]$h[電荷]1つを放出する。$h[電荷]は$p4秒ごとに $lightning $h[1]マスを移動する

$h[電荷]の下にある$h[武器]の与ダメージ +$p_dam_flat（通過した $lightning 1マスにつき +$p_dam_tile）","$t[공격 시:] $mana를 $p_manat 사용해 가하는 피해가 $p_dam 증가합니다. $t[$p_num번 공격할 때마다:] $p4초마다 $h[1]$lightning를 이동하는 $h[전하]를 방출합니다.

$h[전하]를 보유한 $h[무기]의 피해량이 $p_dam_flat 증가하고, $lightning 이동 거리마다 추가로 $p_dam_tile 증가합니다.","$t[攻擊時：]消耗$p_manat點$mana，獲得$p_dam點傷害加成。$t[每攻擊$p_num次：]發射一個$h[電荷]，每$p4s移動$h[1]$lightning。

位於$h[電荷]上的$h[武器]造成的傷害+$p_dam_flat，每移動1$lightning額外造成$p_dam_tile點傷害。","$t[Par attaque :] utilisez $p_manat $mana pour gagner $p_dam de dégâts. $t[Toutes les $p_num attaques :] émettez une $h[Charge], parcourant $h[1]$lightning toutes les $p4 s. 

 Les $h[Armes] sous la $h[Charge] infligent + $p_dam_flat de dégâts + $p_dam_tile par $lightning parcouru.","$t[При атаке:] использует $p_manat $mana и получает +$p_dam ед. урона. $t[При каждой $p_num-ой атаке:] выпускает $h[заряд], перемещающийся на $h[1] $lightning-слот каждые $p4 сек. 

 $h[Оружие] под $h[зарядом] наносит +$p_dam_flat ед. урона + $p_dam_tile за каждое перемещение на $lightning-слот.","$t[Ao atacar:] Usa $p_manat $mana para ganhar $p_dam de dano. $t[A cada $p_num ataques:] Emite uma $h[carga], percorrendo $h[1]$lightning a cada $p4 s. 

 $h[Armas] abaixo da $h[carga] causam +$p_dam_flat de dano + $p_dam_tile por $lightning percorrido.","$t[Al atacar:] Usa $p_manat $mana para obtener $p_dam de daño. $t[Cada $p_num ataques:] Emite una $h[carga] que se traslada $h[1]$lightning cada $p4 s. 

 Las $h[armas] bajo la $h[carga] infligen $p_dam_flat más de daño + $p_dam_tile por $lightning trasladado."
<!MissingKey:419:$t[Start of battle:] $reflect[Reflect] $p_reflect debuffs. \~$affected $h[Weapons] gain $p_dam damage. >,"$t[Start of battle:] $reflect[Reflect] $p_reflect debuffs. \~$affected $h[Weapons] gain $p_dam damage. 

 $affected items give +$p_blockfactor% $bl.","$t[Kampfbeginn:] $reflect[Reflektiere] $p_reflect Debuffs. \~$affected $h[Waffen] verursachen $p_dam Schaden. 

 $affected Gegenstände erzeugen +$p_blockfactor% $bl.","$t[战斗开始时：]$reflect[反弹]$p_reflect个减益效果。$affected的$h[武器]攻击力+$p_dam。

$affected的物品提供的$bl+$p_blockfactor%。","$t[バトル開始時：]$p_reflectデバフを$reflect[反射]する。$affectedにある$h[武器]のダメージ値が$p_dam増える

$affectedにあるアイテムの $bl +$p_blockfactor%","$t[전투 시작 시:] 디버프를 $p_reflect개 $reflect[반사]합니다. $affected에 위치한 $h[무기]가 가하는 피해가 $p_dam 증가합니다.

$affected에 위치한 아이템이 $bl를 $p_blockfactor% 추가로 제공합니다.","$t[戰鬥開始時：]$reflect[反彈]$p_reflect個減益效果。$affected的$h[武器]攻擊力+$p_dam。

$affected的物品提供的$bl+$p_blockfactor%。","$t[Au début du combat :] $reflect[renvoyez] $p_reflect malus. $affected Les [Armes] $h gagnent $p_dam de dégâts. 

 Les objets $affected donnent +$p_blockfactor % $bl.","$t[Начало боя:] $reflect[отражает] до $p_reflect негативных эффектов. $affected $h[оружие] получает +$p_dam ед. к урону. 

 $affected предметы получают +$p_blockfactor% $bl.","$t[Início da batalha:] $reflect[Reflete] $p_reflect debuffs. As $h[Armas] $affected ganham $p_dam de dano. 

 Itens $affected dão + $p_blockfactor% $bl.","$t[Al comienzo de la batalla:] $reflect[devuelves] $p_reflect desventajas. Las $affected $h[armas] obtienen $p_dam de daño. 

 Los $affected objetos dan +$p_blockfactor % $bl."
<!MissingKey:420:Archaeologist>,Archaeologist,Achäologe,考古学家,アーキオロジスト,고고학자,考古學家,Archéologue,Археолог,Arqueólogo,Arqueólogo
<!MissingKey:421:$t[Shop entered:] Consume $affected items and generate random $h[Gemstones]. $t[Every $cds:] Use $p_manat $mana to become invulnerable for $p1s + $p2s for each \~$p_gold $gold worth of $h[Gemstones] you have (up to $p_max times). \~Increase $mana cost by $p_mana. $t[On invulnerable:] Inflict $p_blind $blind.>,$t[Shop entered:] Consume $affected items and generate random $h[Gemstones]. $t[Every $cds:] Use $p_manat $mana to become invulnerable for $p1s + $p2s for each \~$p_gold $gold worth of $h[Gemstones] you have (up to $p_max times). \~Increase $mana cost by $p_mana. $t[On invulnerable:] Inflict $p_blind $blind.,$t[Laden betreten:]\~ Nutze $affected Gegenstände um zufällige $h[Edelsteine] zu erzeugen. $t[Alle $cds:] Nutze $p_manat $mana um unverwundbar zu werden für\~ $p1s + $p2s für jede $p_gold $gold Wert an $h[Edelsteinen] (bis zu $p_max mal). \~Erhöhe die $mana-Kosten um $p_mana. $t[Unverwundbarkeit:] Verursache $p_blind $blind.,$t[进入商店时：]消耗$affected的物品，生成随机$h[宝石]。$t[每$cds：]消耗$p_manat点$mana，获得$p1s无敌，增加$p_mana点$mana消耗（最多$p_max次）。背包内每拥有$p_gold枚$gold价值的$h[宝石]，此物品获得+$p2s无敌时间。$t[触发无敌时：]向对手施加$p_blind层$blind。,$t[ショップ入店時：]$affectedにあるアイテムを消費して、ランダムな$h[宝石]を生成する $t[$cd秒毎：]$p_manat $mana を消費して、$p1秒間（所持している$h[宝石]の価値$p_gold $gold につき +$p2秒）、無敵状態になる（最大$p_max回まで）。次に消費する $mana が$p_mana増える $t[無敵時：]$p_blind $blind を付与する,$t[상점 진입 시:] $affected에 위치한 아이템을 소모하고 무작위 $h[보석]을 생성합니다. $t[$cd초마다:] $mana를 $p_manat 사용해 $p1초 + 보유한 $h[보석]의 $p_gold $gold 가치마다 $p2초 동안 무적 상태가 됩니다 (최대 $p_max번). $mana 비용이 $p_mana 증가합니다. $t[무적 상태 시:] $blind을 $p_blind 부여합니다.,$t[進入商店時：]消耗$affected的物品，生成隨機$h[寶石]。$t[每$cds：]消耗$p_manat點$mana，獲得$p1s無敵，增加$p_mana點$mana消耗（最多$p_max次）。背包內每擁有$p_gold枚$gold價值的$h[寶石]，此物品獲得+$p2s無敵時間。$t[觸發無敵時：]向對手施加$p_blind層$blind。,$t[En entrant dans la boutique :] consommez des objets $affected et générez des $h[Pierres précieuses] aléatoires. $t[Toutes les $cd s :] utilisez $p_manat $mana pour devenir invulnérable pendant $p1 s + $p2 s pour chaque $p_gold $gold de valeur en $h[Pierres précieuses] que vous avez (jusqu'à $p_max fois). Augmentez le coût de $mana de $p_mana. $t[En invulnérabilité :] infligez $p_blind $blind.,"$t[Переход в магазин:] поглощает $affected предметы и создает случайные $h[самоцветы]. $t[Раз в $cd сек.:] использует $p_manat $mana, чтобы получить неуязвимость на $p1 сек. + $p2 сек. за каждые $p_gold $gold рассчитанных от стоимости $h[самоцветов] в наличии у героя (макс. до $p_max раз). Повышает стоимость $mana на $p_mana. $t[При неуязвимости:] накладывает $p_blind $blind.",$t[Ao entrar na loja:] Consome itens $affected e gera $h[Gemas] aleatórias. $t[A cada $cd s:] Usa $p_manat $mana para se tornar invulnerável por $p1 s + $p2 s por cada $p_gold $gold valor de $h[Gemas] que você tiver (até $p_max vezes). Aumenta o custo de $mana em $p_mana. $t[Quando invulnerável:] Inflige $p_blind $blind.,$t[Al entrar en la tienda:] consumes $affected objetos y generas $h[gemas] al azar. $t[Cada $cd s:] usas $p_manat $mana para volverte invulnerable durante $p1 s + $p2 s por cada $p_gold $gold en $h[gemas] que tengas (hasta $p_max veces). Aumenta el costo de $mana en $p_mana. $t[En invulnerabilidad:] infliges $p_blind $blind.
<!MissingKey:422:$t[While you have at least $p_empowert $empower:] Decrease stamina usage to $p_stamina and cooldown to $p3s. $t[On hit:] Use $p_regent $regen to gain $p_vampirism $vampirism and \~$p_spikes $spikes. >,"$t[While you have at least $p_empowert $empower:] Decrease stamina usage to $p_stamina and cooldown to $p3s. $t[On hit:] Use $p_regent $regen to gain $p_vampirism $vampirism and \~$p_spikes $spikes. 

 Deals +$p_dam damage per $spikes and $vampirism.","$t[Solange du mindestens $p_empowert $empower hast:] Reduziere Ausdauerkosten auf $p_stamina und Abklingzeit auf $p3s. $t[Bei Treffer:] Nutze $p_regent $regen, um $p_vampirism $vampirism und $p_spikes $spikes zu erhalten. 

 Verursacht +$p_dam Schaden pro\~ $spikes und $vampirism.","$t[当你至少有$p_empowert层$empower：]耐力消耗将减少到$p_stamina，冷却时间降低到$p3s。$t[击中对手：]消耗$p_regent层$regen来获得$p_vampirism层$vampirism，还会获得$p_spikes层$spikes。

每有一层$spikes或$vampirism，造成的伤害+$p_dam。","$t[$p_empowert $empower 以上ある間：]スタミナ消費値が$p_staminaに、クールダウンが$p3秒に減る $t[ヒット時：]$p_regent $regen を消費して、$p_vampirism $vampirismと$p_spikes $spikes を獲得する 

$spikes と $vampirism 1スタックにつき与ダメージ +$p_dam","$t[$p_empowert 이상의 $empower를 보유 시:] 스태미나 소모량이 $p_stamina(으)로 감소하고, 재사용 대기 시간이 $p3초가 됩니다. $t[적중 시:] $regen을 $p_regent 사용해 $vampirism을 $p_vampirism, $spikes를 $p_spikes 획득합니다.

$spikes와 $vampirism마다 가하는 피해가 $p_dam 증가합니다.","$t[當你至少有$p_empowert層$empower：]耐力消耗將減少到$p_stamina，冷卻時間降低到$p3s。$t[擊中對手：]消耗$p_regent層$regen來獲得$p_vampirism層$vampirism，還會獲得$p_spikes層$spikes。

每有一層$spikes或$vampirism，造成的傷害+$p_dam。","$t[Tant que vous avez au moins $p_empowert $empower :] réduisez l'utilisation d'endurance de $p_stamina et le temps de recharge de $p3 s. $t[Par coup :] utilisez $p_regent $regen pour gagner $p_vampirism $vampirism et $p_spikes $spikes. 

 Infligez +$p_dam de dégâts par $spikes et $vampirism.","$t[Если у героя не менее $p_empowert $empower:] снижает затраты энергии до $p_stamina и перезарядку до $p3 сек. $t[При попадании:] использует $p_regent $regen, чтобы добавить $p_vampirism $vampirism и $p_spikes $spikes. 

 Наносит +$p_dam урона за каждый эффект $spikes и $vampirism.","$t[Enquanto você tiver pelo menos $p_empowert $empower:] Diminui o uso de vigor para $p_stamina e o tempo de recarga para $p3 s. $t[Ao acertar:] Usa $p_regent $regen para ganhar $p_vampirism $vampirism e $p_spikes $spikes. 

 Causa +$p_dam de dano por $spikes e $vampirism.","$t[Mientras tengas al menos $p_empowert $empower:] reduces el consumo de resistencia a $p_stamina y la recarga a $p3 s. $t[Al golpear:] usas $p_regent $regen para ganar $p_vampirism $vampirism y $p_spikes $spikes. 

 Inflige +$p_dam daño por cada $spikes y $vampirism."
<!MissingKey:423:Imagine a scythe battalion - they would just mow you down.>,Imagine a scythe battalion - they would just mow you down.,"Stellt euch ein ganzes Batallion mit diesen Sensen vor, die würden jeden niedermähen.",想象一下一整支战镰部队，它们会像割草一样把你放倒。,この鎌を持った軍勢を想像してみてよ。草刈りがすぐ終わりそうでしょ？,낫을 든 군단을 상상해보세요. 여러분을 말 그대로 '수확'할 것입니다.,想像一下一整支戰鐮部隊，它們會像割草一樣把你放倒。,Imaginez tout un bataillon de faux… elles vous faucheraient tout simplement.,Представь батальон кос - они бы просто выкосили тебя.,Imagine um batalhão de gadanhas... elas ceifariam você.,Imagínate un batallón de guadañas: te acribillarían.
<!MissingKey:424:Working with dangerous smelly stuff is the only way to feel like a real scientist.>,Working with dangerous smelly stuff is the only way to feel like a real scientist.,"Nur wenn es gefährlich ist und stinkt, fühlt man sich wie ein richtiger Wissenschaftler.",只有和那些危险又难闻的东西打交道，才像个真正的科学家。,危険なくらいクサイものを扱ってこそ本当の科学者って感じがするよね。,위험한 냄새가 나는 물건을 다루는 것만이 진정한 과학자의 삶을 느낄 수 있는 유일한 방법입니다.,只有和那些危險又難聞的東西打交道，才像個真正的科學家。,"Travailler avec des substances dangereuses et malodorantes, c'est la seule façon de se sentir comme un vrai scientifique.",Работать с опасной вонючей дрянью - вот что значит быть настоящим ученым!,Trabalhar com coisas perigosas e fedidas é o único jeito de se sentir como um cientista de verdade.,Trabajar con sustancias peligrosas y con mal olor es la única forma de sentirse como una auténtica científica.
<!MissingKey:425:Your healing is less effective.>,Your healing is less effective.,Deine Heilung ist weniger effektiv.,生命值恢复效果降低。,自分の回復量が減少する,치유의 효과가 감소합니다.,生命值回復效果降低。,Votre guérison est moins efficace.,Вы медленнее восстанавливаете здоровье.,Sua cura é menos eficaz.,Tu curación es menos efectiva.
<!MissingKey:426:Shiny Chariot>,Shiny Chariot,Glitzerfee,闪耀战车,シャインチャリオット,빛나는 전차,閃耀戰車,Chariot étincelant,Сияющая колесница,Carruagem Brilhante,Carruaje brillante
HINT_HistoryOpponent,Right-click on a round button to mark it as opponent for the next History battle.,"Rechtsklicke eine Runde, um sie als Gegner für den nächsten Archiv-Kampf zu markieren.",右键点击某个回合按钮，将其标记为下一场历史战斗的对手。,ラウンドボタンを右クリックすると、次のヒストリー戦の相手に設定できます。,라운드 버튼을 우클릭해 대상을 다음 기록 전투의 상대로 표시합니다.,右鍵點擊某個回合按鈕，將其標記為下一場歷史戰鬥的對手。,Cliquez avec le bouton droit sur un bouton rond pour le marquer comme adversaire pour le prochain combat historique.,"Щелкните ПКМ по раунду, чтобы отметить его как противника для следующего боя в истории.",Clique com o botão direito em um botão de rodada para marcar o oponente para a próxima batalha Histórica.,Haz clic derecho en un botón redondo para marcarlo como rival para la próxima batalla de Historia.
<!MissingKey:428:$t[Every $cds:] Gain $p_mana $mana and remove \~$p_buffs buffs from your opponent. \~Use $p_luckt $lucky to regenerate $p_stamina stamina. >,"$t[Every $cds:] Gain $p_mana $mana and remove \~$p_buffs buffs from your opponent. \~Use $p_luckt $lucky to regenerate $p_stamina stamina. 

 Triggers $p_speed% faster for each \~$affected $dark-item. ","$t[Alle $cds:] Erhalte $p_mana $mana und entferne $p_buffs Buffs von deinem Gegner.\~ Nutze $p_luckt $lucky, um $p_stamina Ausdauer zu regenerieren. 

 Aktiviert $p_speed% schneller pro \~$affected $dark-Gegenstand.","$t[每$cds：]获得$p_mana点$mana并移除对手$p_buffs层增益效果，消耗$p_luckt点$lucky来生成$p_stamina点耐力。

 每有一个$affected的$dark物品，此物品触发速度快$p_speed%。","$t[$cd秒毎：]$p_mana $mana を獲得し、相手から$p_buffsバフを除去する。$p_luckt $lucky を消費して、スタミナを$p_stamina回復する 

$affectedにある $dark アイテム1個につき使用速度が$p_speed%上がる","$t[$cd초마다:] $mana를 $p_mana 획득하고 상대의 버프를 $p_buffs개 제거합니다. $lucky을 $p_luckt 사용해 스태미나를 $p_stamina 회복합니다.

$affected에 위치한 $dark 아이템마다 $p_speed% 빠르게 발동합니다.","$t[每$cds：]獲得$p_mana點$mana並移除對手$p_buffs層增益效果，消耗$p_luckt點$lucky來生成$p_stamina點耐力。

 每有一個$affected的$dark物品，此物品觸發速度快$p_speed%。","$t[Toutes les $cd s :] gagnez $p_mana $mana et retirez $p_buffs bonus à votre adversaire. Utilisez $p_luckt $lucky pour régénérer $p_stamina d'endurance. 

 Se déclenche $p_speed % plus vite pour chaque objet $dark $affected.","$t[Раз в $cd сек.:] добавляет $p_mana $mana и снимает до $p_buffs усилений с противника. Использует $p_luckt $lucky и восстанавливает $p_stamina энергии. 

 Срабатывает на $p_speed% чаще за каждый $affected $dark-предмет.","$t[A cada $cd s:] Ganha $p_mana $mana e remove $p_buffs buffs do oponente. Usa $p_luckt $lucky para regenerar $p_stamina de vigor. 

 Ativa $p_speed% mais rápido por cada item $affected do tipo $dark.","$t[Cada $cd s:] ganas $p_mana $mana y eliminas $p_buffs ventajas de tu rival. Usas $p_luckt $lucky para regenerar $p_stamina de resistencia. 

 Se activa un $p_speed % más rápido por cada $affected objeto $dark."
"<!MissingKey:429:$t[Opponent falls below $p_healtht%:] Advance the cooldown of the $affected item by $p2s, your opponent’s healing is reduced by $p_healreduction% (once).>","$t[Opponent falls below $p_healtht%:] Advance the cooldown of the $affected item by $p2s, your opponent’s healing is reduced by $p_healreduction% (once).","$t[Gegner fällt unter $p_healtht% Leben:] Setze die Abklingzeit des $affected Gegenstandes $p2s nach vorn, Heilung deines Gegner ist um $p_healreduction% reduziert (einmalig).",$t[对手的生命值低于$p_healtht%时：]推进$affected的物品$p2s的冷却进度，并使对手的治疗效果降低$p_healreduction%（单次触发）。,$t[相手の体力が$p_healtht%未満に低下時：]$affectedにあるアイテムのクールダウンを$p2秒進め、相手の回復量 -$p_healreduction%（1回のみ）,"$t[상대의 체력이 $p_healtht% 아래로 떨어질 시:] $affected에 위치한 아이템의 재사용 대기 시간을 $p2초 앞당기고, 상대의 회복량이 $p_healreduction%만큼 감소합니다 (한 번).",$t[對手的生命值低於$p_healtht%時：]推進$affected的物品$p2s的冷卻進度，並使對手的治療效果降低$p_healreduction%（單次觸發）。,"$t[PV de l'adversaire inférieurs à $p_healtht % :] réduisez le temps de recharge de l'objet $affected de $p2 s, et votre adversaire guérit de $p_healreduction % (une fois).",$t[Когда здоровье противника ниже $p_healtht%:] сокращает время перезарядки $affected предметов на $p2 сек. и снижает восстановление здоровья противника на $p_healreduction% (один раз за бой).,"$t[Oponente com a vida abaixo de $p_healtht%]: Acelera a recarga do item $affected em $p2 s, a cura do oponente é reduzida em $p_healreduction% (uma vez).","$t[PS del rival caen por debajo del $p_healtht %:] Avanza la recarga del $affected objeto en $p2 s, se reduce la recuperación de tu rival un $p_healreduction % (una vez)."
<!MissingKey:430:Toggle grid storage>,Toggle grid storage,Rasteransicht umschalten,切换网格储物,保管ボックスのグリッド化切替,그리드 창고 전환,切換網格儲物,Activer/Désactiver le rangement en grille,Переключить секторное хранилище,Ativar depósito em grade,Activar el almacenamiento en cuadrícula
<!MissingKey:431:Guaranteed Critical Hits: {val}>,Guaranteed Critical Hits: {val},Garantierte kritische Treffer: {val},保证暴击命中：{val},クリティカルヒット保証：{val},확정 치명타: {val},保證暴擊命中：{val},Coups critiques garantis : {val},Гарантированный крит. удар: {val},Acertos Críticos Garantidos: {val},Golpes críticos garantizados: {val}
<!MissingKey:432:Open item library>,Open item library,Gegenstandsverzeichnis öffnen,打开物品库,アイテムライブラリを開く,아이템 라이브러리 열기,打開物品庫,Ouvrir la bibliothèque d'objets,Открыть библиотеку предметов,Abrir biblioteca de itens,Abrir biblioteca de objetos
<!MissingKey:433:Speak with Animals>,Speak with Animals,Mit Tieren reden,兽语大师,動物との対話,동물과의 대화,獸語大師,Parler aux animaux,Разговор с животными,Falar com Animais,Hablar con animales
<!MissingKey:434:$t[Every $cds:] Use $p_mana $mana to gain $p_regen $regen and heal for $p_heal. >,"$t[Every $cds:] Use $p_mana $mana to gain $p_regen $regen and heal for $p_heal. 

 Triggers $p_speed% faster for each $affected $h[Spell] \~($holy-$h[Spells] count twice).","$t[Alle $cds:] Nutze $p_mana $mana, um $p_regen $regen zu erhalten und heile um $p_heal. 

 Aktiviert $p_speed% schneller pro\~ $affected $h[Zauber] ($holy-$h[Zauber] zählen doppelt).","$t[每$cds：]消耗$p_mana点$mana来获得$p_regen层$regen，并恢复$p_heal点生命值。

每有一个$affected的$h[魔法卷轴]，此物品的触发速度快$p_speed%（$holy $h[魔法卷轴]算作2次）。","$t[$cd秒毎：]$p_mana $mana を消費して、$p_regen $regen を獲得し、体力を$p_heal回復する 

$affectedにある$h[呪文]1個につき使用速度が$p_speed%上がる（$holy $h[呪文]は2個扱い）","$t[$cd초마다:] $mana를 $p_mana 사용해 $regen을 $p_regen 획득하고, 체력을 $p_heal 회복합니다.

$affected에 위치한 $h[주문]마다 $p_speed% 빠르게 발동합니다
($holy $h[주문]은 두 번 계산됩니다).","$t[每$cds：]消耗$p_mana點$mana來獲得$p_regen層$regen，並恢復$p_heal點生命值。

每有一個$affected的$h[魔法卷軸]，此物品的觸發速度快$p_speed%（$holy $h[魔法卷軸]算作2次）。","$t[Toutes les $cd s :] utilisez $p_mana $mana pour gagner $p_regen $regen et guérissez de $p_heal. 

 Se déclenche $p_speed % plus vite pour chaque $h[Sort] $affected (les $h[Sorts] $holy compte deux fois).","$t[Раз в $cd сек.:] использует $p_mana $mana и добавляет $p_regen $regen, а также восстанавливает $p_heal здоровья. 

 Срабатывает на $p_speed% чаще за каждое $affected $h[заклятие] ($holy-$h[заклятие] считается за 2).","$t[A cada $cd s:] Usa $p_mana $mana para ganhar $p_regen $regen e curar $p_heal. 

 Ativa $p_speed% mais rápido por cada $h[Feitiço] $affected ($holy-$h[Feitiços] contam duas vezes).","$t[Cada $cd s:] usas $p_mana $mana para obtener $p_regen $regen y curarte $p_heal. 

 Se activa $p_speed % más rápido por cada $affected $h[hechizo] ($holy-$h[hechizos] cuentan doble)."
<!MissingKey:435:$t[After $cds:] For each... >,"$t[After $cds:] For each... 
 $affected $nature-item$n_nature: Gain $p_luck $lucky and $p_spikes $spikes. 
 $affected $ice-item$n_ice: Gain $block $bl, inflict $p_cold $cold. 
 $affected $holy-item$n_holy: Gain $p_regen $regen.  
 $affected $dark-item$n_dark: Steal $h[1] buff. 

 Triggers $p_speed% faster for each $affected $h[Spell].","$t[Nach $cds:] Für jeden... 
 $affected $nature-Gegenstand$n_nature: Erhalte $p_luck $lucky \~und $p_spikes $spikes. 
 $affected $ice-Gegenstand$n_ice: Erhalte $block $bl, verursache $p_cold $cold. 
 $affected $holy-Gegenstand$n_holy: Erhalte $p_regen $regen. 
 $affected $dark-Gegenstand$n_dark: Stehle $h[1] Buff. 

 Aktiviert $p_speed% schneller pro \~$affected $h[Zauber].","$t[$cds后：]每有一个……
 $affected的$nature物品$n_nature：获得$p_luck点$lucky和$p_spikes层$spikes。
 $affected的$ice物品$n_ice：获得$block点$bl，向对手施加$p_cold层$cold。
 $affected的$holy物品$n_holy：获得$p_regen层$regen。
$affected的$dark物品$n_dark：偷取$h[1]层增益效果。

每有一个$affected的$h[魔法卷轴]，此物品触发速度快$p_speed%。","$t[$cd秒後：]各アイテム1個につき以下の効果を得る 
$affectedにある $nature アイテム$n_nature：$p_luck $lucky と$p_spikes $spikes を獲得する 
$affectedにある $ice アイテム$n_ice：$block $bl を獲得し、$p_cold $cold を付与する 
$affectedにある $holy アイテム$n_holy：$p_regen $regen を獲得する 
$affectedにある $dark アイテム$n_dark：$h[1]バフを奪う 

$affectedにある$h[呪文]1個につき使用速度が$p_speed%上がる","$t[$cd초 후:] $affected에 위치한 아이템마다...
$affected $nature 아이템$n_nature: $lucky을 $p_luck, $spikes를 $p_spikes 획득합니다.
$affected $ice 아이템$n_ice: $bl를 $block, $cold를 $p_cold 획득합니다.
$affected $holy 아이템$n_holy: $regen을 $p_regen 획득합니다.
$affected $dark 아이템$n_dark: 버프를 $h[1]개 빼앗습니다.

$affected에 위치한 $h[주문]마다 $p_speed% 빠르게 발동합니다.","$t[$cds後：]每有一個……
 $affected的$nature物品$n_nature：獲得$p_luck點$lucky和$p_spikes層$spikes。
 $affected的$ice物品$n_ice：獲得$block點$bl，向對手施加$p_cold層$cold。
 $affected的$holy物品$n_holy：獲得$p_regen層$regen。
$affected的$dark物品$n_dark：偷取$h[1]層增益效果。

每有一個$affected的$h[魔法卷軸]，此物品觸發速度快$p_speed%。","$t[Après $cd s :] pour chaque… 
 Objet $nature $affected $n_nature : gagnez $p_luck $lucky et $p_spikes $spikes. 
 Objet $ice $affected $n_ice : gagnez $block $bl, infligez $p_cold $cold. 
 Objet $holy $affected $n_holy : gagnez $p_regen $regen. 
 Objet $dark $affected $n_dark : infligez $h[1] bonus. 

 Se déclenche $p_speed % plus vite pour chaque $h[Sort] $affected.","$t[Через $cd сек.:] за каждый... 
 $affected $nature-предмет$n_nature: добавляет $p_luck $lucky и $p_spikes $spikes. 
 $affected $ice-предмет$n_ice: добавляет $block $bl и накладывает на противника $p_cold $cold. 
 $affected $holy-предмет$n_holy: добавляет $p_regen $regen. 
 $affected $dark-предмет$n_dark: крадет $h[1] усиление противника. 

 Срабатывает на $p_speed% чаще за каждое $affected $h[заклятие].","$t[Após $cd s:] Por cada... 
 item $nature $affected $n_nature: Ganha $p_luck $lucky e $p_spikes $spikes. 
 Item $ice $affected $n_ice: Ganha $block $bl, inflige $p_cold $cold. 
 Item $affected $holy $n_holy: Ganha $p_regen $regen. 
 Item $dark $affected $n_dark: Rouba $h[1] buff. 

 Ativa $p_speed% mais rápido por cada $h[Feitiço] $affected.","$t[Después de $cd s:] por cada... 
 $affected objeto $nature-$n_nature: obtienes $p_luck $lucky y $p_spikes $spikes. 
 $affected objeto $ice $n_ice: obtienes $block $bl, aplicas $p_cold $cold. 
 $affected objeto $holy $n_holy: obtienes $p_regen $regen. 
 $affected objeto $dark $n_dark: robas $h[1] ventaja. 

 Se activa $p_speed % más rápido por cada $affected $h[hechizo]."
"<!MissingKey:436:There are many realms from which to summon, but we only summon from the realm of cuddly woodland spirits for obvious reasons.>","There are many realms from which to summon, but we only summon from the realm of cuddly woodland spirits for obvious reasons.","Man kann Kreaturen aus vielerlei Sphären beschwören, aber wir nutzen nur die Sphäre der knuffigen Waldtiere. Die Gründe dürften offensichtlich sein.",西部印第安人常用的摄魂器。,どんなものを召喚するかは色々と判断の余地があるけど、当然モフモフな森の精霊を召喚することにしているよ。,"소환할 수 있는 소환수는 정말 다양하지만, 끌어안아주고 싶은 숲의 영혼이 소환되는 곳에서만 사용하는 것을 추천합니다.",西部印第安人常用的攝魂器。,"Il existe de nombreux royaumes d'où invoquer des créatures, mais nous nous limitons au royaume des esprits sylvestres bienveillants pour des raisons évidentes.",Сущностей можно призывать откуда угодно… но мы выбираем милый лесной мир духов. Причины очевидны.,"Existem muitos reinos dos quais podemos invocar, mas só invocamos do reino dos espíritos fofos da floresta, por motivos óbvios.","Podríamos invocar seres de mil reinos, pero nos limitamos a los espíritus boscosos más tiernos... sabrán por qué."
<!MissingKey:437:Mana Crystal>,Mana Crystal,Manakristall,法力水晶,マナクリスタル,마나 크리스탈,法力水晶,Cristal de mana,Кристалл маны,Cristal de Mana,Cristal de maná
<!MissingKey:438:$affected items trigger $p_speed% slower. $m[After $cds:] They trigger $p_speed2% faster instead. $t[Bag bought:] $shopchance% chance to restock with a $h[Puzzlebag].>,$affected items trigger $p_speed% slower. $m[After $cds:] They trigger $p_speed2% faster instead. $t[Bag bought:] $shopchance% chance to restock with a $h[Puzzlebag].,"$affected Gegenstände aktivieren $p_speed% langsamer. $m[Nach $cds:] Sie aktivieren stattdessen $p_speed2% schneller. $t[Tasche gekauft:] $shopchance% Chance, mit einer $h[Puzzletasche] aufzufüllen.",$affected的物品触发速度慢$p_speed%。$m[$cds后：]效果改为$affected的物品触发速度快$p_speed2%。$t[购买背包时：]商店有$shopchance%的几率再刷新一个$h[拼图背包]。,$affectedにあるアイテムの使用速度が$p_speed%下がる $m[$cd秒後：]その代わりに使用速度が$p_speed2%上がる $t[バッグ購入時：]$shopchance%の確率で$h[パズルバッグ]を補充する,$affected에 위치한 아이템이 $p_speed% 느리게 발동합니다. $m[$cd초 후:] 그 대신 $p_speed2% 빠르게 발동합니다. $t[가방 구매 시:] $shopchance%의 확률로 $h[퍼즐가방]이 다시 입고됩니다.,$affected的物品觸發速度慢$p_speed%。$m[$cds後：]效果改為$affected的物品觸發速度快$p_speed2%。$t[購買背包時：]商店有$shopchance%的幾率再刷新一個$h[拼圖背包]。,Les objets $affected se déclenchent $p_speed % moins vite. $m[Après $cd s :] ils se déclenchent $p_speed2 % plus vite à la place. $t[Sac acheté :] $shopchance % de chance de réapprovisionner avec un $h[Énigmasac].,$affected предметы будут срабатывать на $p_speed% реже. $m[Через $cd сек.:] все меняется и предметы начинают срабатывать на $p_speed2% чаще. $t[При покупке сумки:] $shopchance% шанс появления на полке $h[ящика-паззла].,Itens $affected ativam $p_speed% mais devagar. $m[Após $cd s:] Eles ativam $p_speed2% mais rápido. $t[Mochila comprada:] $shopchance% de chance de reabastecer com uma $h[Bolsa Enigmática].,$affected objetos se activan un $p_speed % más lento. $m[Después de $cd s:] se activan un $p_speed2 % más rápido en su lugar. $t[Bolsa comprada:] $shopchance % de probabilidad de reabastecer con una $h[bolsa tetris].
<!MissingKey:439:You will gain $gold every round (next round: {bonusGold}). Left-over $gold [color=#ff9090]does not transfer[/color] to the next round in switch mode.>,You will gain $gold every round (next round: {bonusGold}). Left-over $gold [color=#ff9090]does not transfer[/color] to the next round in switch mode.,Du erhältst jede Runde $gold (nächste Runde: {bonusGold}). Übriggebliebenes $gold [color=#ff9090]wird im Tauschmodus nicht übernommen[/color].,你每回合都会获得金币（下一回合：{bonusGold}）。在背包交换模式中，剩余金币[color=#ff9090]不会继承[/color]到下一回合。,1ラウンドごとにゴールドを獲得できる（次ラウンドの獲得量：{bonusGold}）スイッチモードでは残ったゴールドは次のラウンドに[color=#ff9090]持ち越せない[/color],매 라운드마다 골드를 획득합니다 (다음 라운드: {bonusGold}). 스위치 모드에서는 남은 골드가 다음 라운드로 [color=#ff9090]옮겨지지 않습니다[/color].,你每回合都會獲得金幣（下一回合：{bonusGold}）。在背包交換模式中，剩餘金幣[color=#ff9090]不會繼承[/color]到下一回合。,Vous gagnerez de l'or à chaque tour (prochain tour : {bonusGold}). L'or restant [color=#ff9090]n'est pas transféré[/color] au tour suivant en mode changement.,Вы будете получать золото за каждый раунд (следующий раунд: {bonusGold}). Оставшееся золото [color=#ff9090] не переносится [/color] в следующий раунд в режиме обмена.,Você ganhará ouro a cada rodada (próxima rodada: {bonusGold}). O ouro em excesso [color=#ff9090]não será transferido[/color] para a próxima rodada no Modo Troca.,Ganarás oro en cada ronda (siguiente ronda: {bonusGold}). El oro sobrante [color=#ff9090]no se transfiere[/color] a la siguiente ronda.
<!MissingKey:440:Broccoli>,Broccoli,Brokkoli,西兰花,ブロッコリー,브로콜리,西蘭花,Brocoli,Брокколи,Brócolis,Brócoli
<!MissingKey:441:$effect-Damage Dealt: {val}>,$effect-Damage Dealt: {val},Verursachter $effect-Schaden: {val},造成的$effect伤害：{val},$effect 与ダメージ：{val},가하는 $effect 피해 {val},造成的$effect傷害：{val},Dégâts $effect infligés : {val},$effect-урон: {val},Dano $effect Causado: {val},Daño infligido $effect: {val}
<!MissingKey:442:Scholar Bag>,Scholar Bag,Studierendentasche,魔法学院袋,学者のカバン,학자의 가방,魔法學院袋,Sac d'érudit,Сумка заучки,Bolsa do Erudito,Bolsa de estudioso
<!MissingKey:443:It tastes magical!>,It tastes magical!,Schmeckt magisch.,尝起来有魔法的味道！,ウチの店も「映え」を意識してみたよ。,마법 같은 맛이네요!,嘗起來有魔法的味道！,C'est tout simplement magique en bouche !,На вкус — волшебно!,Tem um sabor mágico!,¡Sabe a magia!
"<!MissingKey:444:Master both the slow and the steady, and races become obsolete.>","Master both the slow and the steady, and races become obsolete.","Meistere das Langsam, dann meistere das Stetig und jedes Rennen wird obsolet.",同时掌握缓与稳，竞速也就过时了。,遅さと着実さを極めた結果、競争はもはや時代遅れとなった。,"느리고 꾸준한 것에 통달한다면, 종족은 무의미해집니다.",同時掌握緩與穩，競速也就過時了。,"Maîtrisez à la fois la lenteur et la régularité, et ne vous souciez plus de la moindre course.","Освой все медленное и размеренное. Гонки станут бессмысленными, гарантирую.","Se você domina a ""lentidão"", a ""constância"" se torna uma consequência.",Domina tanto lo lento como lo constante y las razas se volverán obsoletas.
<!MissingKey:445:Spell Scroll: Blessing of Purity>,Spell Scroll: Blessing of Purity,Zauberrolle: Segen der Reinheit,魔法卷轴：净化祝福,呪文の巻物：清らかなる祝福,주문 스크롤: 순수의 축복,魔法卷軸：淨化祝福,Parchemin de sort : Bénédiction de pureté,Свиток заклятия: очищение,Pergaminho de Feitiço: Bênção da Pureza,Pergamino de conjuros: Bendición de pureza
<!MissingKey:446:Melting Spear>,Melting Spear,NOT USED?,熔化长矛,ヒートスピア,녹아내리는 창,熔化長矛,Lance en fusion,Плавящее копье,Lança Derretível,Lanza fundente
<!MissingKey:447:Ice Flower>,Ice Flower,Eisblume,霜冻花,アイスフラワー,얼음 꽃,霜凍花,Fleur de glace,Ледяной цветок,Flor de Gelo,Flor de hielo
<!MissingKey:448:$melee-Damage Dealt {val}>,$melee-Damage Dealt {val},Verursachter $melee-Schaden: {val},造成的$melee伤害：{val},$melee 与ダメージ：{val},가하는 $melee 피해 {val},造成的$melee傷害：{val},Dégâts $melee infligés {val},$melee-урон {val},Dano $melee Causado {val},Daño infligido $melee: {val}
<!MissingKey:449:$t[$affected $h[Weapon] hits:] $chance% chance for each $lucky to gain $p_mana $mana.>,$t[$affected $h[Weapon] hits:] $chance% chance for each $lucky to gain $p_mana $mana.,"$t[$affected $h[Waffe] trifft:] $chance% Chance pro $lucky,\~ $p_mana $mana zu erhalten.",$t[$affected的$h[武器]击中对手：]每有一点$lucky，有$chance%的几率获得$p_mana点$mana。,$t[$affectedにある$h[武器]のヒット時：]$lucky 1スタックにつき$chance%の確率で$p_mana $mana を獲得する,$t[$affected에 위치한 $h[무기] 적중 시:] $lucky마다 $chance%의 확률로 $mana를 $p_mana 획득합니다.,$t[$affected的$h[武器]擊中對手：]每有一點$lucky，有$chance%的幾率獲得$p_mana點$mana。,$t[Par coup de l'$h[Arme] $affected :] $chance % de chance pour chaque $lucky de gagner $p_mana $mana.,$t[При попадании $affected $h[оружием]:] шанс $chance% за каждый эффект $lucky добавить $p_mana $mana.,$t[Ao acertar com $h[Arma] $affected:] $chance% de chance por cada $lucky de ganhar $p_mana $mana.,$t[Al golpear con un $affected $h[arma]:] $chance % de probabilidad por cada $lucky de obtener $p_mana $mana.
"<!MissingKey:450:Look at your boring old cubes, not even floating a little bit. I bet you feel miserable about that.>","Look at your boring old cubes, not even floating a little bit. I bet you feel miserable about that.","Schau dir diese langweiligen alten Würfel an. Fliegen kein bisschen, ich wette die schämen sich.",看看你那些无聊的立方体，连一点都不漂浮。我猜你为此很难受吧。,最高にハイな次元ってヤツだ。 ,저 지루한 옛날 큐브 좀 보세요. 떠 있지도 않잖아요. 분명 비참한 기분일 겁니다.,看看你那些無聊的立方體，連一點都不漂浮。我猜你為此很難受吧。,"Regardez vos vieux cubes sans intérêt, qui ne flottent même pas un peu… Je parie que ça vous déprime.","Твои скучные кубы даже неспособны подняться в воздух. Обидно, да?","Olha pros seus cubos velhos e chatos, eles sequer flutuam. Aposto que você fica triste só de pensar neles.","Mira tus viejos y aburridos cubos, ni siquiera flotan un poquito. Seguro te hace sentir mal."
<!MissingKey:451:White Rook>,White Rook,Weißer Turm,白色城堡,白のルーク,화이트 룩,白色城堡,Tour blanche,Светлая ладья,Torre Branca,Torre Blanca
<!MissingKey:452:$t[$affected items used $p_staminat stamina:] Use $p_mana $mana to regenerate $p_stamina stamina.>,$t[$affected items used $p_staminat stamina:] Use $p_mana $mana to regenerate $p_stamina stamina.,"$t[$affected Gegestand nutzt $p_staminat Ausdauer:] Nutze $p_mana $mana, um $p_stamina Ausdauer zu regenerieren.",$t[$affected的物品每消耗$p_staminat点耐力时：]消耗$p_mana点$mana来获得$p_stamina点耐力。,$t[$affectedにあるアイテムが$p_staminatスタミナ消費毎：]$p_mana $mana を消費して、スタミナを$p_stamina回復する,$t[$affected에 위치한 아이템이 스태미나를 $p_staminat 사용 시:] $mana를 $p_mana 사용해 스태미나를 $p_stamina 회복합니다.,$t[$affected的物品每消耗$p_staminat點耐力時：]消耗$p_mana點$mana來獲得$p_stamina點耐力。,$t[Les objets $affected utilisent $p_staminat d'endurance :] utilisez $p_mana $mana pour régénérer $p_stamina d'endurance.,"$t[Когда $affected предметы используют $p_staminat энергию:] использует $p_mana $mana, чтобы воссоздать $p_stamina энергии.",$t[Itens $affected usaram $p_staminat de vigor:] Usa $p_mana $mana para regenerar $p_stamina de vigor.,$t[$affected objetos usan $p_staminat de resistencia:] usas $p_mana $mana para regenerar $p_stamina de resistencia.
<!MissingKey:453:It draws energy from the dimension of shinyness.>,It draws energy from the dimension of shinyness.,Er schöpft seine Energie aus der Dimension der Glitzrigkeit.,会从其他次元汲取能量。,普段着にするにはちょっと勇気が要るかな。,반짝임 차원에서 에너지를 끌어다 쓰고 있습니다.,會從其他次元汲取能量。,Il tire son énergie de la dimension de la surbrillance.,Подпитывается энергией из измерения блестяшек.,Ele retira energia da dimensão do brilho.,Obtiene energía de la dimensión del brillo.
<!MissingKey:454:Add $h[4] backpack slots. $t[Item inside used buff:] Refund $p_buff% of the used buffs.>,Add $h[4] backpack slots. $t[Item inside used buff:] Refund $p_buff% of the used buffs.,Füge $h[4] Rucksackplätze hinzu. $t[Gegenstand darin nutzt Buff:] Erstatte $p_buff% der genutzt Buffs zurück.,增加$h[4]格背包槽位。$t[背包内物品消耗增益效果时：]重新获得$p_buff%消耗掉的增益效果。,バックパックのスロットを$h[4]追加する $t[中にあるアイテムがバフ消費時：]消費したバフの$p_buff%を再獲得する,배낭 슬롯을 $h[4]개 추가합니다. $t[내부에 위치한 아이템이 버프 사용 시:] 사용한 버프를 $p_buff% 돌려받습니다.,增加$h[4]格背包槽位。$t[背包內物品消耗增益效果時：]重新獲得$p_buff%消耗掉的增益效果。,Ajoutez $h[4] emplacements de sac à dos. $t[Les objets à l'intérieur ont utilisé un bonus :] restituez $p_buff % des bonus utilisés.,Добавляет $h[4] слота к рюкзаку. $t[Предмет внутри активировал усиление:] возвращает $p_buff% использованных усилений.,Adiciona $h[4] espaços na mochila. $t[Buff usado de item dentro:] Reembolsa $p_buff% dos buffs usados.,Añade $h[4] espacios a la mochila. $t[Objeto en su interior usa ventaja:] recuperas un $p_buff % de las ventajas usadas.
<!MissingKey:455:Add $h[6] backpack slots. >,"Add $h[6] backpack slots. 

 Items of $h[all classes] are offered in the shop. $t[Shop entered:] Spend all your $gold to generate random items. $t[$h[Class] item inside activates:] Gain $p_stamina maximum stamina.","Füge $h[6] Rucksackplätze hinzu. 

 Gegenstände $h[aller Klassen] werden im Laden angeboten. $t[Laden betreten:] Nutze all dein $gold, um zufällige Gegenstände zu erzeugen. $t[$h[Klassengegenstand] darin aktiviert:] Erhalte $p_stamina maximale Ausdauer.","增加$h[6]格背包槽位。

 $h[所有职业]的物品将在商店出售。$t[进入商店时：]花费全部$gold来生成一个随机物品。$t[背包内$h[职业]物品激活时：]获得$p_stamina点最大耐力。","バックパックのスロットを$h[6]追加する 

$h[全クラス]のアイテムがショップで売られるようになる $t[ショップ入店時：]すべての $gold を消費して、ランダムなアイテムを生成する $t[中にある$h[クラス]アイテム発動時：]スタミナ最大値が$p_stamina増える","배낭 슬롯을 $h[6]개 추가합니다.

$h[모든 직업]의 아이템이 상점에 등장합니다. $t[상점 진입 시:] 모든 $gold를 소모해 무작위 아이템을 생성합니다. $t[내부에 위치한 $h[직업] 아이템 발동 시:] 최대 스태미나를 $p_stamina 획득합니다. ","增加$h[6]格背包槽位。

 $h[所有職業]的物品將在商店出售。$t[進入商店時：]花費全部$gold來生成一個隨機物品。$t[背包內$h[職業]物品啟動時：]獲得$p_stamina點最大耐力。","Ajoutez $h[6] emplacements de sac à dos. 

 Des objets de $h[Toutes classes] sont disponibles dans la boutique. $t[En entrant dans la boutique :] dépensez tout votre $gold pour générer des objets aléatoires. $t[En activant un objet de $h[Classe] à l'intérieur :] gagnez $p_stamina d'endurance max.","Добавляет $h[6] слотов к рюкзаку. 

 Предметы $h[всех классов] будут продаваться в магазине. $t[Переход в магазин:] расходует все $gold героя, чтобы создать случайные предметы. $t[При срабатывании $h[классовых] предметов внутри сумки:] добавляет $p_stamina максимальной энергии.","Adiciona $h[6] espaços na mochila. 

 Itens de $h[todas as classes] são oferecidos na loja. $t[Ao entrar na loja:] Gasta todo o seu $gold para gerar itens aleatórios. $t[Item de $h[Classe] dentro ativa:] Ganha $p_stamina de vigor máximo.","Añade $h[6] espacios a la mochila. 

 Objetos de $h[todas las clases] están disponibles en la tienda. $t[Al entrar en la tienda:] gastas todo tu $gold para crear objetos al azar. $t[Al activarse un objeto de $h[clase] en su interior:] obtienes $p_stamina resistencia máxima."
<!MissingKey:456:Cold Mirror>,Cold Mirror,Spiegel der Kälte,霜冻魔镜,コールドミラー,차가운 거울,霜凍魔鏡,Miroir froid,Морозное зеркало,Espelho Gelado,Espejo frío
<!MissingKey:457:Chance to find $treasure-items +$p_uniques%. >,"Chance to find $treasure-items +$p_uniques%. 
 You can obtain +$p_uniquest $treasure-items. $t[Start of battle:] Gain $p_luck $lucky for each \~$affected $nature-item and $p_luck2 $lucky for each \~$affected $treasure-item. $t[Every $cds:] Use $p_luckt $lucky to steal $p_buffs other buffs. 

 Chance-based effects of the \~$affected2 items are $p_chance% more likely to trigger.","Chance $treasure-Gegenstände zu finden +$p_uniques%. 
 Du kannst +$p_uniquest $treasure-Gegenstände besitzen. $t[Kampfbeginn:] Erhalte $p_luck $lucky pro \~$affected $nature-Gegenstand und $p_luck2 $lucky pro \~$affected $treasure-Gegenstand. $t[Alle $cds:] Nutze $p_luckt $lucky, um $p_buffs andere Buffs zu stehlen. 

 Zufallseffekte der $affected2 Gegenstände sind $p_chance% wahrscheinlicher.","找到$treasure物品的几率+$p_uniques%。
你能多携带+$p_uniquest个$treasure物品。$t[战斗开始时：]每有一个$affected的$nature物品，获得$p_luck点$lucky，且每有一个$affected$treasure物品，还会获得$p_luck2点$lucky。$t[每$cds：]消耗$p_luckt点$lucky来偷取$p_buffs层其他增益效果。

基于几率触发的$affected2的物品获得$p_chance%触发几率加成。","$treasure アイテムの出現率 +$p_uniques% 
所持できる $treasure アイテム +$p_uniquest $t[バトル開始時：]$affectedにある $nature アイテム1個につき$p_luck $lucky を獲得し、$affectedにある $treasure アイテム1個につき$p_luck2 $lucky を獲得する $t[$cd秒毎：]$p_luckt $lucky を消費して、$lucky 以外の$p_buffsバフを奪う 

$affected2にあるアイテムの確率に基づく効果の発動確率が$p_chance%上がる","$treasure 아이템을 발견할 확률이 $p_uniques% 증가합니다.
$treasure 아이템을 $p_uniquest개 더 획득할 수 있습니다. $t[전투 시작 시:] $affected에 위치한 $nature 아이템마다 $lucky을 $p_luck, $affected에 위치한 $treasure 아이템마다 $lucky을 $p_luck2 획득합니다. $t[$cd초마다:] $lucky을 $p_luckt 사용해 다른 버프를 $p_buffs개 빼앗습니다.

$affected2에 위치한 확률 기반 효과를 지닌 아이템의 발동 확률이 $p_chance% 증가합니다.","找到$treasure物品的幾率+$p_uniques%。
你能多攜帶+$p_uniquest個$treasure物品。$t[戰鬥開始時：]每有一個$affected的$nature物品，獲得$p_luck點$lucky，且每有一個$affected$treasure物品，還會獲得$p_luck2點$lucky。$t[每$cds：]消耗$p_luckt點$lucky來偷取$p_buffs層其他增益效果。

基於幾率觸發的$affected2的物品獲得$p_chance%觸發幾率加成。","Chance de trouver des objets $treasure +$p_uniques %. 
 Vous pouvez obtenir +$p_uniquest objets $treasure. $t[Au début du combat :] gagnez $p_luck $lucky pour chaque objet $nature $affected et $p_luck2 $lucky pour chaque objet $treasure $affected. $t[Toutes les $cd s :] utilisez $p_luckt $lucky pour voler $p_buffs autres bonus. 

 Les effets de type chance des objets $affected2 ont $p_chance % de chances supplémentaires de se déclencher.","Шанс обнаружить $treasure-предметы +$p_uniques%. 
 Герой сможет получить +$p_uniquest $treasure-предметов. $t[Начало боя:] добавляет $p_luck $lucky за каждый $affected $nature-предмет и $p_luck2 $lucky за каждый $affected $treasure-предмет. $t[Раз в $cd сек.:] использует $p_luckt $lucky, чтобы украсть у противника до $p_buffs других усилений. 

 Вероятность срабатывания $affected2 предметов с шансом активации эффекта повышается на $p_chance%.","Chance de encontrar itens $treasure +$p_uniques%. 
 Você pode obter +$p_uniquest itens de $treasure. $t[Início da batalha:] Ganha $p_luck $lucky por cada item $nature $affected e $p_luck2 $lucky por cada item $treasure $affected. $t[A cada $cd s:] Usa $p_luckt $lucky para roubar $p_buffs outros buffs. 

 Efeitos baseados em chance dos itens $affected2 têm $p_chance% mais chance de ativar.","Probabilidad de encontrar objetos de $treasure +$p_uniques %. 
 Puedes obtener +$p_uniquest objetos de $treasure. $t[Al comienzo de la batalla:] obtienes $p_luck $lucky por cada $affected objeto $nature y $p_luck2 $lucky por cada $affected objeto $treasure. $t[Cada $cd s:] usas $p_luckt $lucky para robar $p_buffs ventajas. 

 Los efectos basados en probabilidad de los $affected2 objetos son un $p_chance % más probables de activarse."
<!MissingKey:458:Frog nobility is to be respected.>,Frog nobility is to be respected.,Froschadel verlangt Respekt.,青蛙贵族应当受到尊重。,キスすれば人間に戻るかもしれないけど、カエルにキスってけっこう気持ち悪いよね。,개구리의 고귀함은 존중받아야 합니다.,青蛙貴族應當受到尊重。,La noblesse des grenouilles doit être respectée.,Лягушачью аристократию следует уважать.,A nobreza do sapo deve ser respeitada.,La nobleza de la rana debe ser respetada.
<!MissingKey:459:Do not lick the frog. Big no-no.>,Do not lick the frog. Big no-no.,Nicht den Frosch anlecken. Einfach bitte nicht machen.,不要舔青蛙，真的不会变王子的。,ペロッ。これはドクガエル…！,개구리를 핥지 마세요. 절대로.,不要舔青蛙，真的不會變王子的。,Il est bien évidemment fortement déconseillé de lécher les grenouilles.,Не лижи лягушку. О-очень плохая идея.,Não lamba o sapo. Não e não.,No lamas a la rana. Prohibidísimo.
<!MissingKey:460:$red[Base stamina regeneration] -$p_staminaregen%. >,"$red[Base stamina regeneration] -$p_staminaregen%. 

 $rage[Battle Rage] lasts $p6s longer. 

 Return damage limit of $spikes against \~$melee- and $ranged-attacks +$p_spikedam%. $t[On attacked ($melee/$ranged):] $chance% chance to prevent $p_damblock damage, remove \~$p_stamina stamina from opponent, and gain $p_spikes $spikes (up to $p_maxspikes).","$red[Basis-Ausdauerregeneration] -$p_staminaregen%. 

 $rage[Kampfrausch] hält $p6s länger an. 

 Schadensmaximum von $spikes gegen\~ $melee- und $ranged-Angriffe +$p_spikedam%. $t[Bei $melee/$ranged Angriff:] $chance% Chance,\~ $p_damblock Schaden zu vermeiden, \~$p_stamina Ausdauer vom Gegner zu entfernen und $p_spikes $spikes zu erhalten (bis zu $p_maxspikes).","$red[基础耐力恢复]-$p_staminaregen%。

 $rage[狂战士之怒]持续时间加长$p6s。

对抗$melee和$ranged攻击时$spikes的反弹伤害上限+$p_spikedam%。$t[被攻击时（$melee/$ranged）：]有$chance%的几率抵挡$p_damblock点伤害，还会移除对手$p_stamina点耐力，并获得$p_spikes层$spikes（最高$p_maxspikes）。","$red[基礎スタミナ回復量] -$p_staminaregen% 

$rage[バーサク]持続時間 +$p6秒 

$melee と $ranged に対する $spikes のダメージ上限 +$p_spikedam% $t[被攻撃時（$melee/$ranged）：]$chance%の確率で$p_damblockダメージを防ぎ、相手から$p_staminaスタミナを除去し、$p_spikes $spikes を獲得する（最大$p_maxspikesまで）","$red[기본 스태미나 재생량]이 $p_staminaregen% 감소합니다.

$rage[전투 격노]가 $p6초 더 길게 지속됩니다.

$melee와 $ranged 공격을 대상으로 가할 수 있는 $spikes의 최대 피해가 $p_spikedam% 증가합니다. $t[공격 받을 시 ($melee/$ranged):] $chance%의 확률로 피해를 $p_damblock 막고, 상대의 스태미나를 $p_stamina 제거하고, $spikes를 $p_spikes 획득합니다 (최대 $p_maxspikes).","$red[基礎耐力恢復]-$p_staminaregen%。

 $rage[狂戰士之怒]持續時間加長$p6s。

對抗$melee和$ranged攻擊時$spikes的反彈傷害上限+$p_spikedam%。$t[被攻擊時（$melee/$ranged）：]有$chance%的幾率抵擋$p_damblock點傷害，還會移除對手$p_stamina點耐力，並獲得$p_spikes層$spikes（最高$p_maxspikes）。","$red[Régénération d'endurance de base] -$p_staminaregen %. 

 $rage[Rage de combat] dure $p6 s en plus. 

 Limite de dégâts rendus de $spikes contre les attaques $melee et $ranged +$p_spikedam %. $t[En recevant une attaque ($melee/$ranged) :] $chance % de chance d'empêcher $p_damblock dégâts, de retirer $p_stamina d'endurance à l'adversaire et de gagner $p_spikes $spikes (jusqu'à $p_maxspikes).","$red[Базовое восстановление энергии] -$p_staminaregen%. 

 $rage[Ярость] длится на $p6 сек. дольше. 

 Лимит возвращаемого $spikes урона от $melee/$ranged-атак +$p_spikedam%. $t[При входящей атаке ($melee/$ranged):] шанс $chance% заблокировать $p_damblock ед. урона, отнять у противника $p_stamina ед. энергии и получить $p_spikes $spikes (макс.: $p_maxspikes).","$red[Regeneração base de vigor] -$p_staminaregen%. 

 $rage[Fúria de Combate] dura $p6 s a mais. 

 Limite de dano retornado de $spikes contra $melee- e ataques $ranged e +$p_spikedam%. $t[Ao sofrer ataque ($melee/$ranged):] $chance% de chance de prevenir $p_damblock de dano, remover $p_stamina de vigor do oponente e ganhar $p_spikes $spikes (até $p_maxspikes).","$red[Regeneración de resistencia básica] -$p_staminaregen %. 

 $rage[Rabia de batalla] dura $p6 s más. 

 Límite de daño devuelto de $spikes contra ataques $melee y $ranged +$p_spikedam %. $t[Al recibir un ataque ($melee/$ranged):] $chance % de probabilidad de prevenir $p_damblock daño, retirar $p_stamina de resistencia al rival, y obtener $p_spikes $spikes ($p_maxspikes)."
"<!MissingKey:461:$t[Every $cds:] Emit $charge[4 charges], traveling >","$t[Every $cds:] Emit $charge[4 charges], traveling 
$h[1]$lightning every $p1s. 

 When they reach an item, gain $p_mana1 $mana. If it is $magic, gain $p_mana2 $mana instead.","$t[Alle $cds:] Erzeuge $charge[4 Ladungen], die sich $h[1]$lightning alle $p1s bewegen. 

 Wenn sie einen Gegenstand erreichen, erzeuge $p_mana1 $mana. Ist der Gegenstand $magic, erhalte statdessen $p_mana2 $mana.","$t[每$cds：]发射$charge[4个电荷]，每$p1s移动$h[1]$lightning。

当它们移动到一个物品上时，获得$p_mana1点$mana。如果该物品是$magic物品，则改为获得$p_mana2点$mana。","$t[$cd秒毎：]$charge[電荷4つ]を放出する。$h[電荷]は$p1秒ごとに $lightning $h[1]マスを移動する

$h[電荷]がアイテムに到達した時、$p_mana1 $mana を獲得する。そのアイテムが $magic の場合、$p_mana2 $mana を獲得する","$t[$cd초마다:] $p1초마다 $h[1]$lightning를 이동하는 $h[전하 4개]를 방출합니다.

그 전하들이 아이템에 도달 시, $mana를 $p_mana1 획득합니다. 그 아이템이 $magic 아이템일 시, 그 대신 $mana를 $p_mana2 획득합니다.","$t[每$cds：]發射$charge[4個電荷]，每$p1s移動$h[1]$lightning。

當它們移動到一個物品上時，獲得$p_mana1點$mana。如果該物品是$magic物品，則改為獲得$p_mana2點$mana。","$t[Toutes les $cd s :] émettez $charge[4 Charges], parcourant 
$h[1]$lightning toutes les $p1 s. 

 Lorsqu'elles atteignent un objet, gagnez $p_mana1 $mana. S'il s'agit de $magic, gagnez $p_mana2 $mana à la place.","$t[Раз в $cd сек.:] выпускает $charge[4 заряда], перемещающихся на 
$h[1] $lightning-слот каждые $p1 сек. 

 Когда они достигают предмета, герой получает $p_mana1 $mana. Если это $magic-предмет, вместо этого добавляет $p_mana2 $mana.","$t[A cada $cd s:] Emite $charge[4 cargas], percorrendo $h[1]$lightning a cada $p1 s. 

 Quando elas alcançam um item, ganha $p_mana1 $mana. Se for $magic, ganha $p_mana2 $mana.","$t[Cada $cd s:] Emite $charge[4 cargas] que se trasladan 
$h[1]$lightning cada $p1 s. 

 Cuando alcanzan un objeto, obtiene $p_mana1 $mana. Si es $magic, obtiene $p_mana2 $mana en su lugar."
<!MissingKey:462:Fortuna sends smooches.>,Fortuna sends smooches.,Fortuna schickt 'nen dicken Schmatzer!,来自财富女神的香吻。,ブッチュウウウー、ズゾゾゾ、ヂュウウウ。,포르투나가 당신에게 구애합니다.,來自財富女神的香吻。,Fortuna vous envoie toute sa tendresse.,Фортуна поставила вам лайк!,Fortuna manda beijinhos.,Fortuna te envía cariñitos.
"<!MissingKey:463:Resistance is very worthwhile, actually.>","Resistance is very worthwhile, actually.",Widerstand ist tatsächlich sehr sinnvoll.,其实电阻还是很有价值的。,実際は、抵抗は無意味だなんてことはないよね。,"사실, 저항은 매우 큰 가치를 지닙니다.",其實電阻還是很有價值的。,La résistance est à vrai dire toujours très utile.,Сопротивление - штука полезная. Правда-правда!,"Resistir é importante, na verdade.",La resistencia vale mucho la pena.
"<!MissingKey:464:$t[Every $cds:] Use $p_healtht health to deal $dam $effect damage and gain $p_mana $mana $m[or] $p_luck $lucky $m[or] \~$p_regen $regen, depending on what you have the most of. >","$t[Every $cds:] Use $p_healtht health to deal $dam $effect damage and gain $p_mana $mana $m[or] $p_luck $lucky $m[or] \~$p_regen $regen, depending on what you have the most of. 

 You deal +$p_dam% $effect-damage for each \~$affected $dark-item ($h[Spells] count twice).","$t[Alle $cds:] Nutze $p_healtht Leben, um $dam $effect Schaden zu verursachen und erhalte $p_mana $mana $m[oder] $p_luck $lucky $m[oder] $p_regen $regen, je nachdem, wovon du am meisten hast. 

 Du verursachst +$p_dam% $effect-Schaden pro $affected $dark-Gegenstand ($h[Zauber] zählen doppelt).","$t[每$cds：]消耗$p_healtht点生命值，造成$dam点$effect伤害，并获得$p_mana点$mana$m[或]$p_luck点$lucky$m[或]$p_regen层$regen，取决于你拥有最多的效果类型。

每有一个$affected的$dark物品，你造成的$effect伤害+$p_dam%（$h[法术]计算两次）。","$t[$cd秒毎：]$p_healtht体力を消費して、$dam $effect ダメージを与え、$p_mana $mana $m[または]$p_luck $lucky $m[または]$p_regen $regen のうち一番持っているのが多いバフを獲得する

$affectedにある $dark アイテム1個につき自分の与える $effect ダメージ +$p_dam%（$h[呪文]は2個扱い）","$t[$cd초마다:] 체력을 $p_healtht 사용해 $effect 피해를 $dam 가하고, $p_mana $mana $m[혹은] $p_luck $lucky $m[혹은] $p_regen $regen 중, 가장 많이 지닌 것을 획득합니다.

$affected에 위치한 $dark 아이템마다 가하는 $effect 피해량이 $p_dam% 증가합니다 ($h[주문]은 두 번 계산됩니다).","$t[每$cds：]消耗$p_healtht點生命值，造成$dam點$effect傷害，並獲得$p_mana點$mana$m[或]$p_luck點$lucky$m[或]$p_regen層$regen，取決於你擁有最多的效果類型。

每有一個$affected的$dark物品，你造成的$effect傷害+$p_dam%（$h[法術]計算兩次）。","$t[Toutes les $cd s :] utilisez $p_healtht PV pour infliger $dam de dégâts $effect et gagner $p_mana $mana $m[ou] $p_luck $lucky $m[ou] $p_regen $regen, en fonction de celui dont vous disposez le plus. 

 Vous infligez +$p_dam % de dégâts $effect pour chaque objet $dark$affected (les $h[Sorts] comptent deux fois).","$t[Раз в $cd сек.:] использует $p_healtht здоровья, чтобы нанести $dam $effect урона, и добавляет $p_mana $mana $m[или] $p_luck $lucky $m[или] $p_regen $regen, в зависимости от того, какого эффекта у героя больше всего. 

 Герой наносит +$p_dam% $effect-урона за каждый $affected $dark-предмет ($h[заклятия] считаются за 2 предмета).","$t[A cada $cd s:] Usa $p_healtht de vida para causar $dam de dano $effect e ganhar $p_mana $mana $m[ou] $p_luck $lucky $m[ou] $p_regen $regen, dependendo do que você tiver mais. 

 Você causa +$p_dam% de dano-$effect por cada item-$dark $affected ($h[Feitiços] contam duas vezes).","$t[Cada $cd s:] Usa $p_healtht PS para infligir $dam $effect de daño y obtener $p_mana $mana $m[o] $p_luck $lucky $m[o] $p_regen $regen, según de cuál tengas más. 

 Infliges +$p_dam % $effect de daño por cada $affected objeto de $dark (los $h[hechizos] cuentan doble)."
<!MissingKey:465:I'd prefer two rooks over a queen any day if you know what I mean.>,I'd prefer two rooks over a queen any day if you know what I mean.,"Ich hätte ja lieber zwei Türme als eine Königin, wenn ihr versteht was ich meine.",两个“车”比一个“皇后”管用。,実はコイツは曲がったことが大嫌いなんだ。,"아시는 분은 아시겠지만, 퀸 하나보단 룩 둘이 더 낫습니다.",兩個“車”比一個“皇后”管用。,"Je préfère deux tours à une reine, si vous voyez ce que je veux dire.","Две ладьи лучше ферзя, если вы понимаете, о чем я.","Eu preferiria duas torres a uma rainha qualquer dia, se é que você me entende.","Prefiero dos torres antes que una reina cualquier día, ¿me entiendes?"
<!MissingKey:466:By the power of cupcakes!>,By the power of cupcakes!,Mit der Kraft der Muffins!,以杯糕之力！,ケーキだからって甘く見ないで！カップケーキ・マジカル・パワー！,컵케이크의 힘으로!,以杯糕之力！,Par le pouvoir des petits gâteaux !,"Да пребудут с нами кексики, вперед!",Pelo poder dos cupcakes!,¡Por el poder de las magdalenas!
"<!MissingKey:467:Batteries are healthy for dragons, actually.>","Batteries are healthy for dragons, actually.",Batterien sind tatsächlich sehr gesund für Drachen.,其实电池对龙很健康。,実はバッテリーはドラゴンの健康にいいんだよ。,"사실, 배터리는 용들에게 좋지 않습니다.",其實電池對龍很健康。,"Les piles ne sont pas nocives pour les dragons, en réalité.","Батарейки, вообще-то, полезны для драконов.",Você sabia que bateria é um alimento saudável para dragões?,"En realidad, las baterías son saludables para los dragones."
<!MissingKey:468:Maximum Health Gain Amplification: {val}>,Maximum Health Gain Amplification: {val},Maximallebensverstärkung: {val},最大生命值获取增幅：{val},体力獲得増加：{val},최대 체력 획득 증폭: {val},最大生命值獲取增幅：{val},Amplification de gain de PV max : {val},Усиление прироста максимального здоровья: {val},Amplificação de Ganho de Vida Máxima: {val},Amplificación de obtención de PS máx.: {val}
<!MissingKey:469:It just goes and goes and goes...>,It just goes and goes and goes...,"Es läuft, und läuft, und läuft...",它就这么一直转啊转啊转……,止まるんじゃねぇぞ。,그저 계속해서 나아갑니다...,它就這麼一直轉啊轉啊轉……,"Et ça continue, encore et encore…",Работает и работает… и так бесконечно...,"Nunca para, nunca, nunca, nunca...",Se mueve y se mueve…
<!MissingKey:470:$t[On buy:] Split into four cubes that can advance the cooldowns of your items based on varying conditions.>,$t[On buy:] Split into four cubes that can advance the cooldowns of your items based on varying conditions.,"$t[Bei Kauf:] Zerteilt sich in vier Würfel, die auf verschiedene Arten Abklingzeiten beschleunigen.",$t[购买此物品时：]分裂为四个立方体，根据不同的条件推进你物品的冷却进度。,$t[購入時：]様々な条件でアイテムのクールダウンを進める、4個のキューブに分かれる,$t[구매 시:] 다양한 조건에 따라 아이템의 재사용 대기 시간을 앞당길 수 있는 4개의 입방체로 나눠집니다.,$t[購買此物品時：]分裂為四個立方體，根據不同的條件推進你物品的冷卻進度。,$t[À l'achat :] Se divise en quatre cubes pouvant réduire le temps de recharge de vos objets en fonction de différentes conditions.,"$t[При покупке:] разделяется на четыре куба, которые могут сокращать время перезарядки предметов при различных условиях.",$t[Ao comprar:] Divide-se em quatro cubos que aceleram a recarga de seus itens com base em diferentes condições.,$t[Al comprarlo:] Dividido en cuatro cubos que pueden adelantar los tiempos de recarga de tus objetos según distintas condiciones.
<!MissingKey:471:Weaponmaster>,Weaponmaster,Waffenmeister,武器大师,ウェポンマスター,웨펀마스터,武器大師,Maître d'armes,Мастер оружия,Mestre das Armas,Maestro armero
Spirit Companion_DESCR,You can only have $h[1] $h[Spirit Companion].,Du kannst nur $h[1] $h[Geistgefährten] haben.,你只能拥有$h[1]只$h[幽灵动物伙伴]。,$h[精霊]は$h[1]体しか従えられない,$h[동료 영혼]은 $h[1]개만 보유할 수 있습니다.,你只能擁有$h[1]只$h[幽靈動物夥伴]。,Vous ne pouvez avoir que $h[1] $h[Compagnon spirituel].,У героя может быть только $h[1] $h[фамильяр].,Você só pode ter $h[1] $h[Companheiro Espiritual].,Solo puedes tener $h[1] $h[compañero espiritual].
,,,,,,,,,,
"<!MissingKey:474:$t[$p1 $affected item activations:] Heal for $p2, gain $block $bl, $p3 $vampirism and $p4 buffs of the type you have most of, inflict \~$p5 $blind, and $affected $h[Weapons] gain \~$p6 damage.>","$t[$p1 $affected item activations:] Heal for $p2, gain $block $bl, $p3 $vampirism and $p4 buffs of the type you have most of, inflict \~$p5 $blind, and $affected $h[Weapons] gain \~$p6 damage.","$t[$p1 $affected Gegenstand-Aktivierungen:] Heile $p2, erhalte $block $bl, $p3 $vampirism und \~$p4 Buffs des Typs, von dem du am meisten hast, verursache $p5 $blind, und erhöhe den Schaden von \~$affected $h[Weapons] um $p6.",$t[$affected的物品激活达到$p1次：]恢复$p2点生命值，获得$block点$bl，还有$p3层$vampirism，$p4层你现有层数最多的增益效果。向对手施加$p5层$blind，$affected的$h[武器]获得$p6点伤害加成。,$t[$affectedにあるアイテム$p1回発動時：]体力を$p2回復し、$block $bl と$p3 $vampirism と一番多いバフを$p4獲得し、$p5 $blind を付与する。さらに$affectedにある$h[武器]のダメージ値が$p6増える,"$t[$affected에 위치한 아이템이 $p1회 발동 시:] 체력을 $p2 회복하고, $bl를 $block, $vampirism을 $p3, 보유한 버프 중 가장 많은 버프를 $p4 획득하고, $blind을 $p5 부여하고, $affected에 위치한 $h[무기]가 가하는 피해가 $p6 증가합니다.",$t[$affected的物品啟動達到$p1次：]恢復$p2點生命值，獲得$block點$bl，還有$p3層$vampirism，$p4層你現有層數最多的增益效果。向對手施加$p5層$blind，$affected的$h[武器]獲得$p6點傷害加成。,"$t[En activant l'objet $p1 $affected :] guérissez de $p2, gagnez $block $bl, $p3 $vampirism et $p4 bonus du type dont vous disposez le plus, infligez $p5 $blind, et les $h[Armes] $affected gagnent $p6 de dégâts.","$t[При срабатывании $p1 $affected предметов:] восстанавливает $p2 здоровья, добавляет $block $bl, $p3 $vampirism и до $p4 усилений того типа, которых у героя больше всего, накладывает $p5 $blind, а $affected $h[оружие] повышает урон на $p6.","$t[$p1 ativações de itens $affected:] Cura $p2, ganha $block $bl, $p3 $vampirism e $p4 buffs do tipo que você tem em maior quantidade, inflige $p5 $blind, e $h[Armas] $affected ganham $p6 de dano.","$t[Al activar $p1 $affected objetos:] te curas $p2, obtienes $block $bl, $p3 $vampirism y $p4 ventajas del tipo que más tengas, aplicas $p5 $blind, y los $affected $h[armas] obtienen $p6 de daño."
,,,,,,,,,,
Perfect Amethyst_DESCR,$c[Weapon sockets:] $m[On hit:] $chance% chance to remove $p_buffs random buffs from your opponent. $c[Armor & other sockets:] Reduce opponent’s healing by $p1%. $c[Backpack:] $m[Every $cds:] Cleanse $h[1] debuff. ,"$c[Waffensockel:] $m[Bei Treffer:] $chance% Chance, $p_buffs Buffs vom Gegner zu entfernen. $c[Rüstung & andere Sockel:] Gegnerische Heilung ist um $p1% reduziert. $c[Rucksack:] $m[Alle $cds:] Entferne $h[1] Debuff. ",$c[放入武器槽：] $m[击中对手：]将有$chance%的几率移除对手$p_buffs个随机增益效果。$c[放入护甲或其他槽：] 对手的生命值恢复效果降低$p1%。$c[放入背包：] $m[每$cds：]净化自身$h[1]个随机减益效果。,$c[武器に装着：]$m[ヒット時：]$chance%の確率で相手から$p_buffsバフを除去する $c[非武器に装着：]相手の回復量 -$p1% $c[バックパックに配置：]$m[$cd秒毎：]$h[1]デバフを解除する,$c[무기 소켓:] $m[적중 시:] $chance%의 확률로 상대의 무작위 버프를 $p_buffs개 제거합니다. $c[방어구 및 기타 소켓:] 상대의 회복량이 $p1% 감소합니다. $c[배낭:] $m[$cd초마다:] 디버프를 $h[1]개 정화합니다.,$c[放入武器槽：] $m[擊中對手：]將有$chance%的幾率移除對手$p_buffs個隨機增益效果。$c[放入護甲或其他槽：] 對手的生命值恢復效果降低$p1%。$c[放入背包：] $m[每$cds：]淨化自身$h[1]個隨機減益效果。,$c[Emplacements d'armes :] $m[Par coup :] $chance % de chance de retirer $p_buffs bonus aléatoires à votre adversaire. $c[Armure et autres emplacements :] réduisez la guérison de votre adversaire de $p1 %. $c[Sac à dos :] $m[Toutes les $cd s :] purgez $h[1] malus aléatoire.,$c[В слоте оружия:] $m[При попадании:] шанс $chance% снять до $p_buffs случайных усилений с противника. $c[В слоте брони/в другом слоте:] Эффекты восстановления здоровья противника снижаются на $p1%. $c[В рюкзаке:] $m[Раз в $cd сек.:] снимает с героя $h[1] негативный эффект.,$c[Soquetes de armas:] $m[Ao acertar:] $chance% de chance de remover $p_buffs buffs aleatórios do seu oponente. $c[Demais soquetes:] Reduz a cura do oponente em $p1%. $c[Mochila:] $m[A cada $cd s:] Purifica $h[1] debuff.,$c[Ranuras de arma:] $m[Al golpear:] $chance % de probabilidad de retirar $p_buffs ventajas al azar al rival. $c[Ranuras de armadura y otras:] reduces la curación del rival un $p1 %. $c[Mochila:] $m[Cada $cd s:] purgas $h[1] desventaja.
<!MissingKey:477:Wand of Dissonance>,Wand of Dissonance,Stab der Dissonanz,失调魔棒,不協和のワンド,부조화의 완드,失調魔棒,Baguette de dissonance,Жезл диссонанса,Varinha da Dissonância,Varita de disonancia
"<!MissingKey:478:$t[Every $cds:] Cleanse a debuff. If you have no debuffs, heal for $p_heal. >","$t[Every $cds:] Cleanse a debuff. If you have no debuffs, heal for $p_heal. 

 Triggers $p_speed% faster for each \~$affected $holy-item.","$t[Alle $cds:] Entferne einen Debuff. Wenn du keine Debuffs hast, \~heile $p_heal. 

 Aktiviert $p_speed% schneller pro \~$affected $holy-Gegenstand.","$t[每$cds：]净化一层减益效果。如果你没有减益效果，则恢复$p_heal点生命值。

 每有一个$affected的$holy物品，卷轴的触发速度快$p_speed%。","$t[$cd秒毎：]1デバフを解除する。デバフがない場合、体力を$p_heal回復する 

$affectedにある $holy アイテム1個につき使用速度が$p_speed%上がる","$t[$cd초마다:] 디버프를 정화합니다. 보유한 디버프가 없다면, 체력을 $p_heal 회복합니다.

$affected에 위치한 $holy 아이템마다$p_speed% 빠르게 발동합니다.","$t[每$cds：]淨化一層減益效果。如果你沒有減益效果，則恢復$p_heal點生命值。

 每有一個$affected的$holy物品，卷軸的觸發速度快$p_speed%。","$t[Toutes les $cd s :] purgez un malus. Si vous n'avez pas de malus, guérissez de $p_heal. 

 Se déclenche $p_speed % plus vite pour chaque objet $holy $affected.","$t[Раз в $cd сек.:] снимает негативный эффект. Если у героя нет негативных эффектов, восстанавливает герою $p_heal здоровья. 

 Срабатывает на $p_speed% чаще за каждые $affected $holy-предмет.","$t[A cada $cd s:] Purifica um debuff. Se não tiver debuffs, cura $p_heal. 

 Ativa $p_speed% mais rápido por cada item $affected do tipo $holy.","$t[Cada $cd s:] purgas una desventaja. Si no tienes desventajas, te curas $p_heal. 

 Se activa un $p_speed % más rápido por cada $affected objeto $holy."
<!MissingKey:479:Halberd>,Halberd,Hellebarde,长戟,ハルバード,할버드,長戟,Hallebarde,Алебарда,Alabarda,Alabarda
<!MissingKey:480:Gained {stamina} maximum stamina ({origin}).>,Gained {stamina} maximum stamina ({origin}).,{stamina} maximale Ausdauer erhalten ({origin}).,获得{stamina}点最大耐力（{origin}）。,スタミナ最大値が{stamina}増えた（{origin}）。,최대 스태미나 {stamina} 획득 ({origin}).,獲得{stamina}點最大耐力（{origin}）。,{stamina} d'endurance max gagnée ({origin}).,Максимальная энергия повышена на {stamina} ед. ({origin}).,Ganhou {stamina} de vigor máxima ({origin}).,Obtuviste {stamina} de resistencia máxima ({origin}).
<!MissingKey:481:Artificer>,Artificer,Magieschmied,巧匠,アーティフィサー,기계공학자,巧匠,Artificier,Артефактор,Artífice,Artífice
<!MissingKey:482:Invite some friends to your frienzy!>,Invite some friends to your frienzy!,Blinde Raser sind beim Ordnungsamt zu melden.,把陪朋友叫过来一起狂欢！,この魔法でお友達を怒らせよう！,친구들과 함께 광란의 파티를!,把陪朋友叫過來一起狂歡！,Invitez donc vos amis à se joindre à votre frénésie !,Время созвать друзей на веселую темную вакханалию!,Convide alguns amigos para o seu frenesi!,¡Invita a tus amigos a tu frenesí!
"<!MissingKey:483:If you have $h[exactly 2] stamina-using $h[Weapons], both attack $p_speed% faster and use -$p_stamina% stamina. >","If you have $h[exactly 2] stamina-using $h[Weapons], both attack $p_speed% faster and use -$p_stamina% stamina. ","Wenn du $h[genau 2] Ausdauernutzende $h[Waffen] hast, greifen beide $p_speed% schneller an und nutzen -$p_stamina% Ausdauer.",如果你$h[正好拥有两把]消耗耐力的$h[武器]，两把武器的攻击速度都加快$p_speed%且耐力消耗-$p_stamina%。,スタミナを消費する$h[武器]を$h[ちょうど2個]持っている場合、両方の武器の使用速度が$p_speed%上がり、スタミナ消費値 -$p_stamina%,"스태미나를 사용하는 $h[무기]를 $h[정확히 2개] 보유 시, 두 무기가 $p_speed% 빠르게 공격하고 스태미나를 $p_stamina% 적게 사용합니다.",如果你$h[正好擁有兩把]消耗耐力的$h[武器]，兩把武器的攻擊速度都加快$p_speed%且耐力消耗-$p_stamina%。,"Si vous avez $h[exactement 2] $h[Armes] utilisant de l'endurance, les deux attaquent $p_speed % plus vite et utilisent $p_stamina % d'endurance en moins.","Если у героя $h[ровно 2] $h[оружия], использующих энергию, оба этих оружия атакуют на $p_speed% чаще и затрачивают на $p_stamina% меньше энергии.","Se você tiver $h[exatamente 2] $h[Armas] que usam vigor, ambas atacam $p_speed% mais rápido e usam -$p_stamina% de vigor.","Si tienes $h[exactamente 2] $h[armas] que usan resistencia, ambas atacan un $p_speed % más rápido y usan -$p_stamina % de resistencia."
<!MissingKey:484:Amulet of Fortune>,Amulet of Fortune,Amulet des Glücks,财富护符,幸福のアミュレット,운명의 아뮬렛,財富護符,Amulette de fortune,Амулет удачи,Amuleto da Sorte,Amuleto de la fortuna
<!MissingKey:485:Heal Amplification: {val}>,Heal Amplification: {val},Heilungsverstärkung: {val},生命值恢复加强：{val},回復量増加：{val},치유 증폭: {val},生命值恢復加強：{val},Amplification de guérison : {val},Улучшенное восстановление здоровья: {val},Amplificação de Cura: {val},Amplificación de curación: {val}
<!MissingKey:486:$t[On attack:] Lose $p_selfdam health. $t[Before defeat:] Use all your $heat to $h[reincarnate] with $p_reincarnate_health health per $heat (once). >,"$t[On attack:] Lose $p_selfdam health. $t[Before defeat:] Use all your $heat to $h[reincarnate] with $p_reincarnate_health health per $heat (once). 

 Gains $chance% critical hit chance per \~$affected $fire-item. 

 Counts as $p_fire $fire-items.","$t[Bei Angriff:] Verliere $p_selfdam Leben. $t[Vor Niederlage:] Nutze all deine $heat und $h[reinkarniere] mit $p_reincarnate_health Leben pro $heat (einmalig). 

 Erhält $chance% kritische Trefferchance pro $affected $fire-Gegenstand. 

 Zählt als $p_fire $fire-Gegenstände.","$t[攻击时：]失去$p_selfdam点生命值。$t[被击败前：]消耗所有的$heat进行$h[重生]，每消耗一层$heat，获得$p_reincarnate_health点生命值（单次触发）。

每有一个$affected的$fire物品，获得$chance%暴击加成。

计为$p_fire个$fire物品。","$t[攻撃時：]体力を$p_selfdam失う$t[敗北直前：]すべての $heat を消費して、$heat 1スタックにつき体力$p_reincarnate_healthで$h[復活]する（1回のみ）

$affectedにある $fire アイテム1個につきクリティカル率 +$chance%

$fire アイテム$p_fire個として扱われる","$t[공격 시:] 체력을 $p_selfdam 잃습니다. $t[패배 전:] 모든 $heat를 사용해 $heat마다 $p_reincarnate_health의 체력을 지닌 상태로 $h[부활]합니다 (한 번).

$affected에 위치한 $fire 아이템마다 $chance%의 치명타 확률을 획득합니다. $fire 아이템 $p_fire개로 계산됩니다.","$t[攻擊時：]失去$p_selfdam點生命值。$t[被擊敗前：]消耗所有的$heat進行$h[重生]，每消耗一層$heat，獲得$p_reincarnate_health點生命值（單次觸發）。

每有一個$affected的$fire物品，獲得$chance%暴擊加成。

計為$p_fire個$fire物品。","$t[Par attaque :] perdez $p_selfdam PV. $t[Avant la défaite :] utilisez toute votre $heat pour $h[ressusciter] avec $p_reincarnate_health de PV par $heat (une fois). 

 Gagnez $chance % de chance de coup critique par objet $fire $affected. 

 Compte comme $fire objets $p_fire.","$t[При атаке:] герой теряет $p_selfdam здоровья. $t[Перед поражением:] использует все эффекты $heat, чтобы $h[возродить] героя с $p_reincarnate_health ед. здоровья за каждый эффект $heat (один раз за бой). 

 Шанс критического удара повышается на $chance% за каждый $affected $fire-предмет. 

 Считается за $p_fire $fire-предметов.","$t[Ao atacar:] Diminui $p_selfdam de vida. $t[Antes de sofrer derrota:] Gasta todo o $heat para $h[reviver] com $p_reincarnate_health de vida por $heat (uma vez). 

 Ganha $chance% de chance de acerto crítico para cada item-$fire $affected. 

 Conta como itens-$fire $p_fire.","$t[Al atacar:] Pierde $p_selfdam PS. $t[Antes de la derrota:] Usa todo el $heat disponible para $h[resucitar] con $p_reincarnate_health PS por cada $heat (una vez). 

 Obtiene un $chance % de probabilidad de golpe crítico por cada $affected objeto de $fire. 

 Cuenta como $p_fire objeto(s) de $fire."
<!MissingKey:487:The correct name for the piece is “Horsie”.>,The correct name for the piece is “Horsie”.,"Der korrekte Name ist ""Pferdchen"".",有的地方这个叫做“马”。,贅沢な名だね。今からコイツの名前は「馬」だ。,"사실, 진짜 이름은 ""말식이""라고 합니다.",有的地方這個叫做“馬”。,Je crois que le terme technique pour désigner cette pièce c'est « Dada ».,Правильное название фигуры — «лошадка». Не спорьте со мной.,"O nome correto para a peça é ""Cavalinho"".",El nombre correcto de la pieza es «Caballito».
<!MissingKey:488:Hypercube>,Hypercube,Hyperwürfel,超立方体,ハイパーキューブ,초입방체,超立方體,Hypercube,Гиперкуб,Hipercubo,Hipercubo
<!MissingKey:489:Mercury Elemental>,Mercury Elemental,Quecksilberelementar,水银元素,水銀のエレメンタル,수은 정령,水銀元素,Élémentaire de mercure,Ртутный элементаль,Elemental de Mercúrio,Elemental de mercurio
"<!MissingKey:490:Is it the most boring thing you can do with flour? Not at all, but compared to a flour explosion it's still rather plain.>","Is it the most boring thing you can do with flour? Not at all, but compared to a flour explosion it's still rather plain.","Ist das die langweiligste Sache, die man mit Mehl machen kann? Bei weitem nicht. Aber verglichen mit einer Mehlstaubexplosion ist es gar nichts.",这是用面粉能做的最无聊的事情吗？当然不是，但和面粉爆炸比起来还是很普通。,食パンのキャラがいたとしたら菌のキャラとだけは結ばれないだろうね。,"밀가루로 할 수 있는 가장 지루한 일이라고 하면 전혀 아니겠지만, 밀가루 폭발에 비하면 평범하네요.",這是用麵粉能做的最無聊的事情嗎？當然不是，但和麵粉爆炸比起來還是很普通。,"Est-ce que c'est la chose la plus nulle que l'on puisse faire avec de la farine ? Pas du tout, mais comparé à une explosion de farine, c'est toujours ça…","Думаешь, это самое скучное, что можно сделать из муки? Неа. Но по сравнению с мучным взрывом, конечно, пресновато.","Seria essa a coisa mais sem graça que dá pra fazer com farinha? Não, mas comparado a explosões de farinha, com certeza é bem sem graça.","¿Es lo más aburrido que se puede hacer con harina? Para nada, pero comparado con una explosión de harina, sigue siendo bastante simple."
<!MissingKey:491:$t[After $cds:] Inflict $p_blind $blind for $p2s. $t[While charged:] $affected items trigger $p_speed% faster.>,$t[After $cds:] Inflict $p_blind $blind for $p2s. $t[While charged:] $affected items trigger $p_speed% faster.,$t[Nach $cds:] Verursache $p_blind $blind für $p2s. $t[Geladen:] $affected Gegenstände aktivieren $p_speed% schneller.,$t[$cds后：]向对手施加$p_blind层$blind，持续$p2s。$t[获得电荷时：]$affected的物品触发速度快$p_speed%。,$t[$cd秒後：]$p2秒間 $p_blind $blind を付与する$t[通電中：]$affectedにあるアイテムの使用速度が$p_speed%上がる,$t[$cd초 후:] $p2초 동안 $blind를 $p_blind 부여합니다. $t[전하를 보유한 동안:] $affected에 위치한 아이템이 $p_speed% 빠르게 발동합니다.,$t[$cds後：]向對手施加$p_blind層$blind，持續$p2s。$t[獲得電荷時：]$affected的物品觸發速度快$p_speed%。,$t[Après $cd s :] infligez $p_blind $blind pendant $p2 s. $t[Pendant la charge :] les objets $affected se déclenchent $p_speed % plus vite.,$t[Через $cd сек.:] накладывает на противника $p_blind $blind на $p2 сек. $t[При заряде:] $affected предметы срабатывают на $p_speed% чаще.,$t[Após $cd s:] Inflige $p_blind $blind por $p2 s. $t[Carregado:] Itens $affected ativam-se $p_speed% mais rápido.,$t[Tras $cd s:] Inflige $p_blind $blind durante $p2 s. $t[Al cargarse:] Los $affected objetos se activan un $p_speed % más rápido.
<!MissingKey:492:$t[Capturing:] Inflict $p_debuffs random debuffs. $t[Eliminated:] Reduce opponent’s healing by $p_healreduction% and maximum health gain by $p_healthreduction%.>,$t[Capturing:] Inflict $p_debuffs random debuffs. $t[Eliminated:] Reduce opponent’s healing by $p_healreduction% and maximum health gain by $p_healthreduction%.,$t[Schlägt:] Verursache $p_debuffs zufällige Debuffs. $t[Wird eliminiert:] Reduziere gegnerische Heilung um $p_healreduction% und Maximallebenszuwachs um $p_healthreduction%.,$t[吃掉其他棋子时：]向对手施加$p_debuffs层随机减益效果。$t[被吃掉时：]削弱对手$p_healreduction%的生命恢复效果，还会削弱$p_healthreduction%获得的最大生命值。,$t[取る時：]$p_debuffsデバフを付与する $t[取られる時：]相手の回復量 -$p_healreduction%、相手の体力最大値増加 -$p_healthreduction%,"$t[포획 시:] 무작위 디버프를 $p_debuffs개 부여합니다. $t[제거될 시:] 상대의 회복량이 $p_healreduction%만큼, 증가하는 최대 체력이 $p_healthreduction%만큼 감소합니다.",$t[吃掉其他棋子時：]向對手施加$p_debuffs層隨機減益效果。$t[被吃掉時：]削弱對手$p_healreduction%的生命恢復效果，還會削弱$p_healthreduction%獲得的最大生命值。,$t[À la capture :] infligez $p_debuffs malus aléatoires. $t[À l'élimination :] réduisez la guérison de l'adversaire à hauteur de $p_healreduction % et le gain de PV max à hauteur de $p_healthreduction %.,"$t[При захвате:] накладывает до $p_debuffs случайных негативных эффектов. $t[При уничтожении:] снижает восстановление здоровья противника на $p_healreduction%, а его повышение максимального здоровья на $p_healthreduction%.",$t[Ao capturar:] Inflige $p_debuffs debuffs aleatórios. $t[Eliminado:] Reduz a cura do oponente em $p_healreduction% e o ganho de vida máxima em $p_healthreduction%.,$t[Al capturar:] aplicas $p_debuffs desventajas al azar. $t[Al ser eliminado:] reduces la curación del rival un $p_healreduction % y su ganancia de PS máx. un $p_healthreduction %.
"<!MissingKey:493:$t[$p1 $affected item activations:] Gain $p_luck $lucky. If you have at least $p_luckt $lucky, gain $p_regen $regen instead.>","$t[$p1 $affected item activations:] Gain $p_luck $lucky. If you have at least $p_luckt $lucky, gain $p_regen $regen instead.","$t[$p1 $affected Gegenstand-Aktivierungen:] Erhalte $p_luck $lucky. Wenn du mindestens\~ $p_luckt $lucky hast, erhalte stattdessen $p_regen $regen.",$t[$affected的物品激活达到$p1次：]获得$p_luck点$lucky。如果你至少有$p_luckt点$lucky，则会获得$p_regen层$regen。,$t[$affectedにあるアイテム$p1回発動時：]$p_luck $lucky を獲得する。$p_luckt $lucky 以上ある場合、代わりに$p_regen $regen を獲得する。,"$t[$affected에 위치한 아이템이 $p1회 발동 시:] $lucky을 $p_luck 획득합니다. $p_luckt 이상의 $lucky를 보유 시, 그 대신 $regen을 $p_regen 획득합니다.",$t[$affected的物品啟動達到$p1次：]獲得$p_luck點$lucky。如果你至少有$p_luckt點$lucky，則會獲得$p_regen層$regen。,"$t[En activant l'objet $affected $p1 :] gagnez $p_luck $lucky. Si vous avez au moins $p_luckt $lucky, gagnez $p_regen $regen à la place.","$t[При срабатывании $p1 $affected предметов:] добавляет $p_luck $lucky. Если у героя уже есть не менее $p_luckt $lucky, вместо этого добавляет $p_regen $regen.","$t[$p1 ativações de item $affected:] Ganha $p_luck $lucky. Se você tiver pelo menos $p_luckt $lucky, ganha $p_regen $regen no lugar.","$t[Al activar $p1 $affected objetos:] obtienes $p_luck $lucky. Si tienes al menos $p_luckt $lucky, obtienes $p_regen $regen en su lugar."
Mage_DESCR,Magic is a science that needs to be pursued rigorously and only suits the ones willing to take a challenge. The job of the Mage is to have the right amount of buffs at the right time while having everything meticulously organized. {items},"Magie ist eine Wissenschaft - daher muss sie mit Sorgfalt betrieben werden und enthält viele Herausforderungen. Ein Magier muss alles im Griff haben, er braucht die richtigen Buffs in richtiger Menge zur richtigen Zeit. {items}",魔法是一门需要严谨钻研的科学，只适合那些勇于接受挑战之人。法师的职责在于将万事万物分门别类安排妥当，并在正确时机施加恰到好处的增益效果。{items},魔法とは、徹底的に追い求めなければならない、困難をいとわない者にのみふさわしい学問。メイジの仕事は、万物の秩序を慎重に保ちながら適切なタイミングで適切な量のバフを得ることだ。{items},"마법은 정밀하게 추구되어야 하는 과학이며, 도전을 원하는 사람들에게만 적합합니다. 메이지의 임무는 모든 것을 정확하게 정리하면서, 적절한 양의 버프를 적절한 때에 지니는 것입니다. {items}",魔法是一門需要嚴謹鑽研的科學，只適合那些勇於接受挑戰之人。法師的職責在於將萬事萬物分門別類安排妥當，並在正確時機施加恰到好處的增益效果。{items},"La magie est une science qui doit être étudiée avec rigueur et qui ne convient qu'à celles et ceux disposés à relever un défi. Le rôle du mage consiste à utiliser les bons bonus au bon moment, tout en ayant tout méticuleusement organisé. {items}","Магия — это наука, которую нужно постигать со всем упорством и строгостью. Она подходит лишь тем, кто готов принять вызов. Путь мага — это искусство точности: вовремя усилить необходимое, и держать каждую деталь под строгим контролем. {items}","Magia é uma ciência que exige dedicação rigorosa e só serve para quem gosta de desafios. O papel do Mago é aplicar os buffs certos na hora certa, mantendo tudo meticulosamente organizado. {items}","La magia es una ciencia que hay que estudiar a fondo y solo es apta para los que se atreven con un reto de verdad. El trabajo del Mago es tener las ventajas exactas en el momento justo, todo súper organizado como si fuera un rompecabezas mágico. {items}"
<!MissingKey:495:You deal more $ranged-damage.>,You deal more $ranged-damage.,Du verursachst mehr $ranged-Schaden.,你的$ranged伤害增加。,与える $ranged ダメージが増加する,가하는 $ranged 피해가 증가합니다.,你的$ranged傷害增加。,Tous les dégâts infligés $ranged sont augmentés.,Ваш $ranged-урон повышается.,Seu dano $ranged causado é aumentado.,Tu daño $ranged infligido aumenta.
"<!MissingKey:496:The garbage in, garbage out principle in action.>","The garbage in, garbage out principle in action.","Alles eignet sich als Geschoss, mit der richtigen Einstellung.",这就是“垃圾进，垃圾出”的原则。,「ゴミを入れたら、ゴミが出てくる」を地で行く武器だよ。,쓰레기를 넣으면 쓰레기가 나옵니다.,這就是「垃圾進，垃圾出」的原則。,Le principe du « Tout ce qui rentre finit par ressortir » en action.,Что закинул - тем и швырнет. Таков закон вселенной.,"É a forma prática do princípio ""lixo entra, lixo sai"".","El principio de basura que entra, basura que sale en acción."
<!MissingKey:497:Gigawatz>,Gigawatz,Gigawatz,吉瓦特,ギガワット,기가와츠,吉瓦特,Gigowatts,Гигаватц,Gigawatz,Gigavatios
<!MissingKey:498:Mecha Bat>,Mecha Bat,Mechafledermaus,机械蝙蝠,メカバット,기계 박쥐,機械蝙蝠,Mécha-ailé-de-la-nuit,Меха-летучая мышь,Meca-morcego,Cibermurciélago
<!MissingKey:499:Stun Resistance>,Stun Resistance,Betäubungsresistenz,眩晕抵抗：{val},スタン耐性：{val},기절 저항: {val},眩暈抵抗：{val},Résistance d'étourdissement : {val},Игнорирование оглушения: {val},Resistência ao Atordoamento: {val},Resistencia a aturdimiento: {val}
UI_Subclasses,Subclasses:,Unterklassen:,子职业：,サブクラス：,보조 직업:,子職業：,Sous-classe :,Подклассы:,Subclasses:,Subclases:
"<!MissingKey:501:It needs water to grow, but in a weird way.>","It needs water to grow, but in a weird way.","Es braucht Wasser zum Wachsen, aber auf komische Art.",这花不用浇水，用冰块就行。,コレを持っても、氷の玉を出せたりはしないよ。,성장하기 위해서는 약간 다른 물이 필요합니다.,這花不用澆水，用冰塊就行。,"Il lui faut de l'eau pour pousser, mais pas comme on le croit.","Нуждается в воде, но полив будет малоэффективным.","Ela precisa de água para crescer, mas de um jeito estranho.","Necesita agua para crecer, pero de una forma extraña."
<!MissingKey:502:$h[Engineer] items are offered in the shop. >,"$h[Engineer] items are offered in the shop. 

 Items won’t fuse when entering the shop. $t[Shop entered:] Generate a $h[Cog]. $t[After $cds:] Emit a $h[charge], traveling $h[1]$lightning every $p1s. 

 Items under the $h[charge] trigger $p_speed% faster + $p_speed2% for each $lightning traveled.","$h[Ingenieur]-Gegenstände werden im Laden angeboten. 

 Gegenstände verschmelzen nicht mehr, wenn der Laden betreten wird. $t[Laden betreten:] Erzeuge ein $h[Zahnrad]. $t[Nach $cds:] Erzeuge eine $h[Ladung], die sich $h[1]$lightning alle $p1s bewegt. 

 Gegenstände unter der $h[Ladung] aktivieren $p_speed% schneller + $p_speed2% pro zurückgelegtem $lightning.","$h[工程师]物品将在商店出售。

进入商店时物品不会融合。$t[进入商店时：]生成一个$h[齿轮]。$t[$cds后：]发射一个$h[电荷]，每$p1s移动$h[1]$lightning。

位于$h[电荷]上的物品触发速度快$p_speed%，每移动1$lightning额外快$p_speed2%。","$h[エンジニア]固有アイテムがショップで売られるようになる

ショップ入店時にアイテムが合成されない$t[ショップ入店時：]$h[歯車]1個を生成する$t[$cd秒後：]$h[電荷]1つを放出する。$h[電荷]は$p1秒ごとに $lightning $h[1]マスを移動する

$h[電荷]の下にあるアイテムは使用速度が$p_speed%上がる（通過した $lightning 1マスにつき +$p_speed2%）","$h[엔지니어] 아이템이 상점에 등장합니다. 상점에 진입 시 아이템이 융합되지 않습니다. $t[상점 진입 시:] $h[톱니]를 생성합니다. $t[$cd초 후:] $p1초마다 $h[1]$lightning를 이동하는 $h[전하]를 방출합니다.

$h[전하]를 보유한 아이템이 $p_speed% 빠르게 발동하고, $lightning 이동 거리마다 $p_speed2% 추가로 빠르게 발동합니다.","$h[工程師]物品將在商店出售。

進入商店時物品不會融合。$t[進入商店時：]生成一個$h[齒輪]。$t[$cds後：]發射一個$h[電荷]，每$p1s移動$h[1]$lightning。

位於$h[電荷]上的物品觸發速度快$p_speed%，每移動1$lightning額外快$p_speed2%。","Les objets $h[Ingénieurs] sont disponibles dans la boutique. 

 Les objets ne fusionnent pas en entrant dans la boutique. $t[En entrant dans la boutique :] générez un $h[Rouage]. $t[Après $cd s :] émettez une $h[Charge], parcourant $h[1]$lightning toutes les $p1 s. 

 Les objets sous la $h[Charge] se déclenchent $p_speed % plus vite + $p_speed2 % pour chaque $lightning parcouru.","$h[Инженерные] предметы будут продаваться в магазине. 

 Предметы не будут объединяться при переходе в магазин. $t[Переход в магазин:] создает $h[шестеренку]. $t[Через $cd сек.:] выпускает $h[заряд], проходящий $h[1]$lightning каждые $p1 сек. 

 Предметы под $h[зарядом] срабатывают на $p_speed% чаще + $p_speed2% за каждое перемещение на $lightning.","Itens de $h[Engenheiro] são oferecidos na loja. 

 Os itens não se fundirão ao entrar na loja. $t[Ao entrar na loja:] Gera uma $h[Engrenagem]. $t[Após $cd s:] Emite uma $h[carga] que percorre $h[1] $lightning a cada $p1 s. 

 Itens abaixo da $h[carga] ativam $p_speed% mais rápido + $p_speed2% por cada $lightning percorrido.","$hSe ofrecen objetos de [ingeniera] en la tienda. 

 Los objetos no se fusionarán al entrar a la tienda. $t[Al entrar en la tienda:] Genera un $h[engranaje]. $t[Tras $cd s:] Emite una $h[carga] que se traslada $h[1]$lightning cada $p1 s. 

 Los objetos debajo de la $h[carga] se activan un $p_speed % más rápido + un $p_speed2 % por cada $lightning trasladado."
<!MissingKey:503:White Queen>,White Queen,Weiße Dame,白色皇后,白のクイーン,화이트 퀸,白色皇后,Dame blanche,Светлая королева,Rainha Branca,Reina blanca
<!MissingKey:504:Slice of Toast>,Slice of Toast,Toast,烤吐司,トースト,토스트 한 조각,烤吐司,Tranche de toast,Ломтик тоста,Fatia de Torrada,Rebanada de pan tostado
"<!MissingKey:505:I never understood why people look so worried when I tell them I collect rope, it's my passion.>","I never understood why people look so worried when I tell them I collect rope, it's my passion.","Ich habe noch nie verstanden, warum Leute verunsichert dreinschauen, wenn ich ihnen sage, dass ich Seil sammle. Das ist nun mal mein Hobby. ",我就是喜欢收集绳子，这是我的爱好。,ボクがロープを集めてるって言うと、みんな心配そうな目で見つめてくるんだ。なんでかまったく理解できないよ。ただの趣味なのに。,"밧줄을 모은다고 했더니 다들 이상하게 쳐다봤는데, 전혀 그런 이유가 아닙니다.",我就是喜歡收集繩子，這是我的愛好。,"Je n'ai jamais compris pourquoi les gens ont l'air si préoccupés quand je leur dis que je collectionne les cordes, c'est ma passion.","Не понимаю, почему люди так напрягаются, когда я говорю, что коллекционирую веревки… Это же обычное хобби!","Nunca entendi por que as pessoas ficam tão preocupadas quando eu digo que coleciono cordas, é minha paixão.","Nunca entendí por qué se preocupan cuando digo que colecciono cuerdas, ¡es mi pasión!"
<!MissingKey:506:Fortuna’s Kiss>,Fortuna’s Kiss,Fortunas Kuss,财富之吻,フォルトゥナのキス,포르투나의 입맞춤,財富之吻,Baiser de Fortuna,Поцелуй Фортуны,Beijo da Fortuna,Beso de la fortuna
"<!MissingKey:507:I always say, it's the shield that makes the hero, not the other way around.>","I always say, it's the shield that makes the hero, not the other way around.","Ich sage immer, der Schild macht den Helden aus, nicht andersrum.",拿起这个盾牌才算英雄。,常々言っているけど、盾が英雄を作るんだよ。逆じゃないからね。,"영웅이 방패를 만드는 거지, 방패가 영웅을 만드는 게 아닙니다.",拿起這個盾牌才算英雄。,"Je dis toujours que c'est le bouclier qui fait le héros, et pas l'inverse.",Я всегда говорю: именно щит делает героя героем. Не наоборот.,"Eu sempre digo, é o escudo que faz o herói, não o contrário.","Siempre digo que el escudo hace al héroe, no al revés."
<!MissingKey:508:Puzzlebag of Ruin>,Puzzlebag of Ruin,Puzzletasche der Verschlimmerung,毁坏的拼图背包,破滅のパズルバッグ,파멸의 퍼즐가방,毀壞的拼圖背包,Énigmasac de ruine,Паззл-сумка: руины,Bolsa Enigmática da Ruína,Bolsa tetris de la ruina
<!MissingKey:509:Everybody can learn magic with the right attitude and a lot of time on their hands.>,Everybody can learn magic with the right attitude and a lot of time on their hands.,"Jeder kann Magie lernen, man braucht nur die richtige Einstellung und wirklich viel Zeit.",只要有时间加上认真学习，任何人都能学会魔法。,正しい態度と有り余る時間さえあれば誰でも魔法は学べるよ。,"올바른 태도와 충분히 많은 시간만 있다면, 누구든지 마법을 배울 수 있습니다.",只要有時間加上認真學習，任何人都能學會魔法。,Tout le monde peut apprendre la magie avec l'attitude adéquate et beaucoup de temps à disposition.,Каждый может выучить магию. Главное — мотивация… и куча свободного времени.,Todo mundo pode aprender magia com a atitude certa e muito tempo livre.,Todos pueden aprender magia: con la actitud correcta y mucho tiempo libre.
<!MissingKey:510:Black Pawn>,Black Pawn,Schwarzer Bauer,黑色士兵,黒のポーン,블랙 폰,黑色士兵,Pion noir,Темная пешка,Peão Preto,Peón negro
<!MissingKey:511:Return damage limit of $spikes against \~$ranged- and $effect-attacks +$p_spikedam%. >,"Return damage limit of $spikes against \~$ranged- and $effect-attacks +$p_spikedam%. 

 $spikes have $chance% critical hit chance per \~$affected $nature-item. $t[Every $cds:] Gain $p_spikes $spikes.","Das Schadensmaximum von $spikes gegen $ranged- und $effect-Angriffe ist um $p_spikedam% erhöht. 

 $spikes haben $chance% kritische Treffer- chance pro $affected $nature-Gegenstand. $t[Alle $cds:] Erhalte $p_spikes $spikes.","对抗$ranged和$effect攻击时$spikes的反弹伤害上限+$p_spikedam%。

每有一个$affected的$nature物品，$spikes获得$chance%暴击加成。$t[每$cds：]获得$p_spikes点$spikes。","$ranged と $effect ダメージに対する $spikes のダメージ上限 +$p_spikedam%

$affectedにある $nature アイテム1個につき $spikes のクリティカル率 +$chance%$t[$cd秒毎：]$p_spikes $spikes を獲得する","$ranged와 $effect 공격을 대상으로 가할 수 있는 $spikes의 최대 피해가 $p_spikedam% 증가합니다.

$spikes가 $affected에 위치한 $nature 아이템마다 $chance%의 치명타 확률을 획득합니다. $t[$cd초마다:] $spikes를 $p_spikes 획득합니다.","對抗$ranged和$effect攻擊時$spikes的反彈傷害上限+$p_spikedam%。

每有一個$affected的$nature物品，$spikes獲得$chance%暴擊加成。$t[每$cds：]獲得$p_spikes點$spikes。","Limite de dégâts renvoyés de $spikes contre les attaques $effect et $ranged +$p_spikedam %. 

 $spikes a $chance % de chance de coup critique par objet $nature $affected. $t[Toutes les $cd s :] gagnez $p_spikes $spikes.","Предел возвращаемого $spikes урона против $ranged- и $effect-атак +$p_spikedam%. 

 $spikes получают $chance% шанс критического удара за каждый$affected $nature-предмет. $t[Раз в $cd сек.:] добавляет $p_spikes $spikes.","Devolve o limite de dano de $spikes contra ataques -$ranged e -$effect + $p_spikedam%. 

 $spikes tem $chance% de chance de acerto crítico para cada item-$nature $affected. $t[A cada $cd s:] Ganha $p_spikes $spikes.","Límite de daño devuelto de $spikes contra ataques $ranged y $effect +$p_spikedam %. 

 $spikes tiene un $chance % de probabilidad de golpe crítico por $affected objeto de $nature. $t[Cada $cd s:] Obtiene $p_spikes $spikes."
Magic Ring_GenericGain,Gain {amount} {type}.,Erhalte {amount} {type}.,获得{amount}{type}。,{amount} {type} を獲得する,{type}을(를) {amount} 획득합니다.,獲得{amount}{type}。,Gagnez {amount} {type}.,Получает {amount} {type}.,Ganha {amount} {type}.,Obtiene {amount} {type}.
Adventurer_NAME,Adventurer,Abenteurer,冒险家,アドベンチャラー,모험가,冒險家,Aventurier,Авантюрист,Aventureiro,Aventurero
<!MissingKey:514:Magic For Dummies>,Magic For Dummies,Zaubern für Dummbatze,魔法入门指南,ゼロから学ぶ魔法,바보들을 위한 마법,魔法入門指南,La magie pour les nuls,Магия для чайников,Magia para Iniciantes,Magia para tontos
"<!MissingKey:515:Sometimes, only the ukulele can transfer your deepest feelings.>","Sometimes, only the ukulele can transfer your deepest feelings.",Manchmal kann nur die Ukulele deinen Gefühlen wirklich Ausdruck verleihen. ,只有尤克里里才能弹出内心深处的感情啊。,ウクレレだけが心の奥底にある感情を伝えられることもある。,우쿨렐레로만 전할 수 있는 깊은 감정도 있습니다.,只有尤克裡裡才能彈出內心深處的感情啊。,"Parfois, seul le ukulélé peut transmettre vos sentiments les plus profonds.","Иногда только укулеле может передать то, что у тебя на душе…","Às vezes, só o ukulele pode transmitir seus sentimentos mais profundos.","A veces, solo el ukelele puede expresar tus sentimientos más profundos."
"<!MissingKey:516:$t[On attacked ($melee):] $chance% chance to prevent $p_damblock damage, remove $p_stamina stamina from your opponent, and gain $p_spikes $spikes (up to $p_maxspikes + $p_maxspikes_food per $affected $h[Food]). $t[$affected $h[Food] activates:] Prevent +$p_damblock2 damage (up to +$p_maxblock) and heal for $p_heal.>","$t[On attacked ($melee):] $chance% chance to prevent $p_damblock damage, remove $p_stamina stamina from your opponent, and gain $p_spikes $spikes (up to $p_maxspikes + $p_maxspikes_food per $affected $h[Food]). $t[$affected $h[Food] activates:] Prevent +$p_damblock2 damage (up to +$p_maxblock) and heal for $p_heal.","$t[Bei $melee-Angriff:] $chance% Chance, $p_damblock Schaden zu vermeiden, $p_stamina Ausdauer vom Gegner zu entfernen und $p_spikes $spikes zu erhalten (bis zu $p_maxspikes + $p_maxspikes_food pro $affected $h[Essen]). $t[$affected $h[Essen] aktiviert:] Vermeide +$p_damblock2 Schaden (bis zu +$p_maxblock) und heile um $p_heal.",$t[被攻击时（$melee）：]有$chance%的几率抵挡$p_damblock点伤害，移除对手$p_stamina点耐力，并获得$p_spikes点$spikes（最多$p_maxspikes+每有一个$affected的$h[食物]额外$p_maxspikes_food次）。$t[$affected的$h[食物]触发时：]额外抵挡+$p_damblock2点伤害（最多+$p_maxblock次），恢复$p_heal点生命值。,$t[被攻撃時（$melee）：]$chance%の確率でダメージを$p_damblock防ぎ、相手からスタミナを$p_stamina除去し、$p_spikes $spikes を獲得する（最大$p_maxspikes + $affectedにある$h[食べ物]1個につき$p_maxspikes_food）$t[$affectedにある$h[食べ物]発動時：]防ぐダメージ +$p_damblock2（最大 +$p_maxblock）、体力を$p_heal回復する,"$t[공격 받을 시 ($melee):] $chance%의 확률로 피해를 $p_damblock 막고, 상대의 스태미나를 $p_stamina 제거하고, $spikes를 $p_spikes 획득합니다 (최대 $p_maxspikes + $affected에 위치한 $h[음식]마다 추가로 $p_maxspikes_food 획득). $t[$affected에 위치한 $h[음식] 발동 시:] 추가로 피해를 $p_damblock2 막고 (최대 $p_maxblock) 체력을 $p_heal 회복합니다.",$t[被攻擊時（$melee）：]有$chance%的機率抵擋$p_damblock點傷害，移除對手$p_stamina點耐力，並獲得$p_spikes點$spikes（最多$p_maxspikes+每有一個$affected的$h[食物]額外$p_maxspikes_food次）。$t[$affected的$h[食物]觸發時：]額外抵擋+$p_damblock2點傷害（最多+$p_maxblock次），恢復$p_heal點生命值。,"$t[En recevant une attaque ($melee) :] $chance % de chance d'empêcher $p_damblock de dégâts, retirez $p_stamina d'endurance à votre adversaire, et gagnez $p_spikes $spikes (jusqu'à $p_maxspikes + $p_maxspikes_food par la $h[Nourriture] $affected). $t[En activant la $h[Nourriture] $affected :] empêchez +$p_damblock2 de dégâts (jusqu'à + $p_maxblock) et guérissez de $p_heal.","$t[При входящей атаке ($melee):] шанс $chance% заблокировать $p_damblock ед. урона, отнять у противника $p_stamina ед. энергии и получить $p_spikes $spikes (макс. до $p_maxspikes + $p_maxspikes_food за каждый $affected предмет типа $h[еда]). $t[При срабатывании $affected предмета типа $h[еда]:] блокирует +$p_damblock2 урона (макс. до +$p_maxblock) и восстанавливает герою $p_heal здоровья.","$t[Ao sofrer ataque ($melee):] $chance% de chance de prevenir $p_damblock de dano, remover $p_stamina de vigor do oponente e ganhar $p_spikes $spikes (até $p_maxspikes + $p_maxspikes_food por $h[Alimento] $affected). $t[$h[Alimento] $affected ativado:] Previne +$p_damblock2 de dano (até +$p_maxblock) e cura $p_heal.","$t[Al recibir un ataque ($melee):] $chance % de probabilidad de prevenir $p_damblock de daño, quitar $p_stamina resistencia del rival y obtener $p_spikes $spikes (hasta un $p_maxspikes + $p_maxspikes_food por $affected $h[comida]). $t[Al activar $affected $h[comida]:] Evita +$p_damblock2 de daño (hasta +$p_maxblock) y recupera $p_heal."
"<!MissingKey:517:Go Shelly, activate turbo NOW!>","Go Shelly, activate turbo NOW!","Los Gerdi, aktiviere den Turbo!!",加了涡轮增压的小蜗应该叫什么？,とっとと走れよシェリ太郎。,"깍지야 지금이야, 터보를 발동해!",加了渦輪增壓的小蝸應該叫什麼？,"Allez Carapacie, on met le turbo MAINTENANT !","Вперед, улиточка! Активируй турбо-режим! СЕЙЧАС!","Vai, Shelly, ative o turbo AGORA!","¡Vamos, Caparacín, activa el turbo YA!"
<!MissingKey:518:$t[Every $cds:] Heal for $p_heal and gain $p_buffs buffs of the type of which you have the most.>,$t[Every $cds:] Heal for $p_heal and gain $p_buffs buffs of the type of which you have the most.,"$t[Alle $cds:] Heile $p_heal und erhalte $p_buffs Buffs des Typs, von dem du am meisten hast.",$t[每$cds：]恢复$p_heal点生命值并获得$p_buffs层你现有层数最多的增益效果。,$t[$cd秒毎：]体力を$p_heal回復し、一番多いバフを$p_buffs獲得する,"$t[$cd초마다:] 체력을 $p_heal 회복하고, 보유한 버프 중 가장 많은 버프를 $p_buffs 획득합니다.",$t[每$cds：]恢復$p_heal點生命值並獲得$p_buffs層你現有層數最多的增益效果。,$t[Toutes les $cd s :] guérissez de $p_heal et gagnez $p_buffs bonus du type dont vous disposez le plus.,"$t[Раз в $cd сек.:] восстанавливает $p_heal здоровья и добавляет до $p_buffs усилений того типа, которых у героя больше всего.",$t[A cada $cd s:] Cura $p_heal e ganha $p_buffs buffs do tipo que você possui em maior quantidade.,$t[Cada $cd s:] te curas $p_heal y obtienes $p_buffs ventajas del tipo que más tengas.
<!MissingKey:519:Wisp>,Wisp,Irrlicht,幽光,ウィスプ,위습,幽光,Esprit,Искорка,Fogo Fátuo,Voluta
<!MissingKey:520:Book>,Book,Buch,魔法书,書物,책,魔法書,Livre,Книга,Livro,Libro
<!MissingKey:521:$t[Every $cds:] Gain $h[1] of every type of buff. >,"$t[Every $cds:] Gain $h[1] of every type of buff. 
 If you have at least $p_manat $mana, $p_luckt $lucky \~or $p_regent $regen: \~Use $p_use $mana/$lucky/$regen (whatever you have most of) to gain $p_empower $empower.","$t[Alle $cds:] Erhalte $h[1] von jedem Buffs. 
 Wenn du mindestens $p_manat $mana, $p_luckt $lucky oder $p_regent $regen hast: \~Nutze $p_use $mana/$lucky/$regen (wovon du am meisten hast) um $p_empower $empower zu erhalten.","$t[每$cds：]获得$h[1]每种增益效果。
如果你最少有$p_manat点$mana，$p_luckt点$lucky或者$p_regent层$regen：消耗$p_use $mana/$lucky/$regen（扣除你现有最多的项）来获得$p_empower层$empower。","$t[$cd秒毎：]バフを全種類$h[1]ずつ獲得する 
$p_manat $mana または$p_luckt $lucky または$p_regent $regen 以上ある場合：$p_use $mana/$lucky/$regen（最も多くあるバフ）を消費して、$p_empower $empower を獲得する","$t[$cd초마다:] 모든 유형의 버프를 $h[1] 획득합니다.
$p_manat 이상의 $mana, $p_luckt 이상의 $lucky, 혹은 $p_regent 이상의 $regen를 보유 시: $mana/$lucky/$regen을 $p_use 사용해 (가장 많이 보유한 버프) $empower를 $p_empower 획득합니다.","$t[每$cds：]獲得$h[1]每種增益效果。
如果你最少有$p_manat點$mana，$p_luckt點$lucky或者$p_regent層$regen：消耗$p_use $mana/$lucky/$regen（扣除你現有最多的項）來獲得$p_empower層$empower。","$t[Toutes les $cd s :] gagnez $h[1] de chaque type de bonus. 
 Si vous avez au moins $p_manat $mana, $p_luckt $lucky ou $p_regent $regen : utilisez $p_use $mana/$lucky/$regen (ce que vous avez le plus) pour gagner $p_empower $empower.","$t[Раз в $cd сек.:] добавляет по $h[1] усилению каждого типа. 
 Если у героя не менее $p_manat $mana, $p_luckt $lucky или $p_regent $regen: использует $p_use $mana/$lucky/$regen (в зависимости от того, какого эффекта больше), чтобы добавить $p_empower $empower.","$t[A cada $cd s:] Ganha $h[1] de cada tipo de buff. 
 Se você tiver pelo menos $p_manat $mana, $p_luckt $lucky ou $p_regent $regen: Usa $p_use $mana/$lucky/$regen (o que você tem em maior quantidade) para ganhar $p_empower $empower.","$t[Cada $cd s:] obtienes $h[1] de cada tipo de ventaja. 
 Si tienes al menos $p_manat $mana, $p_luckt $lucky o $p_regent $regen: usas $p_use $mana/$lucky/$regen (lo que más tengas) para obtener $p_empower $empower."
,,,,,,,,,,
<!MissingKey:523:Spring Loader>,Spring Loader,Federlader,弹簧装填器,バネ式加速器,스프링 로더,彈簧裝填器,Chargeur à ressort,Пружинный толкатель,Escudo Mola,Cargador de resorte
<!MissingKey:524:The $affected $h[Food] triggers $p_speed% faster. $t[While charged:] It triggers $p_speed2% faster instead. Your other $h[Food] triggers $p_speed3% faster.>,The $affected $h[Food] triggers $p_speed% faster. $t[While charged:] It triggers $p_speed2% faster instead. Your other $h[Food] triggers $p_speed3% faster.,Das $affected $h[Essen] aktiviert $p_speed% schneller. $t[Geladen:] Es aktiviert stattdessen $p_speed2% schneller. Dein anderes $h[Essen] aktiviert $p_speed3% schneller.,$affected的$h[食物]触发速度快$p_speed%。$t[获得电荷时：]效果改为触发速度快$p_speed2%。你的其他$h[食物]触发速度快$p_speed3%。,$affectedにある$h[食べ物]の使用速度が$p_speed%上がる$t[通電中：]上記の代わりに使用速度が$p_speed2%上がる。ほかの$h[食べ物]の使用速度も$p_speed3%上がる,$affected에 위치한 $h[음식]이 $p_speed% 빠르게 발동합니다. $t[전하를 보유한 동안:] 그 대신 $p_speed2% 빠르게 발동합니다. 다른 $h[음식]이 $p_speed3% 빠르게 발동합니다.,$affected的$h[食物]觸發速度快$p_speed%。$t[獲得電荷時：]效果改為觸發速度快$p_speed2%。你的其他$h[食物]觸發速度快$p_speed3%。,La $h[Nourriture] $affected se déclenche $p_speed % plus vite. $t[Pendant la charge :] se déclenche $p_speed2 % plus vite à la place. Votre autre $h[Nourriture] se déclenche $p_speed3 % plus vite.,$affected предметы типа $h[еда] срабатывают на $p_speed% чаще. $t[При заряде:] те же предметы теперь срабатывают на $p_speed2% чаще. Другие предметы типа $h[еда] срабатывают на $p_speed3% чаще.,O $h[Alimento] $affected ativa $p_speed% mais rápido. $t[Carregado:] Ativa-se $p_speed2% mais rápido. Seus outros $h[Alimentos] ativam $p_speed3% mais rápido.,La $affected $h[comida] se activa un $p_speed % más rápido. $t[Al cargarse:] Se activa un $p_speed2 % más rápido en su lugar. Tu otra $h[comida] se activa un $p_speed3 % más rápido.
<!MissingKey:525:I always thought bags were wasting potential by not being in insane shapes.>,I always thought bags were wasting potential by not being in insane shapes.,"Ich habe immer schon gesagt, dass Taschen in wahnwitzigen Formen viel Potenzial haben.",奇形怪状的，背着不太舒服。,バッグって非常識な形をしてないことでポテンシャルを無駄にしてるって前から思ってるんだよね。,가방 모양이 평범한 게 항상 지루하다고 생각해왔습니다.,奇形怪狀的，背著不太舒服。,J'ai toujours pensé que les sacs gaspillaient leur potentiel en n'ayant pas de formes plus extravagantes.,"Всегда казалось, что сумки теряют свой потенциал из-за отсутствия загадочных форм.",Sempre achei que as bolsas estavam desperdiçando potencial por não terem formas insanas.,Siempre pensé que las bolsas desperdiciaban su potencial por no tener formas locas.
<!MissingKey:526:$chance% chance to duplicate debuffs inflicted ($bag).>,$chance% chance to duplicate debuffs inflicted ($bag).,"$chance% Chance, verursachte Debuffs zu duplizieren ($bag).",有$chance%的几率$h[复制]施加的减益效果（$bag）。,$chance%の確率でデバフを追加付与する（$bag）,$chance%의 확률로 부여하는 디버프를 복제합니다 ($bag).,有$chance%的幾率$h[複製]施加的減益效果（$bag）。,$chance % de chance de dupliquer les malus infligés ($bag).,$chance% шанс накладываемые негативные эффекты ($bag).,$chance% de chance de duplicar os debuffs infligidos ($bag).,$chance % de probabilidad de duplicar las desventajas infligidas ($bag).
"<!MissingKey:527:This Rainbow Goobert would be a perfectly healthy breakfast, if it wasn't strong enough to eat you, of course. >","This Rainbow Goobert would be a perfectly healthy breakfast, if it wasn't strong enough to eat you, of course. ","Ein Regenbogen-Schlotzbert wäre eine gesunde Mahlzeit, wenn er nicht stark genug wäre dich aufzufuttern.",这个彩虹黏黏本来会是完美健康的早餐——如果它没有强到可以吃掉你。,元気がなくなったら、コイツの顔をお食べ。,이 무지개 슬돌이는 완벽한 아침식사가 될 수도 있습니다. 먹히는 게 여러분일 수도 있지만요.,這個彩虹黏呼呼本來會是完美健康的早餐——如果它沒有強到可以吃掉你。,"Ce Viskeu serait un petit-déjeuner parfaitement équilibré, s'il n'était pas en mesure de vous manger, bien sûr.",Этот радужный Слаймер был бы отличным завтраком… если бы сам не пытался сожрать тебя.,"O Gosberto Arco-íris seria um café da manhã perfeitamente saudável, caso ele não fosse forte o bastante para devorar você.","Este viscosino arcoíris sería un desayuno perfectamente saludable, si no fuera lo suficiente fuerte como para comerte, claro."
<!MissingKey:528:I get that you are a cleric but what is your subclass?>,I get that you are a cleric but what is your subclass?,"Ich verstehe, dass du ein Kleriker bist, aber mit welcher Unterklasse?!",应该是神职人员，但是专精什么呢？,キミが司祭なのは分かったけど、サブクラスは何を選んだんだい？,"클레릭인 건 알겠는데, 그래서 하위 직업은 어떤 거죠?",應該是神職人員，但是專精什麼呢？,"J'ai bien compris que vous étiez dans les ordres, mais quelle est votre sous-classe ?","Ты явно из тех, кто лечит, тут вопросов нет. А подкласс-то у тебя какой?","Eu entendo que você é um clérigo, mas qual é a sua subclasse?","Entiendo que eres clérigo, pero ¿cuál es tu subclase?"
<!MissingKey:529:Great success!>,Great success!,Massiver Erfolg!,赢得漂亮！,大成功だね！,정말 잘됐네요!,贏得漂亮！,Quel superbe succès !,Вот это успех!,Grande sucesso!,¡Gran éxito!
<!MissingKey:530:$wins wins already?! Wow!>,$wins wins already?! Wow!,Schon $wins Siege?! Nicht übel.,都赢了$wins次了？太厉害了！,もう$wins勝もしたの！？スゴイ！,벌써 $wins번이나 이겼다니?! 대단해요!,都贏了$wins次了？太厲害了！,$wins victoires déjà ? Ouah !,Сколько побед? Уже $wins?! Невероятно!,$wins vitórias já?! Uau!,¿$wins victorias ya? ¡Guau!
<!MissingKey:531:You did it!>,You did it!,Du hast es gepackt!,赢了！,やったね！,해내셨군요!,贏了！,Vous avez réussi !,Отличная работа!,Você conseguiu!,¡Lo conseguiste!
<!MissingKey:532:$red[The $affected item triggers $p_speed% slower.] $t[Health falls below $p_healtht%:] >,"$red[The $affected item triggers $p_speed% slower.] $t[Health falls below $p_healtht%:] 
Advance the cooldown of the \~$affected item by $p3s + $p4s if it is not a $h[Weapon]. 
Emit $h[2 charges], traveling $h[1]$lightning every $p5s (once). 

 Items under the $h[charges] have $chance% chance to duplicate buffs they gain \~+ $chance2% for each $lightning traveled.","$red[Der $affected Gegenstand aktiviert $p_speed% langsamer.] $t[Leben fällt unter $p_healtht%:] \~Beschleunige die Abklingzeit des $affected Gegenstandes um $p3s + $p4s für Nicht-$h[Waffen]. 
Erzeuge $h[2 Ladungen], die sich $h[1]$lightning alle $p5s bewegen (einmalig). 

 Gegenstände unter der $h[Ladung] haben $chance% Chance Buffs zu duplizieren + $chance2% pro zurückgelegtem $lightning.","$red[$affected的物品触发速度慢$p_speed%。]$t[生命值低于$p_healtht%时：]
推进$affected的物品$p3s的冷却进度，如果该物品不是$h[武器]，则额外推进$p4s冷却进度。
发射$h[2个电荷]，每$p5s移动$h[1]$lightning（单次触发）。

位于$h[电荷]上的的物品获得增益时有$chance%的几率复制，并且每移动1$lightning额外提高$chance2%复制几率。","$red[$affectedにあるアイテムの使用速度が$p_speed%下がる]$t[体力が$p_healtht%未満に低下時：]
$affectedにあるアイテムのクールダウンを$p3秒進める（それが$h[武器]でない場合 +$p4秒）
$h[電荷2つ]を放出する（1回のみ）。$h[電荷]は$p5秒ごとに $lightning $h[1]マスを移動する

$h[電荷]の下にあるアイテムは$chance%の確率でバフを追加獲得する（通過した $lightning 1マスにつき +$chance2%）","$red[$affected에 위치한 아이템이 $p_speed% 느리게 발동합니다.] $t[체력이 $p_healtht% 아래로 떨어질 시:] 
$affected에 위치한 아이템의 재사용 대기 시간이 $p3초 앞당겨지고 $h[무기]가 아니라면 추가로 $p4초 앞당겨집니다.
$p5초마다 $h[1]$lightning를 이동하는 $h[전하 2개]를 방출합니다 (한 번).

$h[전하]를 보유한 아이템이 $chance%의 확률로 획득하는 버프를 복제하고, $lightning 이동 거리마다 확률이 추가로 $chance2% 증가합니다.","$red[$affected的物品觸發速度慢$p_speed%。]$t[生命值低於$p_healtht%時：]
推進$affected的物品$p3s的冷卻進度，如果该物品不是$h[武器]，則額外前進$p4s冷卻進度。
發射$h[2個電荷]，每$p5s移動$h[1]$lightning（單次觸發）。

位於$h[電荷]上的的物品獲得增益時有$chance%的機率複製，並且每移動1$lightning額外提高$chance2%複製機率。","$red[L'objet $affected se déclenche $p_speed % moins vite.] $t[PV inférieurs à $p_healtht % :] 
réduisez le temps de recharge de l'objet $affected de $p3 s + $p4 s s'il ne s'agit pas d'une $h[Arme]. 
Émettez $h[2 Charges], parcourant $h[1]$lightning toutes les $p5 s (une fois). 

 Les objets sous les $h[Charges] ont $chance % de chance de dupliquer les bonus qu'ils gagnent + $chance2 % pour chaque $lightning parcouru.","$red[$affected предметы срабатывают на $p_speed% реже.] $t[Когда здоровье героя ниже $p_healtht%:] 
снижает время перезарядки $affectedпредметов на $p3 сек. + $p4 сек., если предмет не является $h[оружием]. 
Выпускает $h[2 заряда], перемещающихся на $h[1] $lightning-слот каждые $p5 сек. (один раз за бой). 

 У предметов под $h[зарядом] есть $chance% шанс удвоить получаемые усиления + $chance2% за каждое перемещение на $lightning.","$red[Os itens $affected ativam $p_speed% mais devagar.] $t[Vida abaixo de $p_healtht%:] 
Acelera a recarga do item $affected em $p3 s + $p4 s caso não seja uma $h[Arma]. 
Emite $h[2 cargas], percorrendo $h[1]$lightning a cada $p5 s (uma vez). 

 Itens abaixo das $h[cargas] têm $chance% de chance de duplicar os buffs que ganham + $chance2% por cada $lightning percorrido.","$red[El $affected objeto se activa un $p_speed % más lento.] $t[PS caen por debajo del $p_healtht %:] 
Avanza la recarga del $affected objeto en $p3 s + $p4 s si no es una $h[arma]. 
Emite $h[2 cargas] que se trasladan $h[1]$lightning cada $p5 s (una vez). 

 Los objetos bajo las $h[cargas] tienen un $chance % de probabilidad de duplicar ventajas que obtienen + un $chance2 % por cada $lightning trasladado."
<!MissingKey:533:Your arrangement was just unbeatable.>,Your arrangement was just unbeatable.,Einfach unschlagbar angeordnet.,你的背包整理能力无可匹敌。,キミの整頓術は向かうところ敵ナシだね。,가히 무적이라고 할 수 있는 배치네요.,你的背包整理能力無可匹敵。,Votre organisation était tout simplement imparable.,Ваша стратегия была непревзойденной.,Sua estratégia foi simplesmente imbatível.,Tu combinación fue simplemente imbatible.
<!MissingKey:534:Forest Dragon>,Forest Dragon,Walddrache,森林巨龙,フォレストドラゴン,숲의 용,森林巨龍,Dragon de forêt,Лесной дракон,Dragão da Floresta,Dragón del bosque
<!MissingKey:535:Superior Ring>,Superior Ring,Überlegener Ring,高级戒指,至高の指輪,상급 반지,高级戒指,Anneau supérieur,Превосходное кольцо,Anel Superior,Anillo superior
"<!MissingKey:536:A flaming sword, but with extra overcompensation.>","A flaming sword, but with extra overcompensation.","Ein Flammenschwert, aber mit Überkompensation.",比巨剑更猛的是燃烧的巨剑。,演出を過剰にしてお届けしています。,"불타는 검이지만, 과하게 타고 있습니다.",比巨劍更猛的是燃燒的巨劍。,"Une épée enflammée, mais avec un souci de compensation excessif.","Пылающий меч, еще и с избыточными размерами. Лучше и не придумаешь...","Uma espada flamejante, mas com um extra de supercompensação.","Una espada en llamas, pero con un toque extra de exageración."
<!MissingKey:537:Pretty impactful for something basically made from nothing.>,Pretty impactful for something basically made from nothing.,"Recht beeindruckend, wenn man bedenkt, dass es im Grunde aus gar nichts besteht.",明明几乎是无中生有做出来的，效果却意外地惊人。,無から生まれた割には影響力があるね。,무에서 창조되었다는 점이 꽤 흥미롭습니다.,明明幾乎是無中生有做出來的，效果卻意外地驚人。,Plutôt impressionnant pour quelque chose qui est pratiquement fait de rien.,"Неплохой эффект для штуки, сделанной почти из ничего.",Bem impactante pra algo que não é feito de nada.,Bastante impactante para algo que básicamente fue hecho de la nada.
<!MissingKey:538:I marvel at your elegance and power.>,I marvel at your elegance and power.,Ich bestaune deine Eleganz und Stärke!,你的优雅和实力让我佩服。,キミの優雅さと力強さには驚いたよ。,정말 놀라운 힘이네요.,你的優雅和實力讓我佩服。,Votre élégance et votre puissance m'émerveillent.,Я восхищаюсь вашей элегантностью и силой.,Eu admiro sua elegância e poder.,Me flipa tu elegancia y poder.
<!MissingKey:539:Electric Torch>,Electric Torch,Elektrofackel,电能火炬,電動たいまつ,전기 횃불,電能火炬,Torche électrique,Электрофакел,Tocha Elétrica,Electroantorcha
"<!MissingKey:540:Chance-based effects of the $affected item are $p_chance% more likely to trigger. $t[Every $cds:] Gain $h[1] $lucky. If you have at least $p_luckt $lucky, gain a random other buff instead.>","Chance-based effects of the $affected item are $p_chance% more likely to trigger. $t[Every $cds:] Gain $h[1] $lucky. If you have at least $p_luckt $lucky, gain a random other buff instead.","Zufallseffekte der $affected Gegenstände sind $p_chance% wahrscheinlicher. $t[Alle $cds:] Erhalte $h[1] $lucky. Wenn du mindestens $p_luckt $lucky hast, erhalte stattdessen einen zufälligen einen Buff.",基于几率触发的$affected的物品获得$p_chance%触发几率加成。$t[每$cds：]获得$h[1]点$lucky。如果你至少有$p_luckt点$lucky，则随机获得一层其他增益效果。,$affectedにあるアイテムの確率に基づく効果の発動確率が$p_chance%上がる $t[$cd秒毎：]$h[1] $lucky を獲得する。$p_luckt $lucky 以上ある場合、代わりに $lucky 以外の1バフを獲得する,"$affected에 위치한 확률 기반 효과를 지닌 아이템의 발동 확률이 $p_chance% 증가합니다. $t[$cd초마다:] $lucky을 $h[1] 획득합니다. $p_luckt 이상의 $lucky을 보유 시, 그 대신 다른 무작위 버프를 획득합니다.",基於幾率觸發的$affected的物品獲得$p_chance%觸發幾率加成。$t[每$cds：]獲得$h[1]點$lucky。如果你至少有$p_luckt點$lucky，則隨機獲得一層其他增益效果。,"Les effets de type chance de l'objet $affected ont $p_chance % de chances supplémentaires de se déclencher. $t[Toutes les $cd s :] gagnez $h[1] $lucky. Si vous avez au moins $p_luckt $lucky, gagnez un autre bonus aléatoire à la place.","Вероятность срабатывания эффектов $affected предметов с шансом активации эффекта повышается на $p_chance%. $t[Раз в $cd сек.:] добавляет $h[1] $lucky. Если у героя уже есть не менее $p_luckt $lucky, вместо этого добавляет другое случайное усиление.","Efeitos baseados em chance do item $affected têm $p_chance% mais chance de ativar. $t[A cada $cd s:] Ganha $h[1] $lucky. Se você tiver pelo menos $p_luckt $lucky, ganha um buff aleatório em vez disso.","Los efectos basados en probabilidad del objeto $affected son un $p_chance % más probabilidad de activarse. $t[Cada $cd s:] obtienes $h[1] $lucky. Si tienes al menos $p_luckt $lucky, obtienes una ventaja al azar en su lugar."
BUTTON_SwitchModeRanked,Switch Mode Ranked,Gewerteter Tauschmodus,背包交换模式-排名,"スイッチモード
ランク",스위치 모드 랭크 게임,背包交換模式-排名,Mode changement classé,Режим обмена - Рейтинг,Modo Troca Ranqueado,Partida Intercambio clasificatoria
,,,,,,,,,,
<!MissingKey:543:{type}-Damage taken reduced by {amount} ({origin}).>,{type}-Damage taken reduced by {amount} ({origin}).,,受到的{type}伤害减少{amount}（{origin}）。,受ける {type} ダメージが{amount}減った（{origin}）。,{amount}만큼 받는 {type} 피해가 감소함 ({origin}).,受到的{type}傷害減少{amount}（{origin}）。,Dégâts subis {type} réduits de {amount} ({origin}).,Получаемый {type}-урон снижается на {amount} ({origin}).,Dano {type} sofrido reduzido em {amount} ({origin}).,Daño recibido de {type} reducido en {amount} ({origin}).
<!MissingKey:544:$ranged-Damage Dealt: {val}>,$ranged-Damage Dealt: {val},Verursachter $ranged-Schaden: {val},造成的$ranged伤害：{val},$ranged 与ダメージ：{val},가하는 $ranged 피해: {val},造成的$ranged傷害：{val},Dégâts $ranged infligés : {val},$ranged-урон: {val},Dano $ranged Causado: {val},Daño infligido $ranged: {val}
"<!MissingKey:545:No, Sprinkles, colorful does not mean healthy. Sprinkles, you will get a tummy ache.>","No, Sprinkles, colorful does not mean healthy. Sprinkles, you will get a tummy ache.","Nein Streuselchen, bunt heißt nicht, dass da Vitamine drin sind. Streuselchen, du wirst schon wieder Bauchweh bekommen.",不，小彩糖，颜色丰富不代表健康。小彩糖，你会吃坏肚子的。,カップケーキは体に悪いよ。ぽんぽんペインでつらみが深くなるからやめときな。,"아니란다 스프링클, 색깔이 많다고 건강한 음식인 건 아니야.",不，小彩糖，顏色豐富不代表健康。小彩糖，你會吃壞肚子的。,"Non, coloré ne veut pas dire sain… Non, tu vas avoir mal au ventre !","Нет, Кексик, разноцветное - не значит полезное. Кексик, у тебя живот заболит!","Não, Granulado, colorido não quer dizer que é saudável. Granulado, você vai ficar com dor de barriga!","No, Chispitas, que sea colorido no significa que sea saludable. Chispitas, te dará dolor de estómago."
<!MissingKey:546:Its power level is 8913.>,Its power level is 8913.,Sein Powerlevel ist 8913.,世界上最快的刺猬。,戦闘力、7998（税込）だ！,무려 8913의 파워 레벨을 지녔습니다.,世界上最快的刺蝟。,Son niveau de puissance est de 8913.,Уровень силы объекта — 8913.,O nível de poder é 8913.,Su nivel de poder es 8913.
<!MissingKey:547:Badger Spirit Companion>,Badger Spirit Companion,Geistgefährte: Dachs,幽灵獾,アナグマの精霊,동료 오소리 영혼,幽靈獾,Compagnon spirituel mouffette,Барсук-фамильяр,Companheiro Espiritual de Texugo,Compañero espiritual tejón
<!MissingKey:548:Spectromancer>,Spectromancer,Geistbeschwörer,光谱术士,スペクトロマンサー,분광술사,光譜術士,Spectromancienne,Спектромант,Espectromante,Espectromante
"<!MissingKey:549:For badgers, death is just another hurdle to overcome.>","For badgers, death is just another hurdle to overcome.","Für Dachse ist der Tod nur ein weiteres Hinternis, das es zu überwinden gilt.",对于平头哥来说，没有平不了的事。,アナグマにとっては、死すらも障害物のひとつに過ぎないんだ。,"오소리들에게 있어 죽음은, 극복해야 할 또 다른 장애물일 뿐입니다.",對於平頭哥來說，沒有平不了的事。,"Pour les mouffettes, la mort n'est qu'un obstacle de plus à surmonter.",Для барсука смерть — очередное препятствие. Подумаешь.,"Para os broches, a morte é apenas mais um obstáculo a ser superado.","Para los tejones, la muerte es solo otro obstáculo que superar."
<!MissingKey:550:Twine Badge>,Twine Badge,Schnurabzeichen,细绳徽章,結び糸バッジ,노끈 배지,細繩徽章,Insigne de ficelle,Значок каната,Broche de Barbante,Medalla de hilo
<!MissingKey:551:Lantern Berry>,Lantern Berry,Lampionbeere,浆果提灯,ランタンベリー,전등 베리,漿果提燈,Baie lanterne,Фонарная ягода,Baga Lanterna,Baya de linterna
<!MissingKey:552:For a sustainable future!>,For a sustainable future!,Taschen für eine nachhaltige Zukunft.,为了可持续化未来！,サステナブルな未来のために。,지속 가능한 미래를 위하여!,為了可持續化未來！,Pour un avenir durable !,Во имя устойчивого будущего!,Pelo futuro sustentável!,¡Por un futuro sostenible!
Magic Ring_NAME,Magic Ring,Magischer Ring,魔法戒指,魔法の指輪,마법 반지,魔法戒指,Anneau magique,Магическое кольцо,Anel Mágico,Anillo mágico
"<!MissingKey:554:$t[Every $cds:] Gain $p_buffs random buffs, $red[your opponent gains $p_buffs2 random buffs]. $t[Buff removed from opponent:] \~$affected items gain $chance2% critical hit chance. $t[Self-inflicted debuff:] $chance% chance to gain $p_regen $regen. >","$t[Every $cds:] Gain $p_buffs random buffs, $red[your opponent gains $p_buffs2 random buffs]. $t[Buff removed from opponent:] \~$affected items gain $chance2% critical hit chance. $t[Self-inflicted debuff:] $chance% chance to gain $p_regen $regen. 

 Deal +$p_unhealing% of your healing as \~$effect-damage (+$p_unhealing2% per $affected2 $dark-item).","$t[Alle $cds:] Erhalte $p_buffs zufällige Buffs, $red[dein Gegner erhält $p_buffs2 zufällige Buffs]. $t[Buff vom Gegner entfernt:] \~$affected Gegenstände erhalten $chance2% kritische Trefferchance. $t[Selbst Debuff verursacht:] $chance% Chance, $p_regen $regen zu erhalten. 

 Verursache +$p_unhealing% deiner Heilung als $effect-Schaden (+$p_unhealing2% pro \~$affected2 $dark-Gegenstand).","$t[每$cds：]获得$p_buffs层随机增益效果，$red[对手获得$p_buffs2层随机增益效果]。$t[每次对手有增益效果被移除：]$affected的物品获得$chance2%暴击几率加成。$t[每次对自己施加减益效果：]有$chance%的几率获得$p_regen层$regen。

 向对手造成生命值恢复量的$p_unhealing% $effect伤害（每有一个$affected2的$dark物品，再+$p_unhealing2%）。","$t[$cd秒毎：]自分は$p_buffsバフを獲得し、$red[相手は$p_buffs2バフを獲得する] $t[相手からバフを除去する毎：]$affectedにあるアイテムのクリティカル率 +$chance2% $t[自分にデバフを付与する毎：]$chance%の確率で$p_regen $regen を獲得する 

回復量の$p_unhealing%分の $effect ダメージを与える（$affected2にある $dark アイテム1個につき +$p_unhealing2%","$t[$cd초마다:] 무작위 버프를 $p_buffs개 획득하고, $red[상대가 무작위 버프를 $p_buffs2개 획득합니다]. $t[상대 버프가 제거될 시:] $affected에 위치한 아이템은 $chance2%의 치명타 확률을 획득합니다. $t[스스로에게 디버프 부여 시:] $chance%의 확률로 $regen을 $p_regen 획득합니다.

회복량의 $p_unhealing%를 $effect 피해로 추가로 가합니다 ($affected2에 위치한 $dark 아이템마다 $p_unhealing2% 증가).","$t[每$cds：]獲得$p_buffs層隨機增益效果，$red[對手獲得$p_buffs2層隨機增益效果]。$t[每次對手有增益效果被移除：]$affected的物品獲得$chance2%暴擊幾率加成。$t[每次對自己施加減益效果：]有$chance%的幾率獲得$p_regen層$regen。

 向對手造成生命值回復量的$p_unhealing% $effect傷害（每有一個$affected2的$dark物品，再+$p_unhealing2%）。","$t[Toutes les $cd s :] gagnez $p_buffs bonus aléatoires, $red[Votre adversaire gagne $p_buffs2 bonus aléatoires]. $t[Bonus retiré à l'adversaire :] Les objets $affected gagnent $chance2 % chance de coup critique. $t[Malus auto-infligé :] $chance % de chance de gagner $p_regen $regen. 

 Infligez +$p_unhealing % de vos PV en dégâts $effect (+$p_unhealing2 % par objet $dark $affected2).","$t[Раз в $cd сек.:] добавляет до $p_buffs случайных усилений, $red[противник получает до $p_buffs2 случайных усилений]. $t[При снятии усиления с противника:] $affected предметы получают $chance2% шанса критического удара. $t[При наложении негативного эффекта на самого героя:] $chance% шанс получить $p_regen $regen. 

 Наносит +$p_unhealing% восстановленного здоровья как $effect-урон (+$p_unhealing2% за каждый $affected2 $dark-предмет).","$t[A cada $cd s:] Ganha $p_buffs buffs aleatórios, $red[seu oponente ganha $p_buffs2 buffs aleatórios]. $t[Buff removido do oponente:] Itens $affected ganham $chance2% de chance de acerto crítico. $t[Debuff auto-infligido:] $chance% de chance de ganhar $p_regen $regen. 

 Causa +$p_unhealing% da sua cura como dano de $effect (+$p_unhealing2% por cada item $affected2 do tipo $dark).","$t[Cada $cd s:] obtienes $p_buffs ventajas al azar, $red[tu rival obtiene $p_buffs2 ventajas al azar]. $t[Ventaja eliminada del rival:] $affected objetos obtienen un $chance2 % de probabilidad de golpe crítico. $t[Desventaja autoaplicada:] $chance % de probabilidad de obtener $p_regen $regen. 

 Haces +$p_unhealing % de tu curación como daño de $effect (+$p_unhealing2 % por cada $affected2 objetos $dark)."
<!MissingKey:555:$t[Every $cds:] Deal $dam $effect-damage and inflict $p_blind $blind. Increase damage by $p_damincrease. $t[Charge received:] Trigger $p_speed% faster (up to $p_max times).>,$t[Every $cds:] Deal $dam $effect-damage and inflict $p_blind $blind. Increase damage by $p_damincrease. $t[Charge received:] Trigger $p_speed% faster (up to $p_max times).,$t[Alle $cds:] Verursache $dam $effect-Schaden und $p_blind $blind. Erhöhe den Schaden \~um $p_damincrease. $t[Ladung erhalten:] Aktiviere $p_speed% schneller (bis zu $p_max mal).,$t[每$cds：]造成$dam点$effect伤害并向对手施加$p_blind层$blind。造成的伤害提高$p_damincrease点。$t[获得电荷时：]触发速度快$p_speed%（最多$p_max次）。,$t[$cd秒毎：]$dam $effect ダメージを与え、$p_blind $blind を付与する。与えるダメージが$p_damincrease増える$t[通電時：]使用速度が$p_speed%上がる（最大$p_max回まで）,$t[$cd초마다:] $effect 피해를 $dam 가하고 $blind을 $p_blind 부여합니다. 피해량이 $p_damincrease만큼 증가합니다. $t[전하를 받을 시:] $p_speed% 빠르게 발동합니다 (최대 $p_max번).,$t[每$cds：]造成$dam點$effect傷害並向對手施加$p_blind層$blind。造成的傷害提高$p_damincrease點。$t[獲得電荷時：]觸發速度快$p_speed%（最多$p_max次）。,$t[Toutes les $cd s :] infligez $dam de dégâts $effect et infligez $p_blind $blind. Augmentez les dégâts de $p_damincrease. $t[Charge reçue :] se déclenche $p_speed % plus vite (jusqu'à $p_max fois).,$t[Раз в $cd сек.:] наносит $dam $effect-урона и накладывает на противника $p_blind $blind. Повышает урон на $p_damincrease ед. $t[При получении заряда:] срабатывает на $p_speed% чаще (до $p_max раз).,$t[A cada $cd s:] Causa $dam de dano-$effect e inflige $p_blind $blind. Aumenta o dano em $p_damincrease. $t[Carga recebida:] Ativa $p_speed% mais rápido (até $p_max vezes).,$t[Cada $cd s:] Inflige $dam de daño $effect y $p_blind $blind. Aumenta el daño en $p_damincrease. $t[Al recibir carga:] Se activa un $p_speed % más rápido (hasta $p_max veces).
"<!MissingKey:556:Look at you, all coiled up like that.>","Look at you, all coiled up like that.","Keine Zeit dich einzurollen, du wirst gebraucht!",看看你，全都卷起来了。,このゲームなら巻きでプレイしなくても大丈夫。,"보세요, 똘똘 말려 있네요.",看看你，全都捲起來了。,"Regardez-vous, tout embobiné comme ça.","Смотри-ка, вся свернулась в витки.","Olha só pra você, todo enrolado.","Mírate, vibrando de tensión."
<!MissingKey:557:Mecha Armor>,Mecha Armor,Mecharüstung,机械护甲,メカアーマー,기계 갑옷,機械護甲,Armure mécha,Меха-броня,Armadura Mecânica,Armadura mecánica
<!MissingKey:558:$t[Start of battle:] $affected $h[Weapons] gain \~ $p1 damage. >,"$t[Start of battle:] $affected $h[Weapons] gain \~ $p1 damage. 

 $affected items give +$p_blockfactor% $bl.","$t[Kampfbeginn:] $affected $h[Waffen] verursachen +$p1 Schaden. 

 $affected Gegenstände erzeugen +$p_blockfactor% $bl.","$t[战斗开始时：]$affected的$h[武器]攻击力+$p1。

$affected的物品提供的$bl+$p_blockfactor%。","$t[バトル開始時：]$affectedにある$h[武器]のダメージ値が$p1増える

$affectedにあるアイテムの $bl +$p_blockfactor%","$t[전투 시작 시:] $affected에 위치한 $h[무기]가 가하는 피해가 $p1 증가합니다.

$affected에 위치한 아이템이 $bl를 $p_blockfactor% 추가로 제공합니다.","$t[戰鬥開始時：]$affected的$h[武器]攻擊力+$p1。

$affected的物品提供的$bl+$p_blockfactor%。","$t[Au début du combat :] $affected les [Armes] $h gagnent $p1 de dégâts. 

 Les objets $affected donnent +$p_blockfactor % $bl.","$t[Начало боя:] $affected $h[оружие] получает +$p1 ед. к урону. 

 $affected предметы добавляют +$p_blockfactor% $bl.","$t[Início da batalha:] As $h[Armas] $affected ganham $p1 de dano. 

 Itens $affected dão + $p_blockfactor% $bl.","$t[Al comienzo de la batalla:] Las $affected $h[armas] ganan $p1 de daño. 

 Los $affected objetos dan +$p_blockfactor % $bl."
<!MissingKey:559:$t[After $cds:] Inflict $p_poison $poison and $p_poison2 $poison $red[to yourself]. $t[Charge received:] Advance cooldown by $p3s. >,"$t[After $cds:] Inflict $p_poison $poison and $p_poison2 $poison $red[to yourself]. $t[Charge received:] Advance cooldown by $p3s. 

 While you have at least $p_luckt $lucky, $poison on your opponent has $chance% critical hit chance.","$t[Nach $cds:] Verursache $p_poison $poison und $red[dir selbst] $p_poison2 $poison. $t[Ladung erhalten:] Setze die Abklingzeit um $p3s nach vorn. 

 Solange du mindestens $p_luckt $lucky hast: \~$poison auf deinem Gegner hat $chance% kritische Trefferchance.","$t[$cds后：]施加$p_poison层$poison，并$red[对自身施加$p_poison2层$poison]。$t[获得电荷时：]推进$p3s冷却进度。

当你至少有$p_luckt点$lucky时，对手身上的$poison暴击几率为$chance%。","$t[$cd秒後：]相手に$p_poison $poison を付与し、$red[自分に$p_poison2 $poison を付与する]$t[通電時：]クールダウンを$p3秒進める

$p_luckt $lucky以上ある間、相手に与える $poison のクリティカル率 +$chance%","$t[$cd초 후:] 상대에게 $poison을 $p_poison, $red[자신에게] $poison을 $p_poison2 부여합니다. $t[전하를 받을 시:] 재사용 대기 시간이 $p3초 앞당겨집니다.

$p_luckt 이상의 $lucky을 보유 시, 상대에게 $poison을 부여할 때 $chance%의 치명타 확률을 지닙니다.","$t[$cds後：]施加$p_poison層$poison，並$red[對自身施加$p_poison2層$poison]。$t[獲得電荷時：]推進$p3s冷卻進度。

當你至少有$p_luckt點$lucky時，對手身上的$poison暴擊幾率為$chance%。","$t[Après $cd s :] infligez $p_poison $poison et $p_poison2 $poison $red[à vous-même]. $t[Charge reçue :] réduisez le temps de recharge de $p3 s. 

 Tant que vous avez au moins $p_luckt $lucky, $poison de votre adversaire a $chance % de chance de coup critique.","$t[Через $cd сек.:] накладывает на противника $p_poison $poison и $p_poison2 $poison $red[на самого героя]. $t[При получении заряда:] снижает время перезарядки на $p3 сек. 

 Если у героя не менее $p_luckt $lucky, есть шанс $chance%, что $poison нанесет противнику критический удар.","$t[Após $cd s:] Inflige $p_poison $poison e $p_poison2 $poison $red[em si mesmo]. $t[Carga recebida:] Acelera a recarga em $p3 s. 

 Enquanto você tiver ao menos $p_luckt $lucky, o $poison em seu oponente tem $chance% de chance de acerto crítico.","$t[Tras $cd s:] Inflige $p_poison $poison y $p_poison2 $poison $red[a ti mismo]. $t[Al recibir carga:] Avanza la recarga en $p3 s. 

 Mientras tengas al menos $p_luckt $lucky, $poison en tu rival tiene un $chance % de probabilidad de golpe crítico."
<!MissingKey:560:Enraged Phoenix>,Enraged Phoenix,Stürzender Phönix,怒火凤凰,怒れるフェニックス,격노한 불사조,怒火鳳凰,Phénix enragé,Разъяренный феникс,Fênix Enfurecida,Fénix furioso
KEYBIND_redo,Inventory redo,Wiederholen,背包整理恢复,やり直し（リドゥ）,인벤토리 복구,背包整理恢復,Rétablir l'inventaire,Отменить действие в инвентаре,Refazer inventário,Rehacer inventario
<!MissingKey:562:Who's a gud BO1? You are a gud BO1! Here is a tasty battery for my little screwiepooie.>,Who's a gud BO1? You are a gud BO1! Here is a tasty battery for my little screwiepooie.,Wer ist ein guter J(_)ng3? Du bist ein guter J(_)ng3!! Jetzt iss deine Schrauben.,谁是好孩子？你就是好孩子！给我的小螺丝宝贝一块美味的电池。,ヨーシヨシ。イイコ ニハ、オイシイ バッテリー ヲ、アゲヨウ ネェ。,이리 와서 맛있는 배터리 먹으렴! 착한 나사 멍멍아.,誰是好孩子？你就是好孩子！給我的小螺絲寶貝一塊美味的電池。,"Qui c'est le bon garçon ? C'est toi, le bon garçon ! Tiens, une délicieuse pile pour mon petit chéri.","Кто тут у нас хороший мальчик? Ты хороший мальчик! Вот тебе вкусная батареечка, мой сладенький винтичек.","Quem é um bom garoto?! Você! Toma essa bateria deliciosa, meu doguinho escavador!",¿Quién es un buen chico? ¡Tú eres un buen chico! Aquí hay una sabrosa batería para mi tornillín.
<!MissingKey:563:Cap of Brilliance>,Cap of Brilliance,Denkerkappe,辉光之帽,才気のヘルム,광휘의 모자,輝光之帽,Capuchon de brillance,Шлем гения,Elmo do Pensamento,Gorra de la brillantez
,,,,,,,,,,
<!MissingKey:565:Decadence is the source of my power!!>,Decadence is the source of my power!!,Dekadenz ist die Quelle meiner Macht!!,奢华腐化正是我力量的源泉！！,堕落こそ我が力の源！,타락은 제 힘의 원천입니다!,奢華腐化正是我力量的源泉！！,La décadence est la source de ma puissance !,Роскошь - источник моей силы!!!,Decadência é a fonte do meu poder!!,¡La decadencia es la fuente de mi poder!
<!MissingKey:566:A roughly fair trade!>,A roughly fair trade!,Ein mehr oder weniger fairer Handel!,这秤看起来不准！,まぁだいたい公平な取引だね！,대충 공정한 거래네요!,這秤看起來不准！,Un échange à peu près équitable !,Почти честная сделка!,Uma troca mais ou menos justo!,¡Un trato más o menos justo!
Magic Ring_GENERATED,This ring was imbued with the following random effects:,Dieser Ring hat die folgenden zufälligen Effekte:,该戒指被赋予了以下随机效果：,この指輪は以下のランダムな効果の力を帯びている,이 반지에는 다음과 같은 무작위 효과가 주입되었습니다:,該戒指被賦予了以下隨機效果：,Cette bague a été imprégnée des effets aléatoires suivants :,Это кольцо было наделено следующими случайными эффектами:,Este anel foi imbuído com os seguintes efeitos aleatórios:,Se imbuyó el anillo con los siguientes efectos aleatorios:
<!MissingKey:568:$t[Start of battle:] Gain $p_regen $regen + $p_regen_holy $regen per \~$affected $holy-item. $t[After $cds:] Gain $p_empower $empower + $p_empower_holy $empower per \~$affected $holy-item. $t[$regen gained:] Gain $p_maxhealth maximum health.>,$t[Start of battle:] Gain $p_regen $regen + $p_regen_holy $regen per \~$affected $holy-item. $t[After $cds:] Gain $p_empower $empower + $p_empower_holy $empower per \~$affected $holy-item. $t[$regen gained:] Gain $p_maxhealth maximum health.,$t[Kampfbeginn:] Erhalte $p_regen $regen + $p_regen_holy $regen pro $affected $holy-Gegenstand. $t[Nach $cds:] Erhalte $p_empower $empower + $p_empower_holy $empower pro \~$affected $holy-Gegenstand. $t[$regen erhalten:] Erhalte $p_maxhealth Maximalleben.,$t[战斗开始时：]获得$p_regen层$regen，每有一个$affected的$holy物品，额外获得$p_regen_holy层$regen。$t[$cds后：]获得$p_empower层$empower，每有一个$affected的$holy物品，额外获得$p_empower_holy层$empower。$t[获得$regen时：]获得$p_maxhealth点最大生命值。,$t[バトル開始時：]$p_regen $regen を獲得する（$affectedにある $holy アイテム1個につき +$p_regen_holy $regen）$t[$cd秒後：]$p_empower $empower を獲得する（$affectedにある $holy アイテム1個につき +$p_empower_holy $empower）$t[$regen獲得毎：]体力最大値が$p_maxhealth増える,"$t[전투 시작 시:] $regen을 $p_regen 획득하고, $affected에 위치한 $holy 아이템마다 $regen을 $p_regen_holy 획득합니다. $t[$cd초 후:] $empower를 $empower 획득하고, $affected에 위치한 $holy 아이템마다 $empower를 $p_empower_holy 획득합니다. $t[$regen 획득 시:] 최대 체력을 $p_maxhealth 획득합니다.",$t[戰鬥開始時：]獲得$p_regen層$regen，每有一個$affected的$holy物品，額外獲得$p_regen_holy層$regen。$t[$cds後：]獲得$p_empower層$empower，每有一個$affected的$holy物品，額外獲得$p_empower_holy層$empower。$t[獲得$regen時：]獲得$p_maxhealth點最大生命值。,$t[Au début du combat :] gagnez $p_regen $regen + $p_regen_holy $regen par objet $holy $affected. $t[Après $cd s :] gagnez $p_empower $empower + $p_empower_holy $empower par objet $holy $affected. $t[En gagnant $regen :] gagnez $p_maxhealth de PV max.,$t[Начало боя:] добавляет $p_regen $regen + $p_regen_holy $regen за каждый $affected $holy-предмет. $t[Через $cd сек.:] добавляет $p_empower $empower + $p_empower_holy $empower за каждый $affected $holy-предмет. $t[При получении $regen:] добавляет $p_maxhealth макс. здоровья.,$t[Início da batalha:] Ganha $p_regen $regen + $p_regen_holy $regen para cada item-$holy $affected. $t[Após $cd s:] Ganha $p_empower $empower + $p_empower_holy $empower para cada item-$holy $affected. $t[$regen ganha:] Ganha $p_maxhealth de vida máxima.,$t[Al comienzo de la batalla:] Obtiene $p_regen $regen + $p_regen_holy $regen por $affected objeto $holy. $t[Tras $cd s:] Obtiene $p_empower $empower + $p_empower_holy $empower por $affected objeto de $holy. $t[$regen obtenida:] Obtiene $p_maxhealth PS máx.
<!MissingKey:569:You deal less $ranged-damage.>,You deal less $ranged-damage.,Du verursachst weniger $ranged-Schaden.,你的$ranged伤害减小。,与える $ranged ダメージが減少する,가하는 $ranged 피해가 감소합니다.,你的$ranged傷害減小。,Tous les dégâts infligés $ranged sont réduits.,Ваш $ranged-урон снижается.,Seu dano $ranged causado é reduzido.,Tu daño $ranged infligido se reduce.
<!MissingKey:570:$melee-Damage Dealt: {val}>,$melee-Damage Dealt: {val},Verursachter $melee-Schaden: {val},造成的$melee伤害：{val},$melee 与ダメージ：{val},가하는 $melee 피해: {val},造成的$melee傷害：{val},Dégâts $melee infligés : {val},$melee-урон: {val},Dano $melee Causado: {val},Daño infligido $melee: {val}
<!MissingKey:571:Very Long Spear>,Very Long Spear,Sehr Langspeer,超长矛,ベリーロングスピア,엄청나게 긴 창,超長矛,Très longue lance,Супер-длинное копье,Lança Muito Longa,Lanza muy larga
<!MissingKey:572:A good predictor of academic success.>,A good predictor of academic success.,Im Grunde gleichbedeutend mit akademischem Erfolg.,魔法学院标准背包。,学業での成功を思わせる。,학문적 성공을 점쳐주는 좋은 지표입니다.,魔法學院標準背包。,Un indicateur fiable de la réussite scolaire.,Неплохой предсказатель академических успехов.,Um bom indicador de sucesso acadêmico.,Un buen indicador de tu éxito académico.
<!MissingKey:573:Spell Scroll: Ice Block >,Spell Scroll: Ice Block ,Zauberrolle: Eisblock,魔法卷轴：冰墙,呪文の巻物：氷の障壁,주문 스크롤: 얼음 방패,魔法卷軸：冰牆,Parchemin de sort : Bloc de glace,Свиток заклятия: ледяной булыжник,Pergaminho de Feitiço: Bloqueio de Gelo,Pergamino de conjuros: Bloque de hielo
KEYBIND_edit_all,Edit all,Alles editieren,编辑全部,すべて編集,모두 편집,編輯全部,Tout modifier,Редактировать все,Editar tudo,Editar todo
<!MissingKey:575:Tiger Rune>,Tiger Rune,Tigerrune,老虎符文,トラのルーン,호랑이의 룬,老虎符文,Rune de tigre,Руна тигра,Runa de Tigre,Runa de tigre
<!MissingKey:576:White King>,White King,Weißer König,白色国王,白のキング,화이트 킹,白色國王,Roi blanc,Светлый король,Rei Branco,Rey blanco
<!MissingKey:577:A true friend always comes back when you throw him at your enemies!>,A true friend always comes back when you throw him at your enemies!,"Ein wahrer Freund kommt immer wieder zurück, wenn man ihn auf seine Feinde wirft. ",飞回来的时候接住了……,一流の商人なら、商品がどんなものかキチンと見極めないと。どんなのか分からないものを売りつけるなんてもってのほかだよ！,진정한 친구는 다시 돌아오는 법입니다.,飛回來的時候接住了……,Un véritable ami revient toujours quand vous le livrez à vos ennemis !,Настоящий друг всегда возвращается. Даже если ты швырнул его во врага.,Um verdadeiro amigo sempre volta quando você o atira contra seus inimigos!,¡Un verdadero amigo que siempre regresa cuando lo lanzas contra tus enemigos!
<!MissingKey:578:They get the heat in deep. Like very brutal acupuncture.>,They get the heat in deep. Like very brutal acupuncture.,"Die kriegen die Hitze richtig tief rein, wirklich brutale Akupunktur.",它们把热量扎得很深。就像非常残暴的针灸。,この熱は奥深くまで届く。激しい鍼治療みたいにね。,"깊은 곳에서부터 끓어오르는 열기로, 잔인한 침술을 수행합니다.",它們把熱量扎得很深。就像非常殘暴的針灸。,Avec une chaleur très intense… Un peu comme une acupuncture en mode brutal.,Они загоняют жар глубоко. Почти как очень жесткая акупунктура.,O calor vai lá no fundo. É uma acupuntura brutal.,Aplican el calor hasta el fondo. Como una acupuntura muy brutal.
<!MissingKey:579:Shovel-B01 3000>,Shovel-B01 3000,Schaufel-J(_)ng3 3000,火箭犬-B01 3000,シャベル B01-3000,삽-B01 3000,火箭犬-B01 3000,Pelle-B01 3000,Лопата-B01 3000,Pá-G4ROT0 3000,Pala-B01 3000
<!MissingKey:580:Debuff Reflects: {val}>,Debuff Reflects: {val},Debuff-Reflexionen: {val},减益效果反弹：{val},デバフ反射：{val},디버프 반사: {val},減益效果反彈：{val},Réflexions de malus : {val},Отражения негативных эффектов: {val},Reflexão de Debuff: {val},Devolución de desventajas: {val}
"<!MissingKey:581:$t[Every $cds:] Deal $dam $effect-damage + $p_dam_spikes for each $spikes + $p_dam_empower for each $empower. $t[Health drops below $p_healtht%:] Gain $p_spikes $spikes, \~$p_empower $empower and $block $bl (once). >","$t[Every $cds:] Deal $dam $effect-damage + $p_dam_spikes for each $spikes + $p_dam_empower for each $empower. $t[Health drops below $p_healtht%:] Gain $p_spikes $spikes, \~$p_empower $empower and $block $bl (once). 

 Triggers $p_petspeed% faster for each $affected $h[Pet] or $h[Food].","$t[Alle $cds:] Verursache $dam $effect-Schaden \~+ $p_dam_spikes pro $spikes + $p_dam_empower pro $empower. $t[Leben fällt unter $p_healtht%:] \~Erhalte $p_spikes $spikes, $p_empower $empower und $block $bl (einmalig). 

 Aktiviert $p_petspeed% schneller pro \~$affected $h[Gefährte] oder $h[Essen].","$t[每$cds：]造成$dam点$effect伤害，且每有一层$spikes再+ $p_dam_spikes点伤害，每有一层$empower再+ $p_dam_empower点伤害。$t[当生命值低于$p_healtht%时：]获得$p_spikes层$spikes，还有$p_empower层$empower和$block点$bl（单次触发）。

每有一个$affected的$h[宠物]或 $h[食物]，触发速度快$p_petspeed%。","$t[$cd秒毎：]$dam $effect ダメージを与える（$spikes 1スタックにつき +$p_dam_spikesダメージ、$empower 1スタックにつき +$p_dam_empowerダメージ） $t[体力が$p_healtht%未満に低下時：]$p_spikes $spikes と$p_empower $empower と$block $bl を獲得する（1回のみ） 

 $affectedにある$h[ペット]または$h[食べ物] 1つにつき使用速度が$p_petspeed%上がる","$t[$cd초마다:] $effect 피해를 $dam 가합니다 (보유한 $spikes마다 $p2씩, $empower마다 $p_dam_empower씩 증가). $t[체력이 $p_healtht% 아래로 떨어질 시:] $spikes를 $p_spikes, $empower를 $p_empower, $bl를 $block 획득합니다 (한 번).

$affected에 위치한 $h[펫]과 $h[음식]마다 $p_petspeed% 빠르게 발동합니다.","$t[每$cds：]造成$dam點$effect傷害，且每有一層$spikes再+ $p_dam_spikes點傷害，每有一層$empower再+ $p_dam_empower點傷害。$t[當生命值低於$p_healtht%時：]獲得$p_spikes層$spikes，還有$p_empower層$empower和$block點$bl（單次觸發）。

每有一個$affected的$h[寵物]或 $h[食物]，觸發速度快$p_petspeed%。","$t[Toutes les $cd s :] infligez $dam de dégâts $effect + $p_dam_spikes pour chaque $spikes + $p_dam_empower pour chaque $empower. $t[PV inférieurs à $p_healtht % :] gagnez $p_spikes $spikes, $p_empower $empower et $block $bl (une fois). 

 Se déclenche $p_petspeed % plus vite pour chaque $h[Nourriture] ou $h[Familier] $affected.","$t[Раз в $cd сек.:] наносит $dam $effect-урона + $p_dam_spikes за каждый эффект $spikes + $p_dam_empower за каждый эффект $empower. $t[При здоровье ниже $p_healtht%:] добавляет $p_spikes $spikes, $p_empower $empower и $block $bl (один раз за бой). 

 Срабатывает на $p_petspeed% чаще за каждый $affected предмет типа $h[питомец] или $h[еда].","$t[A cada $cd s:] Causa $dam de dano de $effect + $p_dam_spikes por cada $spikes + $p_dam_empower por cada $empower. $t[Vida abaixo de $p_healtht%:] Ganha $p_spikes $spikes, $p_empower $empower e $block $bl (uma vez). 

 Ativa $p_petspeed% mais rápido por cada $h[Animal] ou $h[Alimento] $affected.","$t[Cada $cd s:] haces $dam daño de $effect + $p_dam_spikes por cada $spikes + $p_dam_empower por cada $empower. $t[PS caen por debajo del $p_healtht %:] obtienes $p_spikes $spikes, $p_empower $empower y $block $bl (una vez). 

 Se activa $p_petspeed % más rápido por cada $affected $h[mascota] o $h[comida]."
<!MissingKey:582:You deal more $effect-damage.>,You deal more $effect-damage.,Du verursachst mehr $effect-Schaden.,你的$effect伤害增加。,与える $effect ダメージが増加する,가하는 $effect 피해가 증가합니다.,你的$effect傷害增加。,Tous les dégâts infligés $effect sont augmentés.,Ваш $effect-урон повышается.,Seu dano $effect causado é aumentado.,Tu daño $effect infligido aumenta.
<!MissingKey:583:Generator>,Generator,Generator,发电机,発電機,발전기,發電機,Générateur,Генератор,Gerador,Generador
<!MissingKey:584:Add $h[4] backpack slots. >,"Add $h[4] backpack slots. 

 Effect durations of items inside are increased by $p_bonusdur%.","Füge $h[4] Rucksackplätze hinzu. 

 Effektdauern von Gegenständen darin sind $p_bonusdur% länger.","增加$h[4]格背包槽位。

背包内物品的效果持续时间增加$p_bonusdur%。","バックパックのスロットを$h[4]追加する 

中にあるアイテムの効果時間 +$p_bonusdur%","배낭 슬롯을 $h[4]개 추가합니다.

내부에 위치한 아이템의 효과 지속 시간이 $p_bonusdur% 증가합니다.","增加$h[4]格背包槽位。

背包內物品的效果持續時間增加$p_bonusdur%。","Ajoutez $h[4] emplacements de sac à dos. 

 Les durées d'effet des objets à l'intérieur augmentent de $p_bonusdur %.","Добавляет $h[4] слота к рюкзаку. 

 Длительность действия эффектов предметов внутри увеличивается на $p_bonusdur%.","Adiciona $h[4] espaços na mochila. 

 A duração dos efeitos dos itens dentro é aumentada em $p_bonusdur%.","Añade $h[4] espacios a la mochila. 

 La duración de los efectos de los objetos en su interior aumenta un $p_bonusdur %."
HINT_SwitchModeGold,Remaining $gold will not transfer.,Verbleibendes $gold wird nicht übertragen.,剩余的$gold不会继承。,"残った $gold は
持ち越せないよ。",남은 $gold는 옮겨지지 않습니다.,剩餘的$gold不會繼承。,L'or restant ($gold) ne sera pas transféré.,Оставшиеся $gold не переносятся.,O $gold restante não será transferido.,El $gold sobrante no se transferirá.
BUTTON_DamageNumbers,Show Numbers,Zahlen,显示数字,数値の表示,숫자 표시,顯示數位,Afficher les chiffres,Показать значения,Mostrar Números,Mostrar números
<!MissingKey:587:Jynx Staff>,Jynx Staff,Wendehals-Stab,小鸟法杖,アリスイの杖,개미잡이 지팡이,小鳥法杖,Bâton de farfadet,Птичий посох,Cajado da Jinx,Bastón de maleficio
<!MissingKey:588:$affected $h[Garlic] gains +$p_blockbonus $bl. $t[$affected items gained $p_blockt $bl:] Inflict $p_poison $poison.>,$affected $h[Garlic] gains +$p_blockbonus $bl. $t[$affected items gained $p_blockt $bl:] Inflict $p_poison $poison.,$affected $h[Knoblauch] erzeugt +$p_blockbonus $bl. $t[$affected Gegenstände erzeugen $p_blockt $bl :] Verursache $p_poison $poison.,$affected的$h[大蒜]获得+$p_blockbonus点$bl。$t[$affected的物品每获得$p_blockt点$bl：]向对手施加$p_poison层$poison。,$affectedにある$h[ニンニク]の $bl +$p_blockbonus $t[$affectedにあるアイテムが$p_blockt $bl 獲得毎：]$p_poison $poison を付与する,$affected에 위치한 $h[마늘]이 획득하는 $bl가 $p_blockbonus 증가합니다. $t[$affected에 위치한 아이템이 $bl를 $p_blockt 획득 시:] $poison을 $p_poison 부여합니다.,$affected的$h[大蒜]獲得+$p_blockbonus點$bl。$t[$affected的物品每獲得$p_blockt點$bl：]向對手施加$p_poison層$poison。,L'$h[Ail] $affected gagne +$p_blockbonus $bl. $t[Les objets $affected gagnent $p_blockt $bl :] infligez $p_poison $poison.,$affected $h[чеснок] добавляет герою +$p_blockbonus $bl. $t[Когда $affected предметы добавляют герою не менее $p_blockt $bl:] накладывает на противника $p_poison $poison.,$h[Alho] $affected ganha +$p_blockbonus $bl. $t[Itens $affected ganhos $p_blockt $bl:] Inflige $p_poison $poison.,$affected $h[Ajo] obtiene +$p_blockbonus $bl. $t[Si los objetos $affected obtienen $p_blockt $bl:] aplicas $p_poison $poison.
<!MissingKey:589:A little better every day.>,A little better every day.,Etwas besser jeden Tag.,每天都进步一小点。,特に効果音は鳴らないけど勘弁してね。,매일매일 조금씩 성장합니다.,每天都進步一小點。,Un peu mieux chaque jour.,Каждый день — чуть лучше.,Um pouco melhor a cada dia.,Un poco mejor cada día.
<!MissingKey:590:Negates the next debuff you are inflicted with.>,Negates the next debuff you are inflicted with.,"Negiert den nächsten Debuff, der dich treffen würde.",下一个对你施加的减益效果无效。,次に受けるデバフを無効化する,다음에 자신에게 부여되는 디버프를 무효화합니다.,下一個對你施加的減益效果無效。,Annule le prochain malus qui vous est infligé.,"Вы проигнорируете следующий негативный эффект, наложенный на вас.",Anula o próximo debuff que você sofrer.,Anula la próxima desventaja que te apliquen.
<!MissingKey:591:Scale>,Scale,Waage,天平,天秤,저울,天平,Balance,Весы,Escama,Balanza
<!MissingKey:592:Shieldmaster>,Shieldmaster,Schildmeister,盾牌大师,シールドマスター,실드마스터,盾牌大師,Maître de défense,Мастер щитов,Mestre dos Escudos,Maestro escudero
"<!MissingKey:593:In a frozen mirror, you always look cool.>","In a frozen mirror, you always look cool.",In einem vereisten Spiegel sieht man immer cool aus.,照冰镜，你永远都是冷酷无情。,凍った鏡に映るキミはいつでもクールさ。,"차가운 거울로 보면, 모든 것이 쿨해보입니다.",照冰鏡，你永遠都是冷酷無情。,"Un miroir de glace, c'est la fraîcheur assurée.",От твоего отражения в замороженном зеркале у меня мороз по коже.,"Em um espelho congelado, você sempre parece descolado.","En un espejo congelado, siempre te ves cool."
<!MissingKey:594:Scissorswords>,Scissorswords,Scherenschwerter,剑剪刀,シザーソード,가위칼,劍剪刀,Épées-ciseaux,Меченожницы,Épées-ciseaux,Espadas tijera
"<!MissingKey:595:Look at him, cowardly hiding until the endgame.>","Look at him, cowardly hiding until the endgame.","Schau ihn dir an, versteckt sich feige bis ins Endspiel.",看看这个所谓的国王，一直躲到游戏结束。,コイツを見てよ。終盤までコソコソ隠れてるんだ。,엔드게임까지 숨어있는 저 비겁한 모습 좀 보세요.,看看這個所謂的國王，一直躲到遊戲結束。,"Regardez-le, se cachant lâchement jusqu'à la fin.","Смотрите, как он прячется... до самого эндшпиля, трус.","Olhe para ele, covarde, se escondendo até o final do jogo.","Míralo, escondiéndose como cobarde hasta el final del juego."
"<!MissingKey:596:Goobert knows what good for him (it's broccoli, and most other things).>","Goobert knows what good for him (it's broccoli, and most other things).","Ein Goobert weiß, was ihm schmeckt (Brokkoli, und auch die meisten anderen Dinge). ",黏黏不挑食的，喜欢吃蔬菜。,スラバートは自分の健康にイイものを知ってるんだね。（ブロッコリーはもちろん、たいていのものも健康にイイけどね）,슬돌이는 뭘 먹어야 몸에 좋은지 잘 알고 있습니다 (브로콜리 외에도 말이죠).,黏呼呼不挑食的，喜歡吃蔬菜。,"Un Viskeu sait ce qui est bon pour lui (comme les brocolis, et presque tout le reste).","Слаймер знает, что полезно. Брокколи. И все остальное тоже. Ну почти все.","Gosberto sabe o que é bom para ele (é brócolis, e a maioria das outras coisas).","Viscosino sabe qué le gusta (brócoli, y casi todo lo demás)."
KEYBIND_edit_items,Edit items,Gegenstände editieren,编辑物品,アイテム編集,아이템 편집,編輯物品,Modifier les objets,Редактировать предметы,Editar itens,Editar objetos
"<!MissingKey:598:$t[$p1 $affected item activations:] Heal for $p_heal, regenerate $p_stamina stamina, gain $block $bl, \~$p_regen $regen and $p_vampirism $vampirism, inflict $p_blind $blind, and \~$affected $h[Weapons] gain $p_dambonus damage.>","$t[$p1 $affected item activations:] Heal for $p_heal, regenerate $p_stamina stamina, gain $block $bl, \~$p_regen $regen and $p_vampirism $vampirism, inflict $p_blind $blind, and \~$affected $h[Weapons] gain $p_dambonus damage.","$t[$p1 $affected Gegenstand-Aktivierungen:] Heile um $p_heal, regeneriere $p_stamina Ausdauer, erhalte $block $bl, $p_regen $regen und \~$p_vampirism $vampirism, verursache $p_blind $blind, und \~$affected $h[Waffen] verursachen +$p_dambonus Schaden.",$t[$affected的物品激活达到$p1次：]恢复$p_heal点生命值，恢复$p_stamina点耐力，获得$block点$bl，$p_regen层$regen和$p_vampirism点$vampirism，向对手施加$p_blind层$blind，并且$affected的$h[武器]获得$p_dambonus点伤害加成。,$t[$affectedにあるアイテム$p1回発動時：]体力を$p_heal回復し、スタミナを$p_stamina回復し、$block $bl と$p_regen $regen と$p_vampirism $vampirism を獲得し、$p_blind $blind を付与する。さらに$affectedにある$h[武器]のダメージ値が$p_dambonus増える,"$t[$affected에 위치한 아이템이 $p1회 발동 시:] 체력을 $p_heal, 스태미나를 $p_stamina 회복하고, $bl를 $block, $regen을 $p_regen, $vampirism을 $p_vampirism 획득하고, $blind을 $p_blind 부여하고, $affected에 위치한 $h[무기]가 가하는 피해가 $p_dambonus 증가합니다.",$t[$affected的物品啟動達到$p1次：]恢復$p_heal點生命值，恢復$p_stamina耐力，獲得$block點$bl，$p_regen層$regen和$p_vampirism點$vampirism，向對手施加$p_blind層$blind，並且$affected的$h[武器]獲得$p_dambonus點傷害加成。,"$t[En activant l'objet $p1 $affected :] guérissez de $p_heal, régénérez $p_stamina d'endurance, gagnez $block $bl, $p_regen $regen et $p_vampirism $vampirism, infligez $p_blind $blind, et les $h[Armes] $affected gagnent $p_dambonus de dégâts.","$t[После $p1 срабатываний $affected предметов:] восстанавливает $p_heal здоровья и $p_stamina энергии, добавляет $block $bl, $p_regen $regen и $p_vampirism $vampirism. Накладывает на противника $p_blind $blind, а $affected $h[оружие] получает +$p_dambonus ед. урона.","$t[$p1 ativações de item $affected:] Cura $p_heal, regenera $p_stamina de vigor, ganha $block $bl, $p_regen $regen e $p_vampirism $vampirism, inflige $p_blind $blind, e $h[Armas] $affected ganham $p_dambonus de dano.","$t[Al activar $p1 $affected objetos:] Recupera $p_heal, recupera $p_stamina de resistencia, obtiene $block $bl, $p_regen $regen y $p_vampirism $vampirism, inflige $p_blind $blind, y las $affected $h[armas] obtienen $p_dambonus de daño."
TOOLTIP_Always Offered2,Always offered in rounds {round1} and {round2}. ,Wird immer in Runde {round1} und {round2} angeboten.,在第{round1}回合和{round2}回合必然出现。,ラウンド{round1}とラウンド{round2}で必ず出現,{round1} 라운드와 {round2} 라운드에 항상 제공됩니다.,在第{round1}回合和{round2}回合必然出現。,Toujours disponible dans les tours {round1} et {round2}.,Всегда появляется на раундах {round1} и {round2}.,Sempre oferecido em rodadas {round1} e {round2}.,Siempre se ofrece en las rondas {round1} y {round2}.
TUTORIAL_Subclass,"In round 8, it's time to choose a $h[subclass]. Consider well, you may only pick one!","Es ist Runde 8, also Zeit, deine $[Subklasse] zu wählen. Überleg gut, du darfst nur eine haben.",在第8回合，选择$h[子职业]。好好想想，只能选一个！,ラウンド8では、$h[サブクラス]を選ぶんだ。よ～く考えてね。選べるのはひとつだけだよ！,"8라운드에는 $h[보조 직업]을 선택하게 됩니다. 하나만 선택할 수 있으니, 잘 고민해보세요!",在第8回合，選擇$h[子職業]。好好想想，只能選一個！,"Au tour 8, il est temps de choisir une $h[Sous-classe]. Réfléchissez bien, vous ne pouvez en choisir qu'une seule !",На 8-м раунде нужно выбрать $h[подкласс]. Сделайте мудрый выбор!,"Na rodada 8, é hora de escolher uma $h[subclasse]. Pense bem, você só pode escolher uma!","En la ronda 8, toca elegir una $h[subclase]. Piénsalo bien, ¡solo puedes elegir una!"
<!MissingKey:601:You are crafting manually now.>,You are crafting manually now.,Du baust das jetzt selber.,现在你需要手动制作了。,これからは手動でクラフトしてね。,이제부터 직접 만들어야 합니다.,現在你需要手動製作了。,Vous effectuez actuellement une fabrication manuelle.,"Ну все, теперь будешь создавать предметы ручками.",Agora você está fabricando manualmente.,Modo manual activado.
Magic Ring_LIBRARY,Gains $p_effects of the following effects:,Erhält $p_effects der folgenden Effekte:,获得以下效果中的$p_effects个效果：,以下の効果のうち$p_effectsつを獲得する,다음 효과 중 $p_effects개를 획득합니다:,獲得以下效果中的$p_effects個效果：,Gagne $p_effects des effets suivants :,Получает до $p_effects из следующих эффектов:,Ganha $p_effects dos seguintes efeitos:,Obtiene $p_effects de los siguientes efectos:
SURVIVAL3,I know you can do it.,Du kannst das.,我知道你能行的。,キミならやれるよね。,해낼 수 있을 겁니다.,我知道你能行的。,Je sais que vous pouvez le faire.,"Я верю, у вас все получится.",Eu sei que você consegue.,Sé que puedes hacerlo.
<!MissingKey:604:Rainbow Potion>,Rainbow Potion,Regenbogentrank,彩虹魔药,レインボーポーション,무지개 포션,彩虹魔藥,Potion de arc-en-ciel,Радужное зелье,Poção Arco-íris,Poción arcoíris
SURVIVAL2,I love the confidence.,Selbstbewusstsein ist wichtig.,我喜欢你的自信。,その自信満々っぷり、嫌いじゃないよ。,자신감 있는 모습 좋네요.,我喜歡你的自信。,J'apprécie votre assurance.,Обожаю вашу уверенность.,Adoro a confiança.,Me encanta esa confianza.
SURVIVAL1,Now it's getting serious.,Jetzt wird's ernst.,开始上强度了。,緊迫してきたね。,이제 진지하게 해야겠네요.,開始上強度了。,On passe enfin aux choses sérieuses.,Теперь все серьезно.,Agora a coisa ficou séria.,Ahora la cosa se pone seria.
<!MissingKey:607:$t[$affected items gained $p_gained buffs:] \~Cleanse $p_blind $blind and heal for $p_heal. $t[$affected items used $p_used buffs:] \~Gain $p_luck $lucky and $p_mana $mana and become invulnerable for $p_dur_1s (once). $t[Every $cds:] Gain $p_luck2 $lucky and $p_mana2 $mana.>,$t[$affected items gained $p_gained buffs:] \~Cleanse $p_blind $blind and heal for $p_heal. $t[$affected items used $p_used buffs:] \~Gain $p_luck $lucky and $p_mana $mana and become invulnerable for $p_dur_1s (once). $t[Every $cds:] Gain $p_luck2 $lucky and $p_mana2 $mana.,$t[$affected Gegenstände erzeugen $p_gained Buffs:] \~Entferne $p_blind $blind und heile um $p_heal. $t[$affected Gegenstände nutzen $p_used Buffs:] \~Erhalte $p_luck $lucky und $p_mana $mana und werde für $p_dur_1s unverwundbar (einmalig). $t[Alle $cds:] Erhalte $p_luck2 $lucky und $p_mana2 $mana.,$t[$affected的物品获得$p_gained层增益效果时：]净化$p_blind层$blind，并恢复$p_heal点生命值。$t[$affected的物品消耗$p_used层增益效果时：]获得$p_luck点$lucky和$p_mana点$mana，并进入无敌状态，持续$p_dur_1s（单次触发）。$t[每$cds：]获得$p_luck2点$lucky和$p_mana2点$mana。,$t[$affectedにあるアイテムが$p_gainedバフ獲得毎：]$p_blind $blind を解除し、体力を$p_heal回復する$t[$affectedにあるアイテムが$p_usedバフ消費毎：]$p_luck $lucky と$p_mana $mana を獲得し、$p_dur_1秒間無敵になる（1回のみ）$t[$cd秒毎：]$p_luck2 $lucky と$p_mana2 $mana を獲得する,"$t[$affected에 위치한 아이템이 버프를 $p_gained개 획득 시:] $blind을 $p_blind 제거하고 체력을 $p_heal 회복합니다. $t[$affected에 위치한 아이템이 버프를 $p_used 사용 시:] $lucky을 $p_luck, $mana를 $p_mana 획득하고 $p_dur_1초 동안 무적 상태가 됩니다 (한 번). $t[$cd초마다:] $lucky을 $p_luck2, $mana를 $p_mana2 획득합니다.",$t[$affected的物品獲得$p_gained層增益效果時：]淨化$p_blind層$blind，並恢復$p_heal點生命值。$t[$affected的物品消耗$p_used層增益效果時：]獲得$p_luck點$lucky和$p_mana點$mana，並進入無敵狀態，持續$p_dur_1s（單次觸發）。$t[每$cds：]獲得$p_luck2點$lucky和$p_mana2點$mana。,$t[Les objets $affected gagnent $p_gained bonus :] purgez $p_blind $blind et guérissez de $p_heal. $t[Les objets $affected utilisent $p_used buffs :] gagnez $p_luck $lucky and $p_mana $mana et devenez invulnérable pendant $p_dur_1 s (une fois). $t[Toutes les $cd s :] gagnez $p_luck2 $lucky et $p_mana2 $mana.,"$t[Когда $affected предметы используют не менее $p_gained усилений:] снимает с героя $p_blind $blind и восстанавливает $p_heal здоровья. $t[Когда $affected предметы используют не менее $p_used усилений:] добавляет $p_luck $lucky и $p_mana $mana, а герой получает неуязвимость на $p_dur_1 сек. (один раз за бой). $t[Раз в $cd сек.:] добавляет $p_luck2 $lucky и $p_mana2 $mana.",$t[Itens $affected ganharam $p_gained buffs:] Purifica $p_blind $blind e cura $p_heal. $t[Itens $affected usaram $p_used buffs:] Ganha $p_luck $lucky e $p_mana $mana e se torna invulnerável por $p_dur_1 s (uma vez). $t[A cada $cd s:] Ganha $p_luck2 $lucky e $p_mana2 $mana.,"$t[Si los $affected objetos ganan $p_gained ventajas:] Purga $p_blind $blind y recupera $p_heal. $t[Si los $affected objetos usan $p_used ventajas:] Obtiene $p_luck $lucky y $p_mana $mana, y te vuelves invulnerable durante $p_dur_1 s (una vez). $t[Cada $cd s:] Obtiene $p_luck2 $lucky y $p_mana2 $mana."
<!MissingKey:608:Twine - making connections.>,Twine - making connections.,"Schnur - ein Produkt, das verbindet. ",能把道具缠绕在一起。,結び糸 ～人とか物とかをなんやかんや結ぶ。～,뭐든지 둘씩 엮어보세요.,能把道具纏繞在一起。,Une ficelle… pour créer des liens.,Канат — это про связи.,Barbante - fazendo conexões.,Hilo: conectando todo.
<!MissingKey:609:Hyper Hedgehog>,Hyper Hedgehog,Super-Igel,超级刺猬,ハイパー・ハリネズミ,하이퍼 고슴도치,超級刺蝟,Hyper hérisson,Гипер-ежик,Hiper Porco-espinho,Erizo hiperactivo
<!MissingKey:610:Daggerang>,Daggerang,Stecherang,匕首回旋镖,ダガーラン,칼날 부메랑,匕首迴旋鏢,Daguerang,Стальной бумеранг,Adaga Voadora,Dagamerán
<!MissingKey:611:$t[On attack:] Use $p_manat $mana to gain $p_buffs buffs of the type of which you have the most. >,"$t[On attack:] Use $p_manat $mana to gain $p_buffs buffs of the type of which you have the most. 

 Deals +$p_dam damage for each buff you have.","$t[Bei Angriff:] Nutze $p_manat $mana, um $p_buffs Buffs des Typs, von dem du am meisten hast, zu erhalten. 

 Verursacht +$p_dam Schaden pro Buff.","$t[攻击时：]消耗$p_manat点$mana来获得$p_buffs层你现有层数最多的增益效果。

每有一层增益效果，造成的伤害+$p_dam。","$t[攻撃時：]$p_manat $mana を消費して、一番多いバフを$p_buffs獲得する 

自分のバフ1スタックにつき与ダメージ +$p_dam","$t[공격 시:] $mana를 $p_manat 사용해 보유한 버프 중 가장 많은 버프를 $p_buffs 획득합니다.

보유한 버프마다 가하는 피해가 $p_dam 증가합니다. ","$t[攻擊時：]消耗$p_manat點$mana來獲得$p_buffs層你現有層數最多的增益效果。

每有一層增益效果，造成的傷害+$p_dam。","$t[Par attaque :] utilisez $p_manat $mana pour gagner $p_buffs bonus du type dont vous disposez le plus. 

 Inflige +$p_dam de dégâts pour chaque bonus que vous avez.","$t[При атаке:] использует $p_manat $mana, чтобы добавить до $p_buffs усилений того типа, которых у героя больше всего. 

 Наносит +$p_dam урона за каждое усиление героя.","$t[Ao atacar:] Usa $p_manat $mana para ganhar $p_buffs buffs do tipo que você tem em maior quantidade. 

 Causa +$p_dam de dano por cada buff que você tiver.","$t[Al atacar:] usas $p_manat $mana para obtener $p_buffs ventajas del tipo que más tengas. 

 Hace +$p_dam daño por cada ventaja que tengas."
<!MissingKey:612:Puzzlebag of Improvement>,Puzzlebag of Improvement,Puzzletasche der Verbesserung,改良的拼图背包,改善のパズルバッグ,발전의 퍼즐가방,改良的拼圖背包,Énigmasac de l'amélioration,Паззл-сумка: прогресс,Bolsa Enigmática da Melhoria,Bolsa tetris de mejora
SURVIVAL4,I knew you aren't a coward.,"Ich wusste, dass du kein Feigling bist!",我就知道你不是胆小鬼。,キミは臆病じゃないって分かってたよ。,용기가 넘치는 분이시군요.,我就知道你不是膽小鬼。,Je savais que vous aviez ça dans le ventre.,"Я знал, что вы не из слабых духом.",I knew you aren't a coward.,Sabía que no eres cobarde.
<!MissingKey:614:$t[Every $cds:] Gain $p_vampirism $vampirism and deal \~$p_dam $effect-damage with $p_lifesteal% lifesteal. >,"$t[Every $cds:] Gain $p_vampirism $vampirism and deal \~$p_dam $effect-damage with $p_lifesteal% lifesteal. 

 Triggers $p_speed_cold% faster for each $cold and $p_speed_blind% faster for each $blind of your opponent.","$t[Alle $cds:] Erhalte $p_vampirism $vampirism und verursache $p_dam $effect-Schaden mit $p_lifesteal% Lebensraub. 

 Aktiviert $p_speed_cold% schneller pro $cold und $p_speed_blind% pro $blind deines Gegners.","$t[每$cds：]获得$p_vampirism层$vampirism并造成$p_dam点$effect伤害，带有$p_lifesteal%吸血效果。

对手每有一层$cold，此物品触发速度快$p_speed_cold%。对手每有一层$blind，此物品触发速度也会快$p_speed_blind%。","$t[$cd秒毎：]$p_vampirism $vampirism を獲得し、体力吸収率$p_lifesteal%の$p_dam $effect ダメージを与える 

相手の $cold 1スタックにつき使用速度が$p_speed_cold%上がり、相手の $blind 1スタックにつき使用速度が$p_speed_blind%上がる","$t[$cd초마다:] $vampirism을 $p_vampirism 획득하고 $p_lifesteal%의 생명력을 흡수하는 $effect 피해를 $p_dam 가합니다.

상대에게 부여된 $cold마다 $p_speed_cold% 빠르게, $blind마다 $p_speed_blind% 빠르게 발동합니다.","$t[每$cds：]獲得$p_vampirism層$vampirism並造成$p_dam點$effect傷害，帶有$p_lifesteal%吸血效果。

對手每有一層$cold，此物品觸發速度快$p_speed_cold%。對手每有一層$blind，此物品觸發速度也會快$p_speed_blind%。","$t[Toutes les $cd s :] gagnez $p_vampirism $vampirism et infligez $p_dam de dégâts $effect avec $p_lifesteal % de vol de vie. 

 Se déclenche $p_speed_cold % plus vite pour chaque $cold et $p_speed_blind % plus vite pour chaque $blind de votre adversaire.","$t[Раз в $cd сек.:] добавляет $p_vampirism $vampirism и наносит $p_dam $effect-урона, активируя кражу жизни $p_lifesteal%. 

 Срабатывает на $p_speed_cold% чаще за каждый эффект $cold и на $p_speed_blind% чаще за каждый эффект $blind у противника.","$t[A cada $cd s:] Ganha $p_vampirism $vampirism e causa dano de $p_dam $effect com $p_lifesteal% de roubo de vida. 

 Ativa $p_speed_cold% mais rápido por cada $cold e $p_speed_blind% mais rápido por cada $blind do seu oponente.","$t[Cada $cd s:] obtienes $p_vampirism $vampirism y haces $p_dam de daño de $effect con un $p_lifesteal % de drenaje vital. 

 Se activa un $p_speed_cold % más rápido por cada $cold y un $p_speed_blind % más rápido por cada $blind del rival."
<!MissingKey:615:It tastes like literally every single thing that ever existed.>,It tastes like literally every single thing that ever existed.,"Es hat den Geschmack von allen Sachen, die es jemals gab.",简直就是魔药鸡尾酒，什么都加进来了。,ドリンクバーに存在するあらゆるものを混ぜた味がするよ。,말 그대로 존재하는 모든 것을 합친 맛이 납니다.,簡直就是魔藥雞尾酒，什麼都加進來了。,Ça a tout simplement le goût de tout ce qui existe.,"На вкус — как все, что когда-либо существовало.",Tem o gosto de literalmente tudo o que já existiu.,Sabe literalmente a todo lo que ha existido.
<!MissingKey:616:Coil>,Coil,Spule,线圈,コイル,코일,線圈,Bobine,Катушка,Bobina,Bobina
<!MissingKey:617:Larger means more effective.>,Larger means more effective.,Größer bedeutet effektiver. ,越大越好！,デカいってことは強いってこと。,왕 크니까 왕 세네요.,越大越好！,"Plus c'est grand, plus c'est efficace.",Чем больше — тем эффективнее.,Maior significa mais eficaz.,Más grande significa más efectivo.
<!MissingKey:618:White Lily Collar>,White Lily Collar,Weißlilienanhänger,白色百合花项圈,白ユリの首飾り,하얀 백합 목걸이,白色百合花項圈,Collier lys blanc,Ошейник с лилией,Coleira de Lírio Branco,Collar de lirio blanco
<!MissingKey:619:Channel all the broccoli energy! FULL BROCCOLI POWER!!>,Channel all the broccoli energy! FULL BROCCOLI POWER!!,"Sammel all die Brokkolienergie. BROKKOLI, VOLLE KRAFT!!",素食能量！西兰花能量！,オラにみんなのブロッコリーを分けてくれ！,브로콜리 에너지 풀 충전! 슈퍼 브로콜리 파워!!,素食能量！西蘭花能量！,Canalisez toute l'énergie du brocoli ! PAR LA PUISSANCE DU BROCOLI !,Направляй всю силу брокколи! ПОЛНЫЙ БРОККОЛИ-ВПЕРЕД!!!,Canalize toda a energia do brócolis! PODER TOTAL DO BRÓCOLIS!!,¡Canaliza toda la energía del brócoli! ¡PODER TOTAL DE BRÓCOLI!
"<!MissingKey:620:$t[Health drops below $p_healtht%:] \~Use $p_manat $mana: Gain $p_luck $lucky, $p_empower $empower, and $block $bl and $affected items trigger $p_speed% faster \~for $p6s (once).>","$t[Health drops below $p_healtht%:] \~Use $p_manat $mana: Gain $p_luck $lucky, $p_empower $empower, and $block $bl and $affected items trigger $p_speed% faster \~for $p6s (once).","$t[Leben fällt unter $p_healtht%:] \~Nutze $p_manat $mana: Erhalte $p_luck $lucky, $p_empower $empower, $block $bl und $affected Gegenstände aktivieren für $p6s $p_speed% schneller (einmalig).",$t[生命值低于$p_healtht%时：]消耗$p_manat点$mana：获得$p_luck点$lucky、$p_empower层$empower和$block点$bl，并使$affected的物品触发速度快$p_speed%，持续$p6s（单次触发）。,$t[体力が$p_healtht%未満に低下時：]$p_manat $mana を消費して、$p_luck $lucky と$p_empower $empower と$block $bl を獲得した上で$affectedにあるアイテムの使用速度が$p6秒間$p_speed%上がる（1回のみ）,"$t[체력이 $p_healtht% 아래로 떨어질 시:] $mana를 $p_manat 사용: $lucky을 $p_luck, $empower를 $p_empower, $bl를 $block 획득하고, $affected에 위치한 아이템이 $p6초 동안 $p_speed% 빠르게 발동합니다 (한 번).",$t[生命值低於$p_healtht%時：]消耗$p_manat點$mana：獲得$p_luck點$lucky、$p_empower層$empower和$block點$bl，並使$affected的物品觸發速度快$p_speed%，持續$p6s（單次觸發）。,"$t[PV inférieurs à $p_healtht % :] utilisez $p_manat $mana : gagnez $p_luck $lucky, $p_empower $empower, et $block $bl et les objets $affected se déclenchent $p_speed % plus vite pendant $p6 s (une fois).","$t[Когда здоровье героя ниже $p_healtht%:] использует $p_manat $mana: добавляет $p_luck $lucky, $p_empower $empower и $block $bl, а $affected предметы срабатывают на $p_speed% чаще в течение $p6 сек. (один раз за бой).","$t[Vida abaixo de $p_healtht%:] Usa $p_manat $mana: Ganha $p_luck $lucky, $p_empower $empower e $block $bl, e itens $affected ativam $p_speed% mais rápido por $p6 s (uma vez).","$t[PS caen por debajo del $p_healtht %:] Usa $p_manat $mana: Obtiene $p_luck $lucky, $p_empower $empower y $block $bl, y activa los $affected objetos un $p_speed % más rápido durante $p6 s (una vez)."
<!MissingKey:621:Piggy of Riches>,Piggy of Riches,Bonzenschwein,宝石存钱罐,富のブタちゃん,부자 돼지저금통,寶石存錢罐,Tirelire à trésors,Копилка богатств,Porquinho da Riqueza,Cerdito de riquezas
<!MissingKey:622:Cupcake>,Cupcake,Törtchen,魔法杯糕,カップケーキ,컵케이크,魔法杯糕,Petit gâteau,Кексик,Cupcake,Magdalena
<!MissingKey:623:Add $h[4] backpack slots. >,"Add $h[4] backpack slots. 

 Items inside have $chance% chance to duplicate debuffs they inflict.","Füge $h[4] Rucksackplätze hinzu. 

 Gegenstände darin haben \~$chance% Chance, verursachte Debuffs zu duplizieren.","增加$h[4]格背包槽位。

背包内物品有$chance%的几率$h[复制]施加的减益效果。","バックパックのスロットを$h[4]追加する 

中にあるアイテムが$chance%の確率でデバフを追加付与する","배낭 슬롯을 $h[4]개 추가합니다.

내부에 위치한 아이템이 $chance%의 확률로 부여하는 디버프를 복제합니다.","增加$h[4]格背包槽位。

背包內物品有$chance%的幾率$h[複製]施加的減益效果。","Ajoutez $h[4] emplacements de sac à dos. 

 Les objets à l'intérieur ont $chance % de chance de dupliquer les malus qu'ils infligent.","Добавляет $h[4] слота к рюкзаку. 

 Предметы внутри получают $chance% шанс удвоить накладываемые негативные эффекты.","Adiciona $h[4] espaços na mochila. 

 Itens dentro têm $chance% de chance de duplicar os debuffs que infligem.","Añade $h[4] espacios a la mochila. 

 Los objetos en su interior tienen un $chance % de probabilidad de duplicar las desventajas que infligen."
<!MissingKey:624:This belongs into a museum!>,This belongs into a museum!,Das gehört in ein Museum!,这东西应该放在博物馆！,博物館に収めるべきだ！,이건 박물관으로 가야 해!,這東西應該放在博物館！,Sa place est dans un musée !,Этой шляпе место в музее! А не на тебе…,Isso pertence a um museu!,¡Esto debería estar en un museo!
<!MissingKey:625:Black Rook>,Black Rook,Schwarzer Turm,黑色城堡,黒のルーク,블랙 룩,黑色城堡,Tour noire,Темная ладья,Torre Preta,Torre negra
<!MissingKey:626:All $h[Staffs] are offered in the shop. $t[Start of battle:] Gain $p_mana $mana and \~$p_stamina maximum stamina for each $h[distinct] $affected2 $h[Book]. Gain $p_buffs random buffs for each $h[distinct] $affected3 $h[Staff]. $t[$p_buffst buffs used:] Consume this and trigger the effects of $p_potions $h[distinct] $h[Potions].>,All $h[Staffs] are offered in the shop. $t[Start of battle:] Gain $p_mana $mana and \~$p_stamina maximum stamina for each $h[distinct] $affected2 $h[Book]. Gain $p_buffs random buffs for each $h[distinct] $affected3 $h[Staff]. $t[$p_buffst buffs used:] Consume this and trigger the effects of $p_potions $h[distinct] $h[Potions].,Alle $h[Stäbe] werden im Laden angeboten. $t[Kampfbeginn:] Erhalte $p_mana $mana und \~$p_stamina maximale Ausdauer pro $h[Art von] \~$affected2 $h[Buch]. Erhalte $p_buffs zufällige Buffs pro $h[Art von] $affected3 $h[Stab]. $t[$p_buffst Buffs genutzt:] Trinke aus und aktiviere die Effekte von $p_potions $h[Tränken verschiedener Arten].,所有$h[法杖]将在商店出售。$t[战斗开始时]每有一个$h[不重复]的$affected2的$h[魔法书]，获得$p_stamina点最大耐力和$p_mana点$mana。每有一个$h[不重复]的$affected3的$h[法杖]，获得$p_buffs层随机增益效果。$t[每次消耗$p_buffst层增益效果：]消耗此魔药并触发$p_potions瓶$h[不重复]的$h[魔药]效果。,あらゆる$h[杖]がショップで売られるようになる $t[バトル開始時：]$affected2にある$h[書物]1$h[種類]につき$p_mana $mana とスタミナ最大値$p_staminaを獲得する。$affected3にある$h[杖]1$h[種類]につき$p_buffsバフを獲得する $t[$p_buffstバフ消費時：]このアイテムを消費して、$p_potions$h[種類]の$h[ポーション]の効果を発動する,"모든 $h[지팡이]가 상점에 등장합니다. $t[전투 시작 시:] $affected2에 위치한 $h[개별] $h[책]마다 $mana를 $p_mana, 최대 스태미나를 $p_stamina 획득합니다. $affected3에 위치한 $h[개별] $h[지팡이]마다 무작위 버프를 $p_buffs개 획득합니다. $t[버프를 $p_buffst 사용 시:] 이 아이템을 소모해 $h[개별] $h[포션] $p_potions개의 효과를 발동합니다.",所有$h[法杖]將在商店出售。 $t[戰鬥開始時]每有一個$h[不重複]的$affected2的$h[魔法書]，獲得$p_stamina點最大耐力和$p_mana點$mana。每有一個$h[不重複]的$affected3的$h[法杖]，獲得$p_buffs層隨機增益效果。$t[每次消耗$p_buffst層增益效果：]消耗此魔藥並觸發$p_potions瓶$h[不重複]的$h[魔藥]效果。,Tous les $h[Bâtons]sont disponibles dans la boutique. $t[Au début du combat :] gagnez $p_mana $mana et $p_stamina d'endurance max pour chaque $h[Livre] $affected2 $h[Distinct]. Gagnez $p_buffs bonus aléatoires pour chaque $h[Bâton] $affected3 $h[Distinct]. $t[$p_buffst bonus utilisés :] utilisez ceci et déclenchez l'effet des $h[Potions] $p_potions $h[Distinct].,Все $h[посохи] будут продаваться в магазине. $t[Начало боя:] добавляет $p_mana $mana и $p_stamina максимальной энергии за каждую $h[отдельную] $affected2 $h[книгу]. Добавляет до $p_buffs случайных усилений за каждый $h[отдельный] $affected3 $h[посох]. $t[При использовании $p_buffst усилений:] расходуется и активирует эффекты $p_potions $h[отдельных] $h[зелий].,Todos os $h[Cajados] são oferecidos na loja. $t[Início da batalha:] Ganha $p_mana $mana e $p_stamina de vigor máximo por cada $h[Livro] $affected2 $h[distinto]. Ganha $p_buffs buffs aleatórios por cada $h[Cajado] $affected3 $h[distinto]. $t[$p_buffst buffs usados:] Consome isso e ativa o efeito de $p_potions $h[distinto] $h[Poções].,Todos los $h[bastones] están disponibles en la tienda. $t[Al comienzo de la batalla:] obtienes $p_mana $mana y $p_stamina resistencia máxima por cada $h[distinto] $affected2 $h[libro]. Obtienes $p_buffs ventajas al azar por cada $h[distinto] $affected3 $h[bastón]. $t[$p_buffst ventajas usadas:] consumes esto y activas el efecto de $p_potions $h[distintas] $h[pociones].
<!MissingKey:627:Mananananana. Maaaanananananana. Mananananana. Ma na nana na na.>,Mananananana. Maaaanananananana. Mananananana. Ma na nana na na.,Manananana. Mana-nana! Mananana. Manana na!,法法法法法法法法法力！,マナー マナナナナー マーナーナーマーナーナナーナー,마. 마나나. 마나나나나나.,法法法法法法法法法力！,Mananananana. Maaaanananananana. Mananananana. Ma na nana na na.,Манананана. Маааанананана. Манананана. Ма-на-на-на-на.,Mananananana. Maaaanananananana. Mananananana. Ma na nana na na.,Mananananana. Maaaanananananana. Mananananana. Ma na nana na na.
"<!MissingKey:628:Magic goo, I choose you!>","Magic goo, I choose you!","Firlefanz und Katzenbein, du Schlotzbert sollst mein Schleim jetzt sein!",出击吧！黏黏！,マジック・スラバート、キミに決めた！,"설탕찐득이, 너로 정했다!",出擊吧！黏呼呼！,"Oh viscosité magique, c'est toi que je choisis !","Волшебный сладкий Слаймер, я выбираю тебя!","Goo mágico, eu te escolho!","¡Viscosino mágico, a ti yo te elijo!"
<!MissingKey:629:It's just nice to have someone ...or something watching over you.>,It's just nice to have someone ...or something watching over you.,"Es ist immer gut, jemanden zu haben, der einem über die Schulter schaut.",有谁……或者有什么东西在守护着你，这感觉就是很好。,キミを見守ってくれる人…いや物があってよかったね。,누군가... 혹은 무언가가 당신을 지켜보고 있다는 건 정말 좋은 일입니다.,有誰……或者有什麼東西在守護著你，這感覺就是很好。,C'est juste agréable d'avoir quelqu'un… ou quelque chose qui veille sur vous.,"Просто приятно, когда кто-то… или что-то… за тобой приглядывает.",É sempre bom ter alguém... ou alguma coisa cuidando de você.,Es agradable tener a alguien… o algo que te vigile.
<!MissingKey:630:Angel Crystal>,Angel Crystal,Engelskristall,水晶之翼,天使のクリスタル,천사의 크리스탈,水晶之翼,Cristal d'ange,Ангельский кристалл,Cristal Angelical,Cristal de ángel
<!MissingKey:631:Cupdrake>,Cupdrake,Törtchendrache,纸杯蛋糕飞龙,カップドレイク,컵드레이크,紙杯蛋糕飛龍,Bouchée de dragon,Капдрейк,Dragão de Pote,Dracocake
<!MissingKey:632:You take less damage from all sources. >,You take less damage from all sources. ,Du nimmst weniger Schaden von jeder Quelle.,所有来源伤害降低。,受けるすべてのダメージが減少する,받는 모든 피해가 감소합니다.,所有來源傷害降低。,Tous les dégâts subis sont réduits.,Весь получаемый урон снижается.,Todo o dano sofrido é reduzido.,Todo el daño recibido se reduce.
<!MissingKey:633:Frieren’s Guide to Ice>,Frieren’s Guide to Ice,Frierens Eisführung,芙莉莲的冰魔法手册,氷結魔法の手引き,프리렌의 얼음 가이드,芙莉蓮的冰魔法手冊,Guide sur glace de Frieren,Ледяной гримуар Фрирен,Guia de Gelo da Frieren,Guía de hielo de Frieren
<!MissingKey:634:Add the following Chess Board rules:  >,"Add the following Chess Board rules:  
 5. When capturing, prioritize high-value pieces. 
 6. Pieces do not move over other pieces, if possible. 

 The Chess Board triggers $p_speed% faster. $t[Shop entered:] Generate a $h[Chess Piece], with value increasing per round.","Füge die folgenden Schachregeln hinzu: 
 5. Priorisiere hochwertige Figuren beim Schlagen. 
 6. Figuren bewegen sich wenn möglich nicht über andere Figuren hinweg. 

 Das Schachbrett aktiviert $p_speed% schneller. $t[Laden betreten:] Erzeuge eine $h[Schachfigur], der Wert wächst mit der Runde.","添加以下棋盘规则：
5. 吃子时，优先选择高价值棋子。
6. 如果可能，棋子不会越过其他棋子移动。

棋盘触发速度快$p_speed%。$t[进入商店时：]生成一枚$h[棋子]，其价值会随回合数提升。","チェスボードに以下のルールを追加する
5. 高価な駒を優先的に取る
6. 可能なら、駒はほかの駒を飛び越さない

チェスボードの使用速度が$p_speed%上がる$t[ショップ入店時：]$h[チェスの駒]1個を生成する。その価値はラウンドが進むごとに上がる","다음 체스판 규칙을 추가합니다:
 5. 포획 시, 가치가 높은 기물을 우선시합니다.
 6. 기물들은 가능하다면, 다른 기물 위로 이동하지 않습니다.

 체스판이 $p_speed% 빠르게 발동합니다. $t[상점 진입 시:] 라운드마다 가치가 상승하는 $h[체스 기물]을 생성합니다.","新增以下棋盤規則：
5. 吃子時，優先選擇高價值棋子。
6. 如果可能，棋子不會越過其他棋子移動。

棋盤觸發速度快$p_speed%。$t[進入商店時：]生成一枚$h[棋子]，其價值會隨回合數提升。","Ajoutez les règles suivantes au plateau d'échecs : 
 5. Lorsque vous capturez, privilégiez les pièces de grande valeur. 
 6. Les pièces ne se déplacent pas par-dessus d'autres pièces, si possible. 

 Le plateau d'échecs se déclenche $p_speed % plus vite. $t[En entrant dans la boutique :] générez une $h[pièce d'échecs], dont la valeur augmente à chaque tour.","Применяет следующие правила к шахматной доске: 
 5. При взятии приоритет отдается фигурам высокой ценности. 
 6. Фигуры не проходят через другие фигуры, если это возможно. 

 Шахматная доска срабатывает на $p_speed% чаще. $t[Переход в магазин:] создает $h[шахматную фигуру], ценность которой увеличивается с каждым раундом.","Acrescenta as seguintes regras de Tabuleiro de Xadrez: 
 5. Ao capturar, prioriza peças de alto valor. 
 6. Se possível, as peças não se movem por cima de outras peças. 

 O Tabuleiro de Xadrez ativa $p_speed% mais rápido. $t[Ao entrar na loja:] Gera uma $h[Peça de Xadrez] cujo valor aumenta a cada rodada.","Añade las siguientes reglas del tablero de ajedrez: 
 5. Al capturar, prioriza las piezas de valor alto. 
 6. Las piezas no se mueven sobre otras piezas, si es posible. 

 El tablero de ajedrez se activa un $p_speed % más rápido. $t[Al entrar en la tienda:] Genera una $h[pieza de ajedrez], con valor que aumenta por ronda."
<!MissingKey:635:$t[On hit:] Remove $p_buffs% of your opponent’s buffs. $red[Attack $p_slow% slower.] $t[While charged:] Steal the buffs instead.>,$t[On hit:] Remove $p_buffs% of your opponent’s buffs. $red[Attack $p_slow% slower.] $t[While charged:] Steal the buffs instead.,$t[Bei Treffer:] Entferne $p_buffs% der Buffs deines Gegners. $red[Attackiert $p_slow% langsamer.] $t[Geladen:] Stehle die Buffs stattdessen.,$t[击中对手：]移除对手$p_buffs%的增益效果。$red[该武器的攻击速度慢$p_slow%。]$t[获得电荷时：]改为偷取这些增益效果。,$t[ヒット時：]相手のバフの$p_buffs%分を除去する。$red[使用速度が$p_slow%下がる]$t[通電中：]除去する代わりにバフを奪う,$t[적중 시:] 상대의 버프를 $p_buffs% 제거합니다. $red[$p_slow% 느리게 공격합니다]. $t[전하를 보유한 동안:] 그 대신 버프를 빼앗습니다.,$t[擊中對手：]移除對手$p_buffs%的增益效果。$red[該武器的攻擊速度慢$p_slow%。]$t[獲得電荷時：]改為偷取這些增益效果。,$t[Par coup :] retirez $p_buffs % des bonus de votre adversaire. $red[Attaquez $p_slow % moins vite.] $t[Pendant la charge :] volez les bonus à la place.,$t[При попадании:] снимает до $p_buffs% усилений противника. $red[Частота атаки снижается на $p_slow%.] $t[При заряде:] крадет усиления у противника.,$t[Ao acertar:] Remove $p_buffs% dos buffs do oponente. $red[Ataca $p_slow% mais devagar.] $t[Carregada:] Rouba os buffs.,$t[Al golpear:] Elimina el $p_buffs% de las ventajas del rival. $red[El ataque es un $p_slow % más lento.] $t[Al cargarse:] Roba las ventajas en su lugar.
<!MissingKey:636:Battle Mage>,Battle Mage,Kampfmagier,战斗法师,バトルメイジ,배틀 메이지,戰鬥法師,Rage de mage,Боевой маг,Mago de Batalha,Mago de combate
<!MissingKey:637:Impractically Large Bloodthorne>,Impractically Large Bloodthorne,Übergroßer Blutdorn,大得离谱的荆棘剑,"あまりにも大きすぎる
ブラッドソーン",터무니없이 큰 피의 가시,大得離譜的荊棘劍,Épines de sang démesurées,Неприлично огромный шип,Espinheiro de Sangue Impraticavelmente Grande,Espinafilo inconmensurable
<!MissingKey:638:Add $h[6] backpack slots. >,"Add $h[6] backpack slots. 

 $h[Charge] emitters inside repeat their emission effects after $p1s. These $h[charges] travel with $p_speed% speed.","Fügt $h[6] Rucksackplätze hinzu.

 Enthaltene $h[Ladungserzeuger] wiederholen ihre Ladung nach $p1s. Diese $h[Ladungen] bewegen sich mit $p_speed% Geschwindigkeit.","增加$h[6]个背包槽位。

内部的$h[电荷]发射器会在$p1s后再次触发其发射效果。这些$h[电荷]以$p_speed%的速度移动。","バックパックのスロットを$h[6]追加する

中にある$h[電荷]を放出するアイテムが$p1秒後に再び$h[電荷]を放出する。この時の$h[電荷]は$p_speed%の速度で移動する","배낭 슬롯을 $h[6]개 추가합니다.

내부에 위치한 $h[전하]를 방출하는 아이템이 $p1초 후에 방출 효과를 반복합니다. 그 $h[전하]들이 $p_speed%의 속도로 이동합니다.","增加$h[6]個背包槽位。

內部的$h[電荷]發射器會在$p1s後再次觸發其發射效果。這些$h[電荷]以$p_speed%的速度移動。","Ajoutez $h[6] emplacements de sac à dos. 

 Les émetteurs de $h[Charge] à l'intérieur répètent leurs effets d'émission après $p1 s. Ces $h[Charges] se déplacent à une vitesse de $p_speed %.","Добавляет $h[6] слотов к рюкзаку. 

 $h[Заряжаемые] предметы внутри повторно активируют свой эффект через $p1 сек. $h[Заряды] от предметов внутри перемещаются со скоростью +$p_speed%.","Adiciona $h[6] espaços à mochila. 

 Os emissores de $h[Carga] dentro repetem seus efeitos de emissão após $p1 s. Essas $h[cargas] percorrem a $p_speed% de velocidade.","Añade $h[6] espacios a la mochila. 

 Los emisores de $h[carga] en el interior repiten sus efectos de emisión después de $p1 s. Estas $h[cargas] se trasladan a una velocidad del $p_speed %."
BUTTON_PickOffset,Picking offset,Touch-Abstand,拖动偏移,,,拖動偏移,Décalage de sélection,Смещение захвата,Offset de seleção,Distancia de selección
<!MissingKey:640:We like it when things are even around here.>,We like it when things are even around here.,"Alles muss gleich viel, okay?",能释放彩虹魔法！,均等なのを好む。ケーキの切り分けの時とかね。,별 거 아닌데 보고 있으면 기분이 좋아집니다.,能釋放彩虹魔法！,Nous apprécions que tout soit équilibré ici.,"Нам нравится, когда все по-честному.",Nós gostamos quando as coisas estão equilibradas por aqui.,Aquí nos gustan las cosas equilibradas.
<!MissingKey:641:$t[$affected item activates:] The $affected2 item triggers $p_speed% faster for $p2s (up to $p_max% shared by all $h[Ropes]).>,$t[$affected item activates:] The $affected2 item triggers $p_speed% faster for $p2s (up to $p_max% shared by all $h[Ropes]).,$t[$affected Gegenstand aktiviert:] Der $affected2 Gegenstand aktiviert für $p2s $p_speed% schneller (bis zu $p_max% durch alle $h[Seile]).,$t[$affected的物品激活时：]$affected2的物品触发速度快$p_speed%，持续$p2s（多个$h[麻绳]效果不叠加，最高$p_max%）。,$t[$affectedにあるアイテム発動時：]$p2秒間、$affected2にあるアイテムの使用速度が$p_speed%上がる（すべての$h[ロープ]で共通して最大$p_max%まで）,"$t[$affected에 위치한 아이템 발동 시:] $p2초 동안 $affected2에 위치한 아이템이 $p_speed% 빠르게 발동합니다 (최대 $p_max%이며, 모든 $h[밧줄]이 공유).",$t[$affected的物品啟動時：]$affected2的物品觸發速度快$p_speed%，持續$p2s（多個$h[麻繩]效果不疊加，最高$p_max%）。,$t[En activant un objet $affected :] un objet $affected2 se déclenche $p_speed % plus vite pendant $p2 s (jusqu'à $p_max % partagés par toutes les $h[Cordes]).,$t[При срабатывании $affected предмета:] $affected2 предмет срабатывает на $p_speed% чаще в течение $p2 сек. (не более $p_max% от всех $h[веревок]).,$t[Ativa item $affected:] O item $affected2 ativa $p_speed% mais rápido por $p2 s (até $p_max% compartilhado por todas as $h[Cordas]).,$t[Al activar el objeto $affected:] el objeto $affected2 se activa un $p_speed % más rápido durante $p2 s (hasta $p_max % compartido por todas las $h[cuerdas]).
<!MissingKey:642:Rainbow Goobert Omnicolor Sugargoo >,Rainbow Goobert Omnicolor Sugargoo ,Regenbogen- Schlotzbert Allfarben Zuckerschleim,彩虹鲜艳糖果黏黏,レインボー・スラバート・オムニ・シュガー,레인보우 슬돌이 무한의 설탕찐득이,彩虹鮮豔糖果黏呼呼,Viskeu arc-en-ciel sucreux omnicoloré,Радужный всецветносахарный Слаймер,Gosberto Arco-Íris Omnicolor Açucargoo,Viscosino arcoíris omnicolor azucarado
<!MissingKey:643:The ultimate symbol of what we can achieve by meshing our teeth.>,The ultimate symbol of what we can achieve by meshing our teeth.,"Das perfekte Symbol dafür, was wir erreichen können, wenn wir unsere Zähne verschränken.",这是我们咬合齿轮所能创造的终极象征。,社会に出たら、みんなもコレになれるよ。,이를 맞물려서 이룰 수 있는 것의 궁극적인 상징입니다.,這是我們齒輪咬合所能創造的終極象徵。,L'ultime symbole de ce que nous pouvons accomplir en serrant les dents.,"Высший символ того, чего можно добиться, если сцепить зубцы.",O símbolo supremo do que é possível alcançar simplesmente girando no mesmo lugar.,El símbolo definitivo de lo que podemos conseguir al engranar como un mismo ser.
,,,,,,,,,,
<!MissingKey:645:$affected items have +$chance% critical hit chance. $t[Every $cds:] Use $p_manat $mana to gain $p_luck $lucky and \~$p_empower $empower.>,$affected items have +$chance% critical hit chance. $t[Every $cds:] Use $p_manat $mana to gain $p_luck $lucky and \~$p_empower $empower.,"$affected Gegenstände haben +$chance% kritische Trefferchance. $t[Alle $cds:] Nutze $p_manat $mana, um $p_luck $lucky und $p_empower $empower zu erhalten.",$affected的物品+$chance%的几率造成暴击。$t[每$cds：]消耗$p_manat点$mana来获得$p_luck点$lucky和$p_empower层$empower。,$affectedにあるアイテムのクリティカル率 +$chance% $t[$cd秒毎：]$p_manat $mana を消費して、$p_luck $lucky と$p_empower $empower を獲得する,"$affected에 위치한 아이템은 $chance%의 치명타 확률을 획득합니다. $t[$cd초마다:] $mana를 $p_manat 사용해 $lucky을 $p_luck, $empower를 $p_empower 획득합니다.",$affected的物品+$chance%的幾率造成暴擊。$t[每$cds：]消耗$p_manat點$mana來獲得$p_luck點$lucky和$p_empower層$empower。,Les objets $affected ont +$chance % de chance de coup critique. $t[Toutes les $cd s :] utilisez $p_manat $mana pour gagner $p_luck $lucky et $p_empower $empower.,"$affected предметы получают +$chance% шанс нанести критический удар. $t[Раз в $cd сек.:] использует $p_manat $mana, чтобы добавить $p_luck $lucky и $p_empower $empower.",Itens $affected têm +$chance% de chance de acerto crítico. $t[A cada $cd s:] Usa $p_manat $mana para ganhar $p_luck $lucky e $p_empower $empower.,$affected objetos tienen +$chance % de probabilidad de golpe crítico. $t[Cada $cd s:] usas $p_manat $mana para obtener $p_luck $lucky y $p_empower $empower.
"<!MissingKey:646:$t[Every $cds:] If you have less than $p_staminat stamina, regenerate $p_stamina stamina. Otherwise, gain $p_regen $regen.>","$t[Every $cds:] If you have less than $p_staminat stamina, regenerate $p_stamina stamina. Otherwise, gain $p_regen $regen.","$t[Alle $cds:] Wenn du weniger als $p_staminat Ausdauer hast, regeneriere $p_stamina Ausdauer. Ansonsten erhalte $p_regen $regen.",$t[每$cds：]如果你的耐力低于$p_staminat点，则恢复$p_stamina点耐力。否则获得$p_regen层$regen。,$t[$cd秒毎：]スタミナが$p_staminat未満の場合、スタミナを$p_stamina回復する。そうでない場合、$p_regen $regen を獲得する,"$t[$cd초마다:] 보유한 스태미나가 $p_staminat보다 적다면, 스태미나를 $p_stamina 회복합니다. 아니라면, $regen을 $p_regen 획득합니다.",$t[每$cds：]如果你的耐力低於$p_staminat點，則恢復$p_stamina點耐力。否則獲得$p_regen層$regen。,"$t[Toutes les $cd s :] si votre endurance est inférieure à $p_staminat d'endurance, régénérez $p_stamina d'endurance. Autrement, gagnez $p_regen $regen.","$t[Раз в $cd сек.:] если у героя меньше $p_staminat энергии, восстанавливает $p_stamina энергии. В ином случае добавляет $p_regen $regen.","$t[A cada $cd s:] Se você tiver menos que $p_staminat de vigor, regenera $p_stamina de vigor. Caso contrário, ganha $p_regen $regen.","$t[Cada $cd s:] Si tienes menos de $p_staminat de resistencia, recupera $p_stamina de resistencia. Si no, obtiene $p_regen $regen."
<!MissingKey:647:Damage taken reduced by {amount} ({origin}).>,Damage taken reduced by {amount} ({origin}).,,受到的伤害减少{amount}（{origin}）。,受けるダメージが -{amount}された（{origin}）。,{amount}만큼 받는 피해가 감소함 ({origin}).,受到的傷害減少{amount}（{origin}）。,Dégâts subis réduits de {amount} ({origin}).,Получаемый урон снижается на {amount} ({origin}).,Dano sofrido reduzido em {amount} ({origin}).,Daño recibido reducido en {amount} ({origin}).
KEYBIND_edit_bags,Edit bags,Taschen editieren,编辑背包,バッグ編集,가방 편집,編輯背包,Modifier les sacs,Редактировать рюкзаки,Editar bolsas,Editar mochilas
"<!MissingKey:649:A book about trees, made from trees. We inquired the trees for comment but received no answer.>","A book about trees, made from trees. We inquired the trees for comment but received no answer.","Ein Buch über Bäume, aus Bäumen. Wir haben die Bäume um Kommentar gebeten, aber es traf keine fristgerechte Antwort ein.",关于树的一本书，纸是木头做的。树其实不太高兴。,木でできた木に関する本。木にコメントを求めたが返答は得られなかった。,나무로 만든 나무에 관한 책입니다. 나무들의 리뷰는 받지 못했습니다.,關於樹的一本書，紙是木頭做的。樹其實不太高興。,"Un livre sur les arbres, fabriqué à partir d'arbres. Notre équipe a contacté les arbres, mais ils n'ont pas souhaité répondre à nos questions.","Книга о деревьях, сделанная из деревьев. Мы пытались спросить у деревьев, что они об этом думают, но они промолчали.","Um livro sobre árvores, feito de árvores. Perguntamos às árvores para comentar, mas não recebemos resposta.","Un libro sobre árboles hecho de árboles. Les pedimos opinión a los árboles, pero no respondieron."
Magic Ring_LIST,Gain {lucky} $lucky / {regeneration} $regen / {spikes} $spikes / {mana} $mana / {heat} $heat / \~{vampirism} $vampirism / {empower} $empower / inflict {poison} $poison / {blind} $blind / {cold} $cold.,Erhalte {lucky} $lucky / {regeneration} $regen / {spikes} $spikes / {mana} $mana / {heat} $heat / \~{vampirism} $vampirism / {empower} $empower. / Verursache {poison} $poison / {blind} $blind / {cold} $cold.,获得{lucky}点$lucky/{regeneration}层$regen/{spikes}点$spikes/{mana}点$mana/{heat}层$heat/{vampirism}点$vampirism/{empower}层$empower。/向对手施加{poison}层$poison/{blind}层$blind/{cold}层$cold。,{lucky} $lucky / {regeneration} $regen / {spikes} $spikes / {mana} $mana / {heat} $heat / {vampirism} $vampirism / {empower} $empower を獲得する。{poison} $poison / {blind} $blind / {cold} $cold を付与する,$lucky을 {lucky} / $regen을 {regeneration} / $spikes을 {spikes} / $mana를 {mana} / $heat를 {heat} / $vampirism을 {vampirism} / $empower를 {empower} 획득합니다. / $poison을 {poison} / $blind을 {blind} / $cold를 {cold} 부여합니다.,獲得{lucky}點$lucky/{regeneration}層$regen/{spikes}點$spikes/{mana}點$mana/{heat}層$heat/{vampirism}點$vampirism/{empower}層$empower。/向對手施加{poison}層$poison/{blind}層$blind/{cold}層$cold。,Gagnez {lucky} $lucky / {regeneration} $regen / {spikes} $spikes / {mana} $mana / {heat} $heat / {vampirism} $vampirism / {empower} $empower. / Infligez {poison} $poison / {blind} $blind / {cold} $cold.,Добавляет герою {lucky} $lucky / {regeneration} $regen / {spikes} $spikes / {mana} $mana / {heat} $heat / {vampirism} $vampirism / {empower} $empower. / Накладывает на противника {poison} $poison / {blind} $blind / {cold} $cold.,Ganha {lucky} $lucky / {regeneration} $regen / {spikes} $spikes / {mana} $mana / {heat} $heat / \~{vampirism} $vampirism / {empower} $empower. / Inflige {poison} $poison / {blind} $blind / {cold} $cold.,Obtiene {lucky} $lucky / {regeneration} $regen / {spikes} $spikes / {mana} $mana / {heat} $heat / {vampirism} $vampirism / {empower} $empower. / Inflige {poison} $poison / {blind} $blind / {cold} $cold.
<!MissingKey:651:$t[Every $cds:] Use $p_manat $mana to inflict $p_debuffs debuffs of the type your opponent has least of. >,"$t[Every $cds:] Use $p_manat $mana to inflict $p_debuffs debuffs of the type your opponent has least of. 
 $chance% chance per $affected $nature-item to \~inflict +$p_poison $poison $n_nature. 
 $chance% chance per $affected $dark-item to \~inflict +$p_blind $blind $n_dark. 
 $chance% chance per $affected $ice-item to \~inflict +$p_cold $cold $n_ice.","$t[Alle $cds:] Nutze $p_manat $mana, um $p_debuffs Debuffs der Art zu verursachen, von der dein Gegner am wenigsten hat. 
 $chance% Chance pro $affected $nature-Gegenstand, +$p_poison $poison zu verursachen $n_nature. 
 $chance% Chance pro $affected $dark-Gegenstand, +$p_blind $blind zu verursachen $n_dark. 
 $chance% Chance pro $affected $ice-Gegenstand, +$p_cold $cold zu verursachen $n_ice.","$t[每$cds：]消耗$p_manat点$mana，向对手施加$p_debuffs个对手当前拥有数量最少的类型的减益效果。

每有一个$affected的$nature物品，有$chance%的几率额外向对手施加+$p_poison层$poison$n_nature。

每有一个$affected的$dark物品，有$chance%的几率额外向对手施加+$p_blind层$blind$n_dark。

每有一个$affected的$ice物品，有$chance%的几率额外向对手施加+$p_cold层$cold$n_ice。","$t[$cd秒毎：]$p_manat $mana を消費して、相手の最も少ないデバフを$p_debuffs付与する
$affectedにある $nature アイテム1個につき$chance%の確率で +$p_poison $poison $n_nature
$affectedにある $dark アイテム1個につき$chance%の確率で +$p_blind $blind $n_dark
$affectedにある $ice アイテム1個につき$chance%の確率で +$p_cold $cold $n_ice","$t[$cd초마다:] $mana를 $p_manat 사용해 보유한 디버프 중 가장 적은 디버프를 $p_debuffs개 부여합니다.
$affected에 위치한 $nature 아이템마다 $chance%의 확률로 $poison $n_nature을 추가로 $p_poison 부여합니다.
$affected에 위치한 $dark 아이템마다 $chance%의 확률로 $blind $n_dark을 추가로 $p_blind 부여합니다.
$affected에 위치한 $ice 아이템마다 $chance%의 확률로 $p_cold $cold $n_ice를 추가로 $p_cold 부여합니다.","$t[每$cds：]消耗$p_manat點$mana，向對手施加$p_debuffs個對手當前擁有數量最少的類型的減益效果。

每有一個$affected的$nature物品，有$chance%的機率額外向對手施加+$p_poison層$poison$n_nature。

每有一個$affected的$dark物品，有$chance%的機率額外向對手施加+$p_blind層$blind$n_dark。

每有一個$affected的$ice物品，有$chance%的機率額外向對手施加+$p_cold層$cold$n_ice。","$t[Toutes les $cd s :] utilisez $p_manat $mana pour infliger $p_debuffs malus du type dont votre adversaire a le moins. 
 $chance % de chance par objet $nature $affected d'infliger + $p_poison $poison $n_nature. 
 $chance % de chance par objet $dark $affected d'infliger + $p_blind $blind $n_dark. 
 $chance % de chance par objet $ice $affected d'infliger + $p_cold $cold $n_ice.","$t[Раз в $cd сек.:] использует $p_manat $mana и накладывает на противника до $p_debuffs негативных эффектов, которых у него больше всего. 
 Каждый $affected $nature-предмет повышает шанс наложить на противника +$p_poison $poison $n_nature на $chance%. 
 Каждый $affected $dark-предмет повышает шанс наложить на противника +$p_blind $blind $n_dark на $chance%. 
 Каждый $affected $ice-предмет повышает шанс наложить на противника +$p_cold $cold $n_ice на $chance%.","$t[A cada $cd s:] Usa $p_manat $mana para infligir $p_debuffs debuffs do tipo que seu oponente tiver menos. 
 $chance% de chance de infligir para cada item-$nature $affected + $p_poison $poison $n_nature. 
 $chance% de chance de infligir para cada item-$dark $affected + $p_blind $blind $n_dark. 
 $chance% de chance de infligir para cada item-$ice $affected + $p_cold $cold $n_ice.","$t[Cada $cd s:] Usa $p_manat $mana para infligir $p_debuffs desventajas del tipo que tu rival tenga menos. 
 $chance % probabilidad por $affected objeto de $nature de infligir +$p_poison $poison $n_nature. 
 $chance % probabilidad por $affected objeto de $dark de infligir +$p_blind $blind $n_dark. 
 $chance % probabilidad por $affected objeto de $ice de infligir +$p_cold $cold $n_ice."
"<!MissingKey:652:Oh rats! Really? That's purrfect, actually. We wanted to go to the pup anyways.>","Oh rats! Really? That's purrfect, actually. We wanted to go to the pup anyways.","Du wirst nicht glauben, was Ratten für Sachen mitbekommen. Aber glaub denen nicht alles, sie erzählen auch viel Käse.",吓鼠了！真的吗？简直喵不可言。反正我们本就计划去狗咖。,「遊んで」か「お腹すいた」しか聞こえないけど、合ってる？,"오, 쥐. 정말 완벽하군요.",喔，老鼠！真的嗎？那也太美喵了。反正我們本來也想去找小狗。,"Chat alors, quelle vie de chien ! Tant pis, on voulait aller miaulier en ville, de toute façon.",Вот крысы! Серьезно? Да это же просто замур-р-рчательно! Мы все равно собирались к щенкам.,"Macacos me mordam! Pra falar a verdade, nem que a vaca tussa. Bom, já me acostumei com essa cachorrada.","¡Qué mala pata! ¿En serio? Bueno, casi mejor. Ya queríamos olfatear otros rumbos."
<!MissingKey:653:Have you seen Chainsaw mam already?>,Have you seen Chainsaw mam already?,Hast du schon Chainsaw Mam geschaut?,你已经看过电锯妈妈了吗？,昨日のチェンソーママはもう見た？,체인소 마담 보신 분?,你已經看過電鋸媽媽了嗎？,Avez-vous déjà vu une maman tronçonneuse ?,Все уже видели филь «Человек-бензомама»?,Você já assistiu aquele anime do Homem-Motosserra?,¿Ya viste Chainsaw Mam?
<!MissingKey:654:$t[Start of battle:] Reduce damage taken by $p1% for $p2s. Gain $p_mana $mana. >,"$t[Start of battle:] Reduce damage taken by $p1% for $p2s. Gain $p_mana $mana. 

 $chance% chance to resist critical hits. 
 $chance% chance to resist stuns. 

 $affected items have +$chance2% chance to duplicate $mana.","$t[Kampfbeginn:] Eingehender Schaden ist für $p2s um $p1% reduziert. Erhalte $p_mana $mana. 

 $chance% Chance, kritischen Schaden zu vermeiden. 
 $chance% Chance, Benommenheit zu vermeiden. 

 $affected Gegenstände haben +$chance2% Chance $mana zu duplizieren.","$t[战斗开始时：]在$p2s内受到的伤害减少$p1%。获得$p_mana点$mana。

有$chance%的几率抵抗暴击。
有$chance%的几率抵抗眩晕。

$affected的物品复制$mana的几率+$chance2%。","$t[バトル開始時：]$p2秒間受けるダメージを$p1%減らし、$p_mana $mana を獲得する

$chance%の確率でクリティカルを防止する
$chance%の確率でスタンを防止する

$affectedにあるアイテムが $mana を追加獲得する確率 +$chance2%","$t[전투 시작 시:] $p2초 동안 받는 피해가 $p1% 감소합니다. $mana를 $p_mana 획득합니다.

$chance%의 확률로 치명타에 저항합니다.
$chance%의 확률로 기절에 저항합니다.

$affected에 위치한 아이템이 $chance2%의 확률로 획득하는 $mana를 복제합니다.","$t[戰鬥開始時：]在$p2s內受到的傷害減少$p1%。獲得$p_mana點$mana。

有$chance%的機率抵抗暴擊。
有$chance%的機率抵抗暈眩。

$affected的物品複製$mana的機率+$chance2%。","$t[Au début du combat :] réduisez les dégâts subis de $p1 % pendant $p2 s. Gagnez $p_mana $mana. 

 $chance % de chance de résister aux coups critiques. 
 $chance % de chance de résister aux étourdissements. 

 Les objets $affected ont +$chance2 % de chance de dupliquer le $mana.","$t[Начало боя:] снижает получаемый урон на $p1% в течение $p2 сек. Добавляет $p_mana $mana. 

 Герой получает шанс $chance% уклониться от критического удара. 
 Шанс $chance% избежать оглушения. 

 $affected предметы получают +$chance2% шанс удвоить $mana.","$t[Início da batalha:] Diminui o dano sofrido em $p1% por $p2 s. Ganha $p_mana $mana. 

 $chance% de chance de resistir a acertos críticos. 
 $chance% de chance de resistir a atordoamentos. 

 Itens $affected têm +$chance2% de chance de duplicar $mana.","$t[Al comienzo de la batalla:] Reduce el daño recibido en un $p1 % durante $p2 s. Obtiene $p_mana $mana. 

 $chance  % de probabilidad de resistir golpes críticos. 
 $chance % de probabilidad de resistir aturdimiento. 

 Los $affected objetos tienen un $chance2 % más de probabilidad de duplicar $mana."
<!MissingKey:655:Unhealing: {val}>,Unhealing: {val},Unheilung: {val},不治：{val},アンヒーリング：{val},불치: {val},不治：{val},Contre-guérison : {val},Анти-лечение: {val},Não-Cura: {val},Anticuración: {val}
<!MissingKey:656:Effect duration increased by $p_bonusdur% \~($bag).>,Effect duration increased by $p_bonusdur% \~($bag).,Effektdauer ist $p_bonusdur% länger \~($bag).,效果持续时间增加$p_bonusdur%（$bag）。,効果時間 +$p_bonusdur%（$bag）,효과 지속 시간이 $p_bonusdur% 증가합니다 ($bag).,效果持續時間增加$p_bonusdur%（$bag）。,Durée d'effet augmentée de $p_bonusdur % ($bag).,Длительность действия эффектов увеличивается на $p_bonusdur% ($bag).,Duração do efeito aumentada em $p_bonusdur% ($bag).,La duración de los efectos aumenta un $p_bonusdur % ($bag).
<!MissingKey:657:$t[Every $cds:] Use $p_mana $mana to inflict $p_cold $cold. >,"$t[Every $cds:] Use $p_mana $mana to inflict $p_cold $cold. 

 Triggers $p_speed% faster for each $affected $h[Spell] \~($ice-$h[Spells] count twice).","$t[Alle $cds:] Nutze $p_mana $mana, um $p_cold $cold zu verursachen. 

 Aktiviert $p_speed% schneller pro\~ $affected $h[Zauber] ($ice-$h[Zauber] zählen doppelt).","$t[每$cds：]消耗$p_mana点$mana来向对手施加$p_cold层$cold。

 每有一个$affected的$h[魔法卷轴]，此物品的触发速度快$p_speed%（$ice $h[魔法卷轴]算作2次）。","$t[$cd秒毎：]$p_mana $mana を消費して、$p_cold $cold を付与する 

$affectedにある$h[呪文]1個につき使用速度が$p_speed%上がる（$ice $h[呪文]は2個扱い）","$t[$cd초마다:] $mana를 $p_mana 사용해 $cold를 $p_cold 부여합니다.

$affected에 위치한 $h[주문]마다 $p_speed% 빠르게 발동합니다
($ice $h[주문]은 두 번 계산됩니다).","$t[每$cds：]消耗$p_mana點$mana來向對手施加$p_cold層$cold。

 每有一個$affected的$h[魔法卷軸]，此物品的觸發速度快$p_speed%（$ice $h[魔法卷軸]算作2次）。","$t[Toutes les $cd s :] utilisez $p_mana $mana pour infliger $p_cold $cold. 

 Se déclenche $p_speed % plus vite pour chaque $h[Sort] $affected (les $h[Sorts] $ice compte deux fois).","$t[Раз в $cd сек.:] использует $p_mana $mana и накладывает на противника $p_cold $cold. 

 Срабатывает на $p_speed% чаще за каждое $affected $h[заклятие] ($ice-$h[заклятие] считается за 2).","$t[A cada $cd s:] Usa $p_mana $mana para infligir $p_cold $cold. 

 Ativa $p_speed% mais rápido por cada $h[Feitiço] $affected ($ice-$h[Feitiços] contam duas vezes).","$t[Cada $cd s:] usas $p_mana $mana para infligir $p_cold $cold. 

 Se activa un $p_speed % más rápido por cada $affected $h[hechizo] ($ice-$h[hechizos] cuentan doble)."
START8,"Go, put that equipment to work!","Los, zeig was deine Ausrüstung drauf hat!",去吧，让这些道具发挥好作用！,さあ、その装備に仕事させる時だよ！,"자, 장비를 움직일 시간입니다!",去吧，讓這些道具發揮好作用！,"Allez, faites bon usage de cet équipement !","Вперед, используйте все свое снаряжение!","Vai lá, coloque esse equipamento para trabalhar!","¡Vamos, pon ese equipo a funcionar!"
<!MissingKey:659:$t[$affected item activates:] $chance% chance to gain $p_health maximum health. Chance is increased by $chance2% for each $affected2 $h[Neutral] item.>,$t[$affected item activates:] $chance% chance to gain $p_health maximum health. Chance is increased by $chance2% for each $affected2 $h[Neutral] item.,$t[$affected Gegenstand aktiviert:] $chance% Chance $p_health Maximalleben zu erhalten. Chance ist um $chance2% pro $affected2 $h[neutralem] Gegenstand erhöht.,$t[$affected的物品激活时：]有$chance%的几率获得$p_health点最大生命值。每有一个$affected2的$h[通用]物品，几率再增加$chance2%。,$t[$affectedにあるアイテム発動時：]$chance%の確率で体力最大値が$p_health増える。この確率は$affected2にある$h[共通]アイテム1個につき$chance2%上がる,$t[$affected에 위치한 아이템 발동 시:] $chance%의 확률로 최대 체력을 $p_health 획득합니다. $affected2에 위치한 $h[중립] 아이템마다 확률이 $chance2%씩 증가합니다.,$t[$affected的物品啟動時：]有$chance%的幾率獲得$p_health點最大生命值。每有一個$affected2的$h[通用]物品，幾率再增加$chance2%。,$t[En activant un objet $affected :] $chance % de chance de gagner $p_health de PV max. La chance augmente de $chance2 % pour chaque objet $h[Neutre] $affected2.,$t[При срабатывании $affected предмета:] $chance% шанс повысить максимальное здоровье на $p_health. Шанс повышается на $chance2% за каждый $affected2 $h[нейтральный] предмет.,$t[Ativa item $affected:] $chance% de chance de ganhar $p_health de vida máxima. A chance aumenta em $chance2% por cada item $h[Neutro] $affected2.,$t[Al activar el objeto $affected:] $chance % de probabilidad de obtener $p_health PS máx. La probabilidad aumenta un $chance2 % por cada $affected2 objetos $h[neutrales].
<!MissingKey:660:$p_buff% of buffs used are refunded ($bag).>,$p_buff% of buffs used are refunded ($bag).,$p_buff% der genutzten Buffs werden zurückerstattet ($bag).,重新获得$p_buff%消耗掉的增益效果（$bag）。,消費したバフの$p_buff%を再獲得する（$bag）,사용한 버프를 $p_buff% 돌려받습니다 ($bag).,重新獲得$p_buff%消耗掉的增益效果（$bag）。,$p_buff % des bonus utilisés sont restitués ($bag).,$p_buff% усилений возвращаются ($bag).,$p_buff% dos buffs usados são reembolsados ($bag).,$p_buff % de las ventajas usadas se recuperan ($bag).
"<!MissingKey:661:It sees right through your eyes, through your soul, into the back of your skull. It is not impressed.>","It sees right through your eyes, through your soul, into the back of your skull. It is not impressed.","Sie sieht tief in deine Augen, in deine Seele, bis hin zur Rückseite deines Schädels. Sie ist nicht beeindruckt.",它能看穿你的眼睛，看穿你的灵魂，不要尝试去给它留下好印象。,フクロウの羽根には鋸歯状のギザギザがあるおかげで、ほかの鳥と違って飛ぶ時に音が出ないんです、ハイ。,당신의 눈과 영혼 뒤쪽에 위치한 두개골을 볼 수 있는 능력을 지니고 있습니다. 신기하진 않네요.,它能看穿你的眼睛，看穿你的靈魂，不要嘗試去給它留下好印象。,"Elle peut voir à travers vos yeux, à travers votre âme, jusqu'au fond de votre crâne. Ça ne lui fait ni chaud ni froid.","Смотрит тебе в глаза, сквозь душу… и сквозь затылок. И ей явно не нравится, что она видит.","Ele vê através dos seus olhos, da sua alma, até o fundo do seu crânio. Não está impressionado.","Te mira a los ojos, atraviesa tu alma y llega hasta la nuca. No está impresionado."
<!MissingKey:662:$t[On hit:] Reduce stamina cost by $p_stamina%. $chance% chance to steal a random buff. $t[On stun:] Triggers extra attack.>,$t[On hit:] Reduce stamina cost by $p_stamina%. $chance% chance to steal a random buff. $t[On stun:] Triggers extra attack.,"$t[Bei Treffer:] Reduziere Ausdauerkosten um $p_stamina%.\~ $chance% Chance, einen zufälligen Buff zu stehlen. $t[Gegner benommen:] Löse einen zusätzlichen Angriff aus.",$t[击中对手：]减少耐力消耗$p_stamina%。有$chance%的几率偷取一层随机增益效果。$t[眩晕对手时：]触发一次额外攻击。,$t[ヒット時：]スタミナ消費値 -$p_stamina%。$chance%の確率で1バフを奪う $t[スタン時：]追加攻撃を行う,$t[적중 시:] 스태미나 비용이 $p_stamina%만큼 감소합니다. $chance%의 확률로 무작위 버프를 빼앗습니다. $t[기절 시:] 추가 공격을 가합니다.,$t[擊中對手：]減少耐力消耗$p_stamina%。有$chance%的幾率偷取一層隨機增益效果。$t[眩暈對手時：]觸發一次額外攻擊。,$t[Par coup :] réduit le coût d'endurance de $p_stamina %. $chance % de chances de voler un bonus aléatoire. $t[Par étourdissement :] déclenche une attaque supplémentaire.,$t[При попадании:] затрата энергии снижается на $p_stamina%. $chance% шанс украсть у противника случайное усиление. $t[При оглушении:] атакует еще один раз.,$t[Ao acertar:] Reduz o custo de vigor em $p_stamina%. $chance% de chance de roubar um buff aleatório. $t[Ao atordoar:] Ativa um ataque extra.,$t[Al golpear:] reduces el costo de resistencia un $p_stamina %. $chance % de probabilidad de robar una ventaja al azar. $t[Al aturdir:] activas un ataque adicional.
<!MissingKey:663:$t[Before miss:] Use $p_heatt $heat to hit instead and gain $p_missdam damage. $t[On hit:] Inflict $p_blind $blind and $red[$p_blind_self $blind to yourself]. Destroy $p_blockremoval $bl for each \~$affected free slot or $fire-item. >,"$t[Before miss:] Use $p_heatt $heat to hit instead and gain $p_missdam damage. $t[On hit:] Inflict $p_blind $blind and $red[$p_blind_self $blind to yourself]. Destroy $p_blockremoval $bl for each \~$affected free slot or $fire-item. 

 Counts as $p_fire $fire-items.","$t[Vor verfehltem Angriff:] Nutze $p_heatt $heat, um sicher zu treffen und erhöhe den Schaden um +$p_missdam. $t[Bei Treffer:] Verursache $p_blind $blind und $red[dir selbst] $p_blind_self $blind. Zerstöre $p_blockremoval $bl pro \~$affected freiem Feld oder $fire-Gegenstand. 

 Zählt als $p_fire $fire-Gegenstände.","$t[攻击落空时：]消耗$p_heatt点$heat，改为命中并获得$p_missdam点伤害加成。$t[击中对手：]施加$p_blind层$blind，并$red[对自身施加$p_blind_self层$blind]。每有一个$affected的的空槽位或$fire物品，摧毁对手$p_blockremoval点$bl。

计为$p_fire个$fire物品。","$t[ミス直前：]$p_heatt $heat を消費して、攻撃をヒットさせた上でダメージ値が$p_missdam増える$t[ヒット時：]相手に$p_blind $blind を付与し、$red[自分に$p_blind_self $blind を付与する]。$affectedにある空きスロットまたは $fire アイテム1個につき$p_blockremoval $bl を破壊する

$fire アイテム$p_fire個として扱われる","$t[빗나가기 전:] $heat를 $p_heatt 사용해 공격이 빗나가지 않고, 가하는 피해가 $p_missdam 증가하게 합니다. $t[적중 시:] 상대에게 $blind을 $p_blind, $red[자신에게 $blind을 $p_blind_self] 부여합니다. $affected에 위치한 빈 슬롯이나 $fire 아이템 하나마다, $bl를 $p_blockremoval 파괴합니다. $fire 아이템 $p_fire개로 계산됩니다.","$t[攻擊落空時：]消耗$p_heatt點$heat，改為命中並獲得$p_missdam點傷害加成。$t[擊中對手：]施加$p_blind層$blind，並$red[對自身施加$p_blind_self層$blind]。每有一個$affected的的空槽位或$fire物品，摧毀對手$p_blockremoval點$bl。

計為$p_fire個$fire物品。","$t[Avant de manquer :] utilisez $p_heatt $heat pour réussir le coup et gagner $p_missdam de dégâts. $t[Par coup :] infligez $p_blind $blind et $red[$p_blind_self $blind à vous-même]. Détruisez $p_blockremoval $bl pour chaque emplacement libre $affected ou objet $fire. 

 Compte comme $fire objets $p_fire.","$t[Перед промахом:] использует $p_heatt $heat, чтобы попасть по противнику, и получает +$p_missdam ед. к урону. $t[При попадании:] накладывает на противника $p_blind $blind и $red[$p_blind_self $blind на самого героя]. разрушает $p_blockremoval $bl за каждый пустой $affected слот или $fire-предмет. 

 Считается за $p_fire $fire-предмета.","$t[Antes de errar:] Usa $p_heatt $heat para acertar e ganhar $p_missdam de dano. $t[Ao acertar:] Inflige $p_blind $blind e $red[$p_blind_self $blind a si mesmo]. Destrói $p_blockremoval $bl por cada espaço vazio ou item-$fire $affected. 

 Conta como itens $fire $p_fire.","$t[Antes de fallar:] Usa $p_heatt $heat para golpear en su lugar y obtiene $p_missdam de daño. $t[Al golpear:] Inflige $p_blind $blind y $red[$p_blind_self $blind a ti mismo]. Destruye $p_blockremoval $bl por cada $affected espacio libre u objeto de $fire. 

 Cuenta como $p_fire objeto(s) de $fire."
START7,Show them what all these thingies are capable off!,"Zeig ihnen, was diese Sachen können!",让他们见识下这些道具的厉害！,このアイテムたちの力、見せつけて！,가서 이 아이템들의 성능을 선보이세요!,讓他們見識下這些道具的厲害！,Montrez-leur de quoi tous ces bibelots sont capables !,"Покажите, на что способны все эти штуки!",Mostre a eles do que todas essas coisinhas são capazes!,¡Enséñales de qué son capaces estos cachivaches!
START6,To battle!,In den Kampf!,开打！,いざ出陣！,전장으로!,開打！,Au combat !,В бой!,À batalha!,¡A la batalla!
START5,They already lost!,Du hast jetzt schon gewonnen!,他们肯定赢不了！,相手は負けたも同然だよ！,이미 이긴 것 같네요!,他們肯定贏不了！,Ils ont déjà perdu !,Противник уже проиграл!,Eles já perderam!,¡Ya han perdido!
"<!MissingKey:667:Juicy defense, man!>","Juicy defense, man!",Saftige Verteidigung!,这防御可真够多汁的，伙计！,ウマいディフェンスだったぜ、相棒！,달콤한 방어로군요!,這防禦可真夠多汁的，夥計！,Une jolie défense !,"Сочная защита, брат!",Uma proteção suculenta!,"¡Jugosa defensa, hermano!"
BUY_SALE7,I've got the best deals anywhere!,Unerhört günstig!,我这里的优惠最大！,どこよりもおトクだよ！,어디서도 만나볼 수 없는 할인입니다!,我這裡的優惠最大！,Les meilleures affaires sont ici chez moi !,У меня самые лучшие предложения!,Eu tenho as melhores ofertas em qualquer lugar!,¡Tengo las mejores ofertas del mercado!
BUY_SALE6,Only a fool would have passed on that one!,Nur ein Dummkopf hätte das liegen lassen!,这个价格都不买是傻子！,こんな品をみすみす逃すなんてバカのすることさ！,이걸 놓치는 건 바보죠!,這個價格都不買是傻子！,Il faudrait être insensé pour laisser passer une telle opportunité !,Только дурак бы отказался от такого!,Só um tolo teria deixado essa passar!,¡Solo un tonto habría dejado pasar esa!
BUY_SALE5,What a deal!,Ein richtiges Schnäppchen!,大甩卖！,お買い得だね！,엄청 싸네요!,大拍賣！,Quelle affaire !,Какая выгодная сделка!,Que acordo!,¡Menudo chollo!
<!MissingKey:671:Improve your life in 7 easy steps and one weirdly shaped bag!>,Improve your life in 7 easy steps and one weirdly shaped bag!,Verbessere dein Leben mit 7 einfachen Schritten und einer komisch geformten Tasche!,用这个奇怪形状的背包能提高你的生活质量！,たった7つのステップとたった1つの変わった形のバッグで人生激変！？,7가지 방법과 이상한 가방 하나로 여러분의 삶을 개선해보세요!,用這個奇怪形狀的背包能提高你的生活品質！,Améliorez votre quotidien en 7 étapes simples et avec un sac à la forme unique !,Улучшите жизнь с помощью 7 простых шагов и одной странной сумки!,Melhore sua vida em 7 passos fáceis e uma bolsa com um formato estranhamente diferente!,¡Mejora tu vida en 7 pasos fáciles y una bolsa con forma rara!
"<!MissingKey:672:$t[Every $cds:] Use $stamina stamina to gain \~$p_vampirism $vampirism. \~ If you have at least $p_luckt $lucky, use $p_luck $lucky to gain $p_vampirism2 $vampirism. $t[While charged:] $affected items have +$p_lifesteal% lifesteal.>","$t[Every $cds:] Use $stamina stamina to gain \~$p_vampirism $vampirism. \~ If you have at least $p_luckt $lucky, use $p_luck $lucky to gain $p_vampirism2 $vampirism. $t[While charged:] $affected items have +$p_lifesteal% lifesteal.","$t[Alle $cds:] Nutze $stamina Ausdauer, um $p_vampirism $vampirism zu erhalten. \~ Wenn du mindestens $p_luckt $lucky hast, nutze $p_luck $lucky, um $p_vampirism2 $vampirism zu erhalten. $t[Geladen:] $affected Gegenstände stehlen +$p_lifesteal% Leben.",$t[每$cds：]消耗$stamina耐力，获得$p_vampirism点$vampirism。如果你至少拥有$p_luckt点$lucky，则消耗$p_luck点$lucky获得$p_vampirism2点$vampirism。$t[获得电荷时：]$affected的物品获得+$p_lifesteal%吸血。,$t[$cd秒毎：]$staminaスタミナを消費して、$p_vampirism $vampirism を獲得する。$p_luckt $lucky 以上ある場合、$p_luck $lucky を消費して$p_vampirism2 $vampirism を獲得する$t[通電中：]$affectedにあるアイテムの体力吸収率 +$p_lifesteal%,"$t[$cd초마다:] 스태미나를 $stamina 사용해 $vampirism을 $p_vampirism 획득합니다. $p_luckt 이상의 $lucky을 보유 시, $lucky을 $p_luck 사용해 $vampirism을 $p_vampirism2 획득합니다. $t[전하를 보유한 동안:] $affected에 위치한 아이템이 적중 시 $p_lifesteal%의 체력을 추가로 빼앗습니다.",$t[每$cds：]消耗$stamina耐力，獲得$p_vampirism點$vampirism。如果你至少擁有$p_luckt點$lucky，則消耗$p_luck點$lucky獲得$p_vampirism2點$vampirism。$t[獲得電荷時：]$affected的物品獲得+$p_lifesteal%吸血。,"$t[Toutes les $cd s :] utilisez $stamina d'endurance pour gagner $p_vampirism $vampirism. Si vous avez au moins $p_luckt $lucky, utilisez $p_luck $lucky pour gagner $p_vampirism2 $vampirism. $t[Pendant la charge :] les objets $affected ont +$p_lifesteal % de vol de vie.","$t[Раз в $cd сек.:] использует $stamina ед. энергии и добавляет $p_vampirism $vampirism. Если у героя не менее $p_luckt $lucky, использует $p_luck $lucky и добавляет $p_vampirism2 $vampirism. $t[При заряде:] $affected предметы усиливают эффект кражи жизни на $p_lifesteal%.","$t[A cada $cd s]: Usa $stamina vigor para ganhar $p_vampirism $vampirism. Se você tiver ao menos $p_luckt $lucky, usa $p_luck $lucky para ganhar $p_vampirism2 $vampirism. $t[Carregado:] Itens $affected têm + $p_lifesteal% de roubo de vida.","$t[Cada $cd s:] Usa $stamina resistencia para obtener $p_vampirism $vampirism. Si tienes al menos $p_luckt $lucky, usa $p_luck $lucky para obtener $p_vampirism2 $vampirism. $t[Al cargarse:] Los $affected objetos tienen un $p_lifesteal % más de drenaje vital."
<!MissingKey:673:$t[Start of battle:] $affected $h[Weapons] deal \~+$p_dam + $p_damfactor% damage. $t[On attacked ($melee):] $chance% chance to prevent $p_damblock damage and remove \~ $p_stamina stamina from opponent.>,$t[Start of battle:] $affected $h[Weapons] deal \~+$p_dam + $p_damfactor% damage. $t[On attacked ($melee):] $chance% chance to prevent $p_damblock damage and remove \~ $p_stamina stamina from opponent.,"$t[Kampfbeginn:] $affected $h[Waffen] verursachen +$p_dam + $p_damfactor% Schaden. $t[Bei $melee-Angriff:]\~ $chance% Chance, $p_damblock Schaden zu vermeiden und $p_stamina Ausdauer vom Gegner zu entfernen.",$t[战斗开始时：]$affected的$h[武器]获得+$p_dam + $p_damfactor%伤害加成。$t[被攻击时 （$melee）：]有$chance%的几率抵挡$p_damblock点伤害，并移除对手$p_stamina点耐力。,$t[バトル開始時：]$affectedにある$h[武器]の与ダメージ +$p_dam +$p_damfactor% $t[被攻撃時（$melee）：]$chance%の確率で$p_damblockダメージを防ぎ、相手から$p_staminaスタミナを除去する,"$t[전투 시작 시:] $affected에 위치한 $h[무기]의 피해량이 $p_dam + $p_damfactor% 증가합니다. $t[공격 받을 시 ($melee):] $chance%의 확률로 피해를 $p_damblock 막고, 상대의 스태미나를 $p_stamina 제거합니다. ",$t[戰鬥開始時：]$affected的$h[武器]獲得+$p_dam + $p_damfactor%傷害加成。$t[被攻擊時 （$melee）：]有$chance%的幾率抵擋$p_damblock點傷害，並移除對手$p_stamina點耐力。,$t[Au début du combat :] les $h[Armes] $affected infligent +$p_dam + $p_damfactor % de dégâts. $t[En recevant une attaque ($melee) :] $chance % de chance d'empêcher $p_damblock dégâts et de retirer $p_stamina d'endurance à l'adversaire.,$t[Начало боя:] $affected $h[оружие] наносит +$p_dam + $p_damfactor% урона. $t[При входящей атаке ($melee):] шанс $chance% заблокировать $p_damblock ед. урона и отнять у противника $p_stamina ед. энергии.,$t[Início da batalha:] $h[Armas] $affected causam +$p_dam + $p_damfactor% de dano. $t[Ao sofrer ataque ($melee):] $chance% de chance de prevenir dano $p_damblock e remover $p_stamina de vigor do oponente.,$t[Al comienzo de la batalla:] las $affected $h [armas] hacen +$p_dam + $p_damfactor % de daño. $t[Al recibir un ataque ($melee):] $chance % de probabilidad de prevenir $p_damblock de daño y retirar $p_stamina de resistencia al rival.
<!MissingKey:674:Unidentified Skill>,Unidentified Skill,Unidentifizierter Skill,未挖掘潜力,未知のスキル,정체불명의 스킬,未挖掘潛力,Compétence non identifiée,Таинственный навык,Habilidade Não Identificada,Habilidad no identificada
"<!MissingKey:675:Hey, did you just call me a wrench?>","Hey, did you just call me a wrench?","Ich stell mir immer vor, das wären zwei Münder.",嘿，你刚刚叫我扳手了吗？,ヒロインが錬金術師を殴る時にもよく使われる。,몽키와는 관계가 없습니다.,嘿，你剛剛叫我扳手了嗎？,"Hé, clé-ce que vous venez de dire ?","Эй, ты меня сейчас гаечным ключом назвал?!",Acha mesmo que eu tenho cara de quem veio da Inglaterra?,"Oye, ¿me acabas de llamar repuesto?"
UI_ItemCounter,"Items: {items}
Distinct items: {types}","Gegenstände: {items}
Verschiedene Gegenstände: {types}","物品：{items}
不同物品：{types}","アイテム数：{items}
アイテム種：{types}","아이템: {items}
개별 아이템: {types}","物品：{items}
不同物品：{types}","Objets : {items}
Objets distincts : {types}","Предметы: {items}
Уникальные предметы: {types}","Items: {items}
Itens distintos: {types}","Objetos: {items}
Objetos distintos: {types}"
"<!MissingKey:677:If no item can start Battle Rage, enter it after $h[{delay}s] for $h[{duration}s].>","If no item can start Battle Rage, enter it after $h[{delay}s] for $h[{duration}s].","Wenn kein Gegenstand einen Kampfrausch starten kann, verfalle nach $h[{delay}s] für $h[{duration}s] in Kampfrausch. ",如果没有物品可以触发狂战士之怒，则会在$h[{delay}s]之后自动开启，持续$h[{duration}s]。,バーサク状態に突入できるアイテムがない場合、$h[{delay}秒]後に$h[{duration}秒]間のバーサク状態に突入する,"전투 격노를 시작할 수 있는 아이템이 없다면, $h[{delay}초] 후에 $h[{duration}초] 동안 격노에 돌입합니다.",如果沒有物品可以觸發狂戰士之怒，則會在$h[{delay}s]之後自動開啟，持續$h[{duration}s]。,"Si aucun objet ne peut la déclencher, entrez en rage de combat après $h[{delay} s] pendant $h[{duration} s].","Если ни один из предметов не может спровоцировать ярость, герой автоматически впадет в ярость на $h[{duration} сек.] через $h[{delay} сек.].","Se nenhum item puder iniciar a Fúria de Combate, entre nela após $h[{delay} s] por $h[{duration} s].","Si ningún objeto puede iniciar la rabia de batalla, la activas después de $h[{delay} s] durante $h[{duration} s]."
SELL7,"Bye, bye $item!","Tschüss, $item!",再见$item！,バイバイ、$item！,"안녕, $item!",再見$item！,"À plus, $item !","Прощай, $item!","Tchau, tchau $item!","¡Adiós, $item!"
<!MissingKey:679:Death Lotus>,Death Lotus,Todeslotus,死亡莲花,デス・ロータス,죽음의 연꽃,死亡蓮花,Lotus de mort,Лотос смерти,Lótus da Morte,Loto de la muerte
SELL6,It's time for something new.,Zeit für was neues.,是时候来点新东西了。,新しいアイテムが必要なんじゃないかな。,새로운 걸 구할 시간이네요.,是時候來點新東西了。,Il est temps de passer à autre chose.,Время попробовать что-то новое.,É hora de algo novo.,Es hora de algo nuevo.
SELL9,I'll take it!,Ich nehm's zurück.,成交！,引き取るよ！,제가 챙겨가죠!,成交！,Je prends !,Пригодится!,Eu aceito!,¡Me lo quedo!
"<!MissingKey:682:When in doubt, just channel everything!>","When in doubt, just channel everything!","Wenn du unsicher bist, nutze einfach alle Elemente.",魔法的终极产物。,コーヒーを飲むか、コーヒーをこぼしても、この状態に入れるんだ。,어떤 때에도 절대 생각을 멈추지 마세요.,魔法的終極產物。,"En cas de doute, mettez tout ce que vous avez !",Сомневаешься? Атакуй все подряд!,"Quando estiver em dúvida, apenas canalize tudo!","Cuando dudes, ¡canaliza todo!"
SELL8,"Begone, $item!","Und weg mit dir, $item!",走你，$item！,さらば、$item！,$item 아웃!,走你，$item！,"À jamais, $item !","Бывай, $item!","Vá embora, $item!","¡Fuera, $item!"
"<!MissingKey:684:You can see through the universe now, see the other side.>","You can see through the universe now, see the other side.","Du siehst durch das Universum hindurch, du siehst die andere Seite.",能洞悉宇宙全貌，也能当监控摄像头。,寿命の半分を捧げても手に入るよ。,이제 우주 그 너머를 볼 수 있게 됐습니다.,能洞悉宇宙全貌，也能當監控攝像頭。,"Vous pouvez désormais voir à travers l'univers, voir l'autre côté.","Теперь ты видишь сквозь бескрайнюю вселенную. И что там, на той стороне?","Agora você pode ver através do universo, ver o outro lado.","Ahora puedes ver a través del universo, ver el otro lado."
<!MissingKey:685:Cog>,Cog,Zahnrad,齿轮,歯車,톱니,齒輪,Rouage,Шестеренка,Engrenagem,Engranaje
"<!MissingKey:686:A normal woodland creature, nothing to see here.>","A normal woodland creature, nothing to see here.","Ein ganz normales Waldwesen, bitte weitergehen.",只是普通的林地生物，没什么好看的。,ごく普通の森の生き物だよ。本当だってば。,"삼림지의 평범한 생명체로, 딱히 눈여겨볼 건 없습니다.",只是普通的林地生物，沒什麼好看的。,"Une créature des bois normale, rien à voir ici.",Обычное лесное создание. Смотреть тут не на что.,"Uma criatura normal que se vê em qualquer bosque, nada de mais.","Una criatura normal del bosque, nada que ver aquí."
BUTTON_TextEffects,Text Animation,Textanimation,文字动画,テキストアニメーション,텍스트 애니메이션,文字動畫,Animation de texte,Анимация текста,Animação de Texto,Animación del texto
<!MissingKey:688:Just excessive enough.>,Just excessive enough.,Gerade übertrieben genug.,够长了？还不够！,ちょっと長すぎたかも。,딱 좋을 정도로 뇌절이네요.,夠長了？還不夠！,"Excessif, juste ce qu'il faut.",Ну… просто немного… перебор с длиной.,Só o suficiente de excessivo.,Lo justo para ser impresionante.
<!MissingKey:689:$t[$affected item activates:] $chance% chance to gain $p_luck $lucky and $p_regen $regen. >,"$t[$affected item activates:] $chance% chance to gain $p_luck $lucky and $p_regen $regen. 

 $affected items gain $chance2% critical hit chance for each $lucky and $regen.","$t[$affected Gegenstand aktiviert:]\~ $chance% Chance, $p_luck $lucky und $p_regen $regen zu erhalten. 

 Der $affected Gegenstand erhält $chance2% kritische Trefferchance pro \~$lucky und $regen.","$t[$affected的物品激活时：]有$chance%的几率获得$p_luck点$lucky和$p_regen层$regen。

每有一层$lucky或$regen，$affected的物品获得$chance2%暴击加成。","$t[$affectedにあるアイテム発動時：]$chance%の確率で$p_luck $lucky と$p_regen $regen を獲得する 

$affectedにあるアイテムは、$lucky と $regen 1スタックにつきクリティカル率 +$chance2%","$t[$affected에 위치한 아이템 발동 시:] $chance%의 확률로 $lucky을 $p_luck, $regen을 $p_regen 획득합니다.

$affected에 위치한 아이템이 $lucky과 $regen마다 $chance2%의 치명타 확률을 획득합니다.","$t[$affected的物品啟動時：]有$chance%的幾率獲得$p_luck點$lucky和$p_regen層$regen。

每有一層$lucky或$regen，$affected的物品獲得$chance2%暴擊加成。","$t[En activant un objet $affected :] $chance % de chance de gagner $p_luck $lucky et $p_regen $regen. 

 Les objets $affected gagnent $chance2 % de chance de coup critique pour chaque $lucky et $regen.","$t[При срабатывании $affected предмета:] шанс $chance% добавить $p_luck $lucky и $p_regen $regen. 

 $affected предметы получают $chance2% шанса критического урона за каждый эффект $lucky и $regen.","$t[Ativa item $affected:] $chance% de chance de ganhar $p_luck $lucky e $p_regen $regen. 

 Itens $affected ganham $chance2% de chance de acerto crítico por cada $lucky e $regen.","$t[Al activar el objeto $affected:] $chance % de probabilidad de obtener $p_luck $lucky y $p_regen $regen. 

 Los objetos $affected obtienen un $chance2 % de probabilidad de golpe crítico por cada $lucky y $regen."
<!MissingKey:690:$t[Capturing:] Gain $p_regen $regen. $t[Eliminated:] Gain $p_luck $lucky.>,$t[Capturing:] Gain $p_regen $regen. $t[Eliminated:] Gain $p_luck $lucky.,$t[Schlägt:] Erhalte $p_regen $regen. $t[Wird eliminiert:] Erhalte $p_luck $lucky.,$t[吃掉其他棋子时：]获得$p_regen层$regen。$t[被吃掉时：]获得$p_luck点$lucky。,$t[取る時：]$p_regen $regen を獲得する $t[取られる時：]$p_luck $lucky を獲得する,$t[포획 시:] $regen을 $p_regen 획득합니다. $t[제거될 시:] $lucky을 $p_luck 획득합니다.,$t[吃掉其他棋子時：]獲得$p_regen層$regen。$t[被吃掉時：]獲得$p_luck點$lucky。,$t[À la capture :] gagnez $p_regen $regen. $t[À l'élimination :] gagnez $p_luck $lucky.,$t[При захвате:] добавляет $p_regen $regen. $t[При уничтожении:] добавляет $p_luck $lucky.,$t[Ao capturar:] Ganha $p_regen $regen. $t[Eliminado:] Ganha $p_luck $lucky.,$t[Al capturar:] obtienes $p_regen $regen. $t[Al ser eliminado:] obtienes $p_luck $lucky.
<!MissingKey:691:Panzer Dragon>,Panzer Dragon,Panzerdrache,装甲巨龙,パンツァードラゴン,기갑룡,裝甲巨龍,Dragon blindé,Бронедракон,Dragão Panzer,Dragón panzer
<!MissingKey:692:Chess Piece>,Chess Piece,Schachfigur,棋子,チェスの駒,체스 기물,棋子,Pièce d'échecs,Шахматная фигура,Peça de Xadrez,Pieza de ajedrez
<!MissingKey:693:Deep inside they are all just little kittens.>,Deep inside they are all just little kittens.,Ganz tief drin sind sie auch nur Kätzchen.,老虎看起来可怕，其实就是一只大猫。,内面はただの子猫だよ。,내면 속 깊은 곳에는 귀여운 아기 고양이가 있습니다.,老虎看起來可怕，其實就是一隻大貓。,"Au fond, ce ne sont que des petits chatons.",В глубине души тигры — маленькие котята…,"Lá no fundo, todos eles são apenas gatinhos.","En el fondo, todos ellos son pequeños gatitos."
<!MissingKey:694:Molten Greatsword>,Molten Greatsword,Schmelzendes Großschwert,炽热巨剑,ヒートグレートソード,작열의 대검,熾熱巨劍,Épée longue en fusion,Раскаленный меч,Espada Grande Derretida,Espadón fundido
<!MissingKey:695:And the winner is...you!>,And the winner is...you!,Und der Gewinner...bist wieder du!!,而获胜者是……你！,当・て・ろ！当・て・ろ！,승자는... 당신입니다!,而獲勝者是……你！,Et le gagnant est… vous !,И победитель… ты! Аплодисменты!,E quem ganhou foi... você!,Y el ganador eres… ¡tú!
<!MissingKey:696:$affected items steal $p_lifesteal% life for each $lucky (up to $p_max%) and gain $chance% critical hit chance for each $vampirism.>,$affected items steal $p_lifesteal% life for each $lucky (up to $p_max%) and gain $chance% critical hit chance for each $vampirism.,Der $affected Gegenstand stiehlt $p_lifesteal% Leben pro $lucky (bis zu $p_max%) und erhält $chance% kritische Trefferchance pro $vampirism.,每有一点$lucky，$affected的物品偷取$p_lifesteal%生命值（最高$p_max%）。且每有一层$vampirism，获得暴击几率加成$chance%。,$affectedにあるアイテムは、$lucky 1スタックにつき体力吸収率 +$p_lifesteal%（最大$p_max%まで）、$vampirism 1スタックにつきクリティカル率 +$chance%,"$affected에 위치한 아이템이 $lucky마다 $p_lifesteal%의 생명력을 흡수하고, (최대 $p_max%) $vampirism마다 $chance%의 치명타 확률을 획득합니다.",每有一點$lucky，$affected的物品偷取$p_lifesteal%生命值（最高$p_max%）。且每有一層$vampirism，獲得暴擊幾率加成$chance%。,Les objets $affected infligent $p_lifesteal % de vol de vie pour chaque $lucky (jusqu'à $p_max %) et gagnent $chance % de chance de coup critique pour chaque $vampirism.,$affected предметы крадут $p_lifesteal% здоровья противника за каждый эффект $lucky (макс. до $p_max%) и получают $chance% шанса критического урона за каждый эффект $vampirism.,Itens $affected roubam $p_lifesteal% de vida por cada $lucky (até $p_max%) e ganham $chance% de chance de acerto crítico por cada $vampirism.,Los objetos $affected roban $p_lifesteal % de vida por cada $lucky (hasta $p_max %) y obtienen un $chance % de probabilidad de golpe crítico por cada $vampirism.
<!MissingKey:697:Eat-o-matic>,Eat-o-matic,Ess-O-Matik,自动进食机,イート・オ・マティック,먹보-매틱,自動進食機,Miam-o-matique,Едоматик,Come-tudo,Comemático
<!MissingKey:698:Your healing is more effective.>,Your healing is more effective.,Deine Heilung ist effektiver.,生命值恢复效果更有效。,自分の回復量が増加する,치유의 효과가 증가합니다.,生命值回復效果更有效。,Votre guérison est plus efficace.,Вы эффективнее восстанавливаете здоровье.,Sua cura é mais eficaz.,Tu curación es más efectiva.
UI_LockTooltip,Double-tap {button} to lock.,Doppelt {button} drücken zum Feststellen.,双击{button}以锁定。,{button}をダブルタップでロック,{button} 더블 탭으로 잠금.,按兩下{button}以鎖定。,Appuyez deux fois sur {button} pour verrouiller.,Для блокировки нажмите {button} дважды.,Toque duas vezes em {button} para bloquear.,Pulsa dos veces {button} para bloquear
<!MissingKey:700:An effective endurance charm that let's you party like you are 25 even if you are already 26 or 126.>,An effective endurance charm that let's you party like you are 25 even if you are already 26 or 126.,"Mit dieser Verzauberung kannst du feiern als wärst du 25, auch wenn du 26 bist, oder gar 126.",让你能重返青春的魔法，一百多岁也能像小伙子一样。,25歳みたいなスタミナでパーティーができるようになる呪文だよ。たとえキミが26歳でも126歳でもね。,26살이나 126살이 되어도 25살처럼 파티를 즐길 수 있는 아주 효과적인 부적입니다.,讓你能重返青春的魔法，一百多歲也能像小夥子一樣。,"Un sort de vigueur efficace qui vous permet de faire la fête comme si vous aviez 25 ans, que vous en ayez déjà 26 ou 126.","Талисман выносливости, с ним вы себя почувствуете снова на 25… даже если вам уже 26. Или 126.","Um amuleto de resistência eficaz que te permite festejar como se tivesse 25, mesmo que já tenha 26 ou 126.","Un amuleto de resistencia que te deja fiestear como si tuvieras 25, aunque tengas 26 o 126."
<!MissingKey:701:{type}-Damage dealt increased by {amount} for {duration}s ({origin}).>,{type}-Damage dealt increased by {amount} for {duration}s ({origin}).,,造成的{type}伤害增加{amount}持续{duration}s（{origin}）。,{duration}秒間、与える {type} ダメージが{amount}増えた（{origin}）。,{duration}초 동안 {amount}만큼 가하는 {type} 피해가 증가함 ({origin}).,造成的{type}傷害增加{amount}持續{duration}s（{origin}）。,Dégâts infligés {type} augmentés de {amount} pendant {duration} s ({origin}).,Ваш {type}-урон повышается на {amount} в течение {duration} сек. ({origin}).,Dano {type} causado aumentado em {amount} por {duration} s ({origin}).,Daño infligido de {type} aumentado en {amount} durante {duration} s ({origin}).
<!MissingKey:702:Broccotree>,Broccotree,Brokkobaum,西兰花树,ブロッコツリー,브로코트리,西蘭花樹,Brocolarbre,Древокколи,Brocórvore,Brocoárbol
<!MissingKey:703:The meanest splinters imaginable.>,The meanest splinters imaginable.,Die fiesestmöglichen Splitter.,能想象到最恶毒的木刺。,想像できる限り最もタチの悪いトゲトゲ。,세상에서 가장 비열한 나무토막들입니다.,能想像到最惡毒的木刺。,"Attention, ça pique méchamment.","Самые злобные занозы, какие только можно представить.",As piores farpas que você pode imaginar.,Las espinas más malas que puedas imaginar.
<!MissingKey:704:Chess Master>,Chess Master,Schachmeister,棋艺大师,チェスマスター,체스 마스터,棋藝大師,Maître d'échecs,Мастер шахмат,Mestre do Xadrez,Maestro ajedrecista
<!MissingKey:705:Looking at it makes you dizzy.>,Looking at it makes you dizzy.,Dir wird vom Ansehen schwummrig.,看久了会头晕，盯着电灯看也一样。,見てるだけでクラクラしてくるよ。,빤히 쳐다보면 현기증이 납니다.,看久了會頭暈，盯著電燈看也一樣。,Le simple fait de la regarder vous fait tourner la tête.,Смотришь — и голова кругом. Но красиво же!,Olhar para isso te deixa tonto.,Mirarlo te marea.
<!MissingKey:706:Has $chance% chance to $h[duplicate] $mana gained.>,Has $chance% chance to $h[duplicate] $mana gained.,"Hat $chance% Chance, erzeugtes $mana zu $h[duplizieren].",有$chance%的几率$h[复制]获得的$mana。,$chance%の確率で $mana を$h[追加獲得]する,$chance%의 확률로 획득하는 $mana를 $h[복제]합니다.,有$chance%的幾率$h[複製]獲得的$mana。,A $chance % de chance de $h[Dupliquer] le $mana gagné.,$chance% шанс $h[удвоить] получаемую $mana.,Tem $chance% de chance de $h[duplicar] $mana ganhas.,Tiene un $chance % de probabilidad de $h[duplicar] el $mana que reciben.
<!MissingKey:707:Turtle>,Turtle,Schildkröte,乌龟,カメ,거북,烏龜,Tortue,Черепаха,Tartaruga,Tortuga
<!MissingKey:708:$t[$p1 $affected item activations:] Heal for $p_heal and gain $p_buffs buffs of the type of which you have the most.>,$t[$p1 $affected item activations:] Heal for $p_heal and gain $p_buffs buffs of the type of which you have the most.,"$t[$p1 $affected Gegenstand-Aktivierungen:] Heile $p_heal und erhalte $p_buffs Buffs des Typs, von dem du am meisten hast.",$t[$affected的物品激活达到$p1次：]恢复$p_heal点生命值并获得$p_buffs层你现有层数最多的增益效果。,$t[$affectedにあるアイテム$p1回発動時：]体力を$p_heal回復し、一番多いバフを$p_buffs獲得する,$t[$affected에 위치한 아이템이 $p1회 발동 시:] 체력을 $p_heal 회복하고 보유한 버프 중 가장 많은 버프를 $p_buffs 획득합니다.,$t[$affected的物品啟動達到$p1次：]恢復$p_heal點生命值並獲得$p_buffs層你現有層數最多的增益效果。,$t[En activant l'objet $affected $p1 :] guérissez de $p_heal et gagnez $p_buffs bonus du type dont vous disposez le plus.,"$t[При срабатывании $p1 $affected предметов:] восстанавливает $p_heal здоровья и добавляет до $p_buffs усилений того типа, которых у героя больше всего.",$t[$p1 ativações de itens $affected:] Cura $p_heal e ganha $p_buffs buffs do tipo que você tem em maior quantidade.,$t[Al activar $p1 $affected objetos:] te curas $p_heal y obtienes $p_buffs ventajas del tipo que más tengas.
GROUPING_Class,Group by Class,Nach Klasse gruppieren,按职业分组,クラスで分類,직업으로 분류,按職業分組,Regrouper par classe,Группировка по классу,Agrupar por Classe,Agrupar por clase
<!MissingKey:710:Laboratory>,Laboratory,Labor,实验台,実験所,실험실,實驗臺,Laboratoire,Лаборатория,Laboratório,Laboratorio
<!MissingKey:711:Gain $p_stamina maximum stamina on activate ($bag).>,Gain $p_stamina maximum stamina on activate ($bag).,Erhalte $p_stamina maximale Ausdauer beim Aktivieren ($bag).,激活时获得$p_stamina点最大耐力（$bag）。,発動時、スタミナ最大値が$p_stamina増える（$bag）,발동 시 최대 스태미나를 $p_stamina 획득합니다 \~($bag).,啟動時獲得$p_stamina點最大耐力（$bag）。,Gagnez $p_stamina d'endurance max à l'activation ($bag).,Добавляет $p_stamina максимальной энергии при срабатывании ($bag).,Ganha $p_stamina de vigor máximo ao ativar ($bag).,Obtienes $p_stamina resistencia máxima al activarse ($bag).
<!MissingKey:712:$t[Before defeat:] Gain $block $bl for each $cold of your opponent and remove all their $cold (once). $t[$affected $h[Shield] or $h[Armor] activates:] \~$chance% chance to inflict $p_cold $cold (up to $p_max).>,$t[Before defeat:] Gain $block $bl for each $cold of your opponent and remove all their $cold (once). $t[$affected $h[Shield] or $h[Armor] activates:] \~$chance% chance to inflict $p_cold $cold (up to $p_max).,"$t[Vor Niederlage:] Erhalte $block $bl pro $cold deines Gegners und entferne sämtliche $cold (einmalig). $t[$affected $h[Schild] oder $h[Rüstung] aktiviert:] \~$chance% Chance, $p_cold $cold zu verursachen (bis zu $p_max).",$t[将要被打败时：]对手每有一层$cold，获得$block点$bl，并移除对手所有$cold（单次触发）。$t[$affected的$h[盾牌]或$h[护甲]激活时：]有$chance%的几率向对手施加$p_cold层$cold（最高$p_max层）。,$t[敗北直前：]相手の $cold 1スタックにつき$block $bl を獲得し、相手の $cold スタックをすべて除去する（1回のみ） $t[$affectedにある$h[盾]または$h[鎧]の発動時]$chance%の確率で$p_cold $cold を付与する（最大$p_maxまで）,"$t[패배 전:] 상대에게 부여된 $cold마다 $bl를 $block 획득하고, 모든 $cold를 제거합니다 (한 번). $t[$affected에 위치한 $h[방패]나 $h[갑옷] 발동 시:] $chance%의 확률로 $cold를 $p_cold 부여합니다 (최대 $p_max).",$t[將要被打敗時：]對手每有一層$cold，獲得$block點$bl，並移除對手所有$cold（單次觸發）。$t[$affected的$h[盾牌]或$h[護甲]啟動時：]有$chance%的幾率向對手施加$p_cold層$cold（最高$p_max層）。,$t[Avant la défaite :] gagnez $block $bl pour chaque $cold de l'adversaire et retirez tous ses $cold (une fois). $t[En activant $h[Armure] ou $h[Bouclier] $affected :] $chance % de chance d'infliger $p_cold $cold (jusqu'à $p_max).,$t[Перед поражением:] добавляет $block $bl за каждый эффект $cold противника и снимает с него все эффекты $cold (один раз за бой). $t[При активации $affected $h[щита] или $h[брони]:] $chance% шанс наложить $p_cold $cold (макс.: $p_max).,$t[Antes de sofrer derrota:] Ganha $block $bl por cada $cold do oponente e remove todos os $cold dele (uma vez). $t[Ativação de $h[Escudo] ou $h[Armadura] $affected:] $chance% de chance de infligir $p_cold $cold (até $p_max).,$t[Antes de ser derrotado:] obtienes $block $bl por cada $cold del rival y eliminas todo su $cold (una vez). $t[Al activarse $affected $h[escudo] o $h[armadura]:] $chance % de probabilidad de infligir $p_cold $cold (hasta $p_max).
UI_Trade,Trade,Tausch,交易,トレード,거래,交易,Échange,Торговля,Troca,Comercio
"<!MissingKey:714:$t[After $cds:] Use up to $p_stamina stamina, gain $p_buffs random buffs for each $h[1] stamina used. $t[After $cd2s:] $stun[Stun] your opponent for $p3s and $red[yourself for $p4s]. $t[After $cd3s:] Heal for $p_heal% of your opponent’s current health.>","$t[After $cds:] Use up to $p_stamina stamina, gain $p_buffs random buffs for each $h[1] stamina used. $t[After $cd2s:] $stun[Stun] your opponent for $p3s and $red[yourself for $p4s]. $t[After $cd3s:] Heal for $p_heal% of your opponent’s current health.","$t[Nach $cds:] Nutze bis zu $p_stamina Ausdauer, erhalte $p_buffs zufällige Buffs pro $h[1] verbrauchter Ausdauer. $t[Nach $cd2s:] Verursache für $p3s $stun[Benommenheit] beim Gegner und $red[für $p4s bei dir]. $t[Nach $cd3s:] Heile um $p_heal% des Lebens deines Gegners.",$t[$cds后：]消耗最多$p_stamina点耐力，每消耗$h[1]点耐力获得$p_buffs个随机增益效果。$t[$cd2s后：]$stun[眩晕]对手，持续$p3s，并$red[使自己眩晕，持续$p4s]。$t[$cd3s后：]恢复等同于对手当前生命值$p_heal%的生命。,$t[$cd秒後：]最大で$p_staminaスタミナを消費して、消費したスタミナ$h[1]につき$p_buffsバフを獲得する$t[$cd2秒後：]相手を$p3秒間$stun[スタン]させ、$red[自分を$p4秒間$stun[スタン]させる]$t[$cd3秒後：]相手の現在の体力の$p_heal%に等しい体力を回復する,"$t[$cd초 후:] 스태미나를 최대 $p_stamina 사용해, 사용한 스태미나 $h[1]당 무작위 버프를 $p_buffs개 획득합니다. $t[$cd2초 후:] 상대를 $p3초 동안, $red[자신을 $p4초 동안] $stun[기절]시킵니다. $t[$cd3초 후:] 상대의 현재 체력의 $p_heal%만큼 체력을 회복합니다.",$t[$cds後：]消耗最多$p_stamina點耐力，每消耗$h[1]點耐力獲得$p_buffs個隨機增益效果。$t[$cd2s後：]$stun[眩暈]對手，持續$p3s，並$red[使自己眩暈，持續$p4s]。$t[$cd3s後：]恢復等同於對手當前生命值$p_heal%的生命。,"$t[Après $cd s :] utilisez jusqu'à $p_stamina d'endurance, gagnez $p_buffs bonus aléatoires tous les $h[1] d'endurance utilisée. $t[Après $cd2 s :] $stun[Étourdissez] votre adversaire pendant $p3 s et $red[vous-même pendant $p4 s]. $t[Après $cd3 s :] guérissez de $p_heal % des PV actuels de votre adversaire.",$t[Через $cd сек.:] использует до $p_stamina энергии и добавляет до $p_buffs случайных усилений за каждую $h[1] ед. использованной энергии. $t[Через $cd2 сек.:] $stun[оглушает] противника на $p3 сек. и $red[самого героя на $p4 сек.]. $t[Через $cd3 сек.:] восстанавливает герою $p_heal% от текущего здоровья противника.,"$t[Após $cd s:] Usa até $p_stamina de vigor, ganha $p_buffs buffs aleatório por cada $h[1] de vigor utilizado. $t[Após $cd2 s:] $stun[Atordoa] seu oponente por $p3 s e $red[a si mesmo por $p4 s]. $t[Após $cd3 s:] Cura $p_heal% da vida atual do oponente.","$t[Tras $cd s:] Usa hasta $p_stamina de resistencia, obtiene $p_buffs ventajas al azar por cada $h[1] resistencia usada. $t[Tras $cd2 s:] $stun[aturde] al rival durante $p3 s y $red[a ti mismo durante $p4 s]. $t[Tras $cd3 s:] Recupera $p_heal % de los PS actuales del rival."
"<!MissingKey:715:Harold, the Hateful Hat>","Harold, the Hateful Hat","Hans, der hasserfüllte Hut",哈洛德，仇恨之帽,憎たらしい帽子・ハロルド,증오의 모자 해럴드,哈洛德，仇恨之帽,"Archimède, le méchant chapeau","Гарольд, шляпа ненависти","Harold, o Chapéu Odiado","Harold, el sombrero odioso"
<!MissingKey:716:Boomerang>,Boomerang,Bumerang,回旋镖,ブーメラン,부메랑,迴旋鏢,Boomerang,Бумеранг,Bumerangue,Bumerán
<!MissingKey:717:Do not give Gooberts too much sugar.>,Do not give Gooberts too much sugar.,"Gib dem Schlotzbert nicht zu viel Zucker, okay?",别给黏黏喂太多糖了！,特に関係ないけど、ウシのフンからバニラの成分を抽出する研究があるらしいね。特に関係ないけど。,슬돌이한테 설탕을 너무 많이 주지 마세요.,別給黏呼呼喂太多糖了！,Ne donnez pas trop de sucre aux Viskeux.,Не давайте Слаймеру слишком много сахара. Мы предупредили...,Não dê muito açúcar aos Gosbertos.,No le des demasiado azúcar a los viscosinos.
<!MissingKey:718:Hogus Bogus>,Hogus Bogus,Hokus Schmokus,胡搞魔咒,アブラガダブラ,수리주리 마두리,胡搞魔咒,Abracada-zut,Фокус-шмокус,Abracafarsa,Abradacatrampa
Magic Ring_TRIGGER1,$m[Start of battle:] {effect},$m[Kampfbeginn:] {effect},$m[战斗开始时：]{effect},$m[バトル開始時：] {effect},$m[전투 시작 시:] {effect},$m[戰鬥開始時：]{effect},$m[Au début du combat :] {effect}.,$m[Начало боя:] {effect},$m[Início da batalha:] {effect},$m[Al comienzo de la batalla:] {effect}
<!MissingKey:720:Triggers $p_speed% faster and has $chance% chance to duplicate buffs ($bag).>,Triggers $p_speed% faster and has $chance% chance to duplicate buffs ($bag).,"Aktiviert $p_speed% schneller und hat $chance% Chance, Buffs zu duplizieren ($bag).",触发速度快$p_speed%，$chance%的几率复制获得的增益效果（$bag）。,使用速度が$p_speed%上がり、$chance%の確率でバフを追加獲得する（$bag）,"$p_speed% 빠르게 발동하며, $chance%의 확률로 획득하는 버프를 복제합니다 ($bag).",觸發速度快$p_speed%，$chance%的幾率複製獲得的增益效果（$bag）。,Se déclenche $p_speed % plus vite et a $chance % de chance de dupliquer les bonus ($bag).,Срабатывает на $p_speed% чаще и получает $chance% удвоить усиления ($bag).,Ativa $p_speed% mais rápido e tem $chance% de chance de duplicar buffs ($bag).,Se activa un $p_speed % más rápido y tiene un $chance % de probabilidad de duplicar ventajas ($bag).
Magic Ring_TRIGGER3,$m[Health drops below $p_healtht%:] {effect} (Once),$m[Leben fällt unter $p_healtht%:] {effect} (Einmalig),$m[生命值低于$p_healtht%时：]{effect}（单次触发）,$m[自分の体力が$p_healtht%未満に低下時：] {effect}（1回のみ）,$m[체력이 $p_healtht% 아래로 떨어질 시:] {effect} (한 번),$m[生命值低於$p_healtht%時：]{effect}（單次觸發）,$m[PV inférieurs à $p_healtht % :] {effect} (une fois).,$m[Если здоровье героя ниже $p_healtht%:] {effect} (один раз за бой),$m[Vida abaixo de $p_healtht%:] {effect} (uma vez),$m[Si los PS caen por debajo del $p_healtht %:] {effect} (una vez)
<!MissingKey:722:Spell Scroll: Regrowth>,Spell Scroll: Regrowth,Zauberrolle: Erneuerung,魔法卷轴：重生,呪文の巻物：再生,주문 스크롤: 재성장,魔法卷軸：重生,Parchemin de sort : Repousse,Свиток заклятия: пробуждение,Pergaminho de Feitiço: Regeneração,Pergamino de conjuros: Rebrote
Magic Ring_TRIGGER2,$m[Every $cds:] {effect},$m[Alle $cds:] {effect},$m[每$cds：]{effect},$m[$cd秒毎：] {effect},$m[$cd초마다:] {effect},$m[每$cds：]{effect},$m[Toutes les $cd s :] {effect}.,$m[Раз в $cd сек.:] {effect},$m[A cada $cd s:] {effect},$m[Cada $cd s:] {effect}
<!MissingKey:724:$t[Shop entered:] Spend all your $gold to generate random items with a higher value. $t[Start of battle:] Gain $p1 random buffs.>,$t[Shop entered:] Spend all your $gold to generate random items with a higher value. $t[Start of battle:] Gain $p1 random buffs.,"$t[Laden betreten:] Nutze all dein $gold, um zufällige Gegenstände von höherem Wert zu erzeugen. $t[Kampfbeginn:] Erhalte $p1 zufällige Buffs.",$t[进入商店时：]花费所有$gold来生成更高价值的随机物品。$t[战斗开始时：]获得$p1层随机增益效果。,$t[ショップ入店時：]すべての $gold を消費して、それより価値の高いランダムなアイテムを生成する $t[バトル開始時：]$p1バフを獲得する,$t[상점 진입 시:] 모든 $gold를 소모해 더 높은 가치를 지닌 무작위 아이템을 생성합니다. $t[전투 시작 시:] 무작위 버프를 $p1개 획득합니다.,$t[進入商店時：]花費所有$gold來生成更高價值的隨機物品。$t[戰鬥開始時：]獲得$p1層隨機增益效果。,$t[En entrant dans la boutique :] dépensez tout votre $gold pour générer des objets aléatoires d'une valeur plus élevée. $t[Au début du combat :] gagnez $p1 bonus aléatoires.,"$t[Переход в магазин:] расходует все $gold героя, чтобы создать более ценные предметы. $t[Начало боя:] добавляет до $p1 случайных усилений.",$t[Ao entrar na loja:] Gaste toda a sua $gold para gerar itens aleatórios com um valor mais alto. $t[Início da batalha:] Ganha $p1 buffs aleatórios.,$t[Al entrar en la tienda:] gasta todo tu $gold para crear objetos al azar de mayor valor. $t[Al comienzo de la batalla:] obtienes $p1 ventajas al azar.
Magic Ring_TRIGGER4,$m[Opponent drops below $p_healtht_opp%:] {effect} (Once),$m[Leben des Gegners fällt unter $p_healtht_opp%:] {effect} (Einmalig),$m[对手生命值低于$p_healtht_opp%时：]{effect}（单次触发）,$m[相手の体力が$p_healtht_opp%未満に低下時：] {effect}（1回のみ）,$m[상대의 체력이 $p_healtht_opp% 아래로 떨어질 시:] {effect} (한 번),$m[對手生命值低於$p_healtht_opp%時：]{effect}（單次觸發）,$m[PV de l'adversaire inférieurs à $p_healtht_opp % :] {effect} (une fois).,$m[Если здоровье противника ниже $p_healtht_opp%:] {effect} (один раз за бой),$m[Vida do oponente abaixo de $p_healtht_opp%:] {effect} (uma vez),$m[Si los PS del oponente caen por debajo del $p_healtht_opp %:] {effect} (una vez)
<!MissingKey:726:Poison Grenade>,Poison Grenade,Giftgranate,毒气手雷,ポイズングレネード,맹독 수류탄,毒氣手榴彈,Grenade empoisonnée,Ядовитая граната,Granada Venenosa,Granada venenosa
<!MissingKey:727:The life of an engineer is about constructing things and quickly iterating upon their designs. Electricity and mechanical design go hand in hand to beat opponents with the power of science. Let the world see your marvelous contraptions! {items} >,The life of an engineer is about constructing things and quickly iterating upon their designs. Electricity and mechanical design go hand in hand to beat opponents with the power of science. Let the world see your marvelous contraptions! {items} ,"Im Leben eines Ingenieurs geht es ums Dinge bauen und das schnelle Umdenken, wenn ein Konstrukt nicht funktioniert. Demonstriere technische Überlegenheit mit Elektrik und Mechanik. Zeig der Welt deine wundervollen und/oder wirren Konstruktionen. {items}",工程师的一生就是不断建造装置并迅速改进设计。电力与机械相辅相成，用科学之力击败对手。让世界见识你那些奇妙的发明吧！{items},エンジニアの人生にとって重要なことは、物を作って素早く改良を繰り返すことだ。電気と機械を組み合わせ、科学の力で敵を打ち倒せ！不思議なカラクリの力を世界に見せつけよう！{items},"엔지니어의 삶은 무언가를 구축하고, 그 설계를 빠르게 개선해 나가는 데 중점을 두고 있습니다. 전기와 기계 설계는 과학의 힘으로 적을 제압하기 위해 서로 한데 맞물려 돌아갑니다. 여러분의 경이로운 발명품을 세상에 선보여주세요! {items}",工程師的一生就是不斷建造裝置並迅速改進設計。電力與機械相輔相成，用科學之力擊敗對手。讓世界見識你那些奇妙的發明吧！{items},La vie d'un ingénieur consiste à penser des objets et d'en améliorer rapidement les conceptions. Électricité et mécanique vont de pair pour surpasser les adversaires grâce à la puissance de la science. Montrez au monde entier vos inventions remarquables ! {items},"Быть инженером - значит конструировать, тестировать и постоянно улучшать свои творения. Электричество и механика вместе превращают науку в оружие. Покажи миру свои гениальные механизмы! {items}",A vida de um engenheiro se trata de construir coisas e trabalhar rapidamente em seus projetos. Eletricidade e mecânica andam de mãos dadas para derrotar oponentes usando o poder da ciência. Mostre suas maravilhosas engenhosidades ao mundo! {items},La vida de una ingeniera se trata de construir cosas e iterar rápidamente sobre sus diseños. La electricidad y el diseño mecánico van de la mano para vencer a los rivales con el poder de la ciencia. ¡Que el mundo vea tus maravillosos artefactos! {items}
<!MissingKey:728:Box of Cogs>,Box of Cogs,Zahnradkoffer,齿轮箱,歯車仕掛けの箱,톱니 상자,齒輪箱,Boîte à rouages,Коробка шестеренок,Caixa de Engrenagens,Caja de engranajes
<!MissingKey:729:Black Bishop>,Black Bishop,Schwarzer Läufer,黑色主教,黒のビショップ,블랙 비숍,黑色主教,Fou noir,Темный слон,Bispo Preto,Alfil negro
"<!MissingKey:730:Only looky, no punchy.>","Only looky, no punchy.","Nur gucken, nicht hauen.",看就是看着结实，冰墙一碰就碎。,はい、バリアー！,간단하면서 효과적인.,看就是看著結實，冰牆一碰就碎。,"Regardez sans les poings, s'il vous plaît.","Можно только смотреть, никаких ударов.","Só olhe, nada de socos.","Solo mirar, nada de golpear."
<!MissingKey:731:Stuff-Throwinator>,Stuff-Throwinator,Kramwerfinator,投掷发射器,モノ・ブッパナシネーター,물질 투척기,投擲發射器,Balancinateur,Швырятор,Taca-tralha,Arroja-cosas-inador
"<!MissingKey:732:Whoever shouts “CHECKERS!!” the loudest wins, right?>","Whoever shouts “CHECKERS!!” the loudest wins, right?","Wer am lautesten ""HALMA"" ruft gewinnt, oder?",我不是很懂规则，但是只要第一个喊出“将军！”就赢了对吧！,駒が駒を破壊するなんて、野蛮じゃない？,"""체커!""라고 제일 크게 외치는 사람이 이기는 게임 맞죠?",我不是很懂規則，但是只要第一個喊出“將軍！”就贏了對吧！,"C'est celui qui crie « DAME ! » le plus fort qui gagne, c'est ça ?","Кто громче крикнет «ШАШКИ!!» — тот и победил, да? В этом суть игры?","Quem gritar ""DAMAS!!"" mais alto, ganha, certo?","¡El que grite «¡DAMAS!» más fuerte gana, ¿verdad?"
<!MissingKey:733:Cog Badge>,Cog Badge,Zahnradabzeichen,齿轮徽章,歯車バッジ,톱니 배지,齒輪徽章,Insigne de rouage,Значок шестеренки,Broche de Engrenagem,Medalla de engranaje
,,,,,,,,,,
<!MissingKey:735:$t[Shop refreshes:] Increase the rarity of $h[1] item. $shopchance% chance for a $h[Trade] offer.>,$t[Shop refreshes:] Increase the rarity of $h[1] item. $shopchance% chance for a $h[Trade] offer.,$t[Angebot erneuert:] Erhöhe die Seltenheit eines Gegenstandes im Laden. $shopchance% Chance auf ein $h[Tausch]angebot.,$t[商店刷新时：]增加$h[1]个物品的稀有度。有$shopchance%的几率出现$h[交易]机会。,$t[ショップ更新時：]アイテム$h[1]個のレア度が上がる。$shopchance%の確率で$h[トレード]が提示される,$t[상점 갱신 시:] 아이템 $h[1]개의 희귀도가 상승합니다. $shopchance% 확률로 $h[거래]를 제안합니다.,$t[商店刷新時：]增加$h[1]個物品的稀有度。有$shopchance%的幾率出現$h[交易]機會。,$t[Actualisation de boutique :] augmentez la rareté de $h[1] objet. $shopchance % de chance d'offre d'$h[Échange].,$t[При обновлении магазина:] повышает редкость $h[1] предмета. Шанс $shopchance% получить $h[торговое] предложение.,$t[Loja atualiza:] Aumente a raridade de $h[1] item. $shopchance% de chance de uma oferta de $h[Troca].,$t[Al actualizar la tienda:] aumenta la rareza de $h[1] objeto. $shopchance % de probabilidad de una oferta de $h[comercio].
<!MissingKey:736:Encyclopspedia of Darkness>,Encyclopspedia of Darkness,Enzyklopädie der Dunkelheit,黑暗百科,暗黒の百科事典,어둠의 백과사전,黑暗百科,Encyclopédie des ténèbres,Энциклопедия тьмы,Enciclopédia das Trevas,Enciclopedia de la oscuridad
"<!MissingKey:737:It just screams ""I totally work here"".>","It just screams ""I totally work here"".","Es schreit einfach total, ""Ich arbeite sowas von hier"".",这算哪门子工服……,いかにも「働いてる」って感じだよね。,나는 이 알바를 해봤어요!,這算哪門子工服……,Ça montre clairement à tout le monde que « Je travaille évidemment ici ».,Она буквально орет: «Я точно тут работаю!»,"Isso grita ""Eu definitivamente trabalho aqui"".",Parece gritando: «¡Claro que trabajo aquí!».
<!MissingKey:738:$t[Shop entered:] Dig up a random item. $t[Every $cds:] Gain $p_luck $lucky and $p_heat $heat. Increase base cooldown by $p3s. $t[While charged:] Reset base cooldown to $p_basecds.>,$t[Shop entered:] Dig up a random item. $t[Every $cds:] Gain $p_luck $lucky and $p_heat $heat. Increase base cooldown by $p3s. $t[While charged:] Reset base cooldown to $p_basecds.,$t[Laden betreten:] Grabe einen zufälligen Gegenstand aus. $t[Alle $cds:] Erhalte $p_luck $lucky und $p_heat $heat. Erhöhe die Abklingzeit um $p3s. $t[Geladen:] Setze die Abklingzeit auf $p_basecds zurück.,$t[进入商店时：]挖出一个随机物品。$t[每$cds：]获得$p_luck点$lucky和$p_heat层$heat。基础冷却时间增加$p3s。$t[获得电荷时：]基础冷却时间重置为$p_basecds。,$t[ショップ入店時：]アイテムを1個ランダムに掘り出す$t[$cd秒毎：]$p_luck $luckyと$p_heat $heatを獲得する。基礎クールダウンが$p3秒長くなる$t[通電中：]基礎クールダウンを$p_basecd秒にリセットする,"$t[상점 진입 시:] 무작위 아이템 하나를 발굴합니다. $t[$cd초마다:] $lucky을 $p_luck, $heat를 $p_heat 획득합니다. 기본 재사용 대기 시간이 $p3초 증가합니다. $t[전하를 보유한 동안:] 기본 재사용 대기 시간을 $p_basecd초로 초기화합니다.",$t[進入商店時：]挖出一個隨機物品。$t[每$cds：]獲得$p_luck點$lucky和$p_heat層$heat。基礎冷卻時間增加$p3s。$t[獲得電荷時：]基礎冷卻時間重置為$p_basecds。,$t[En entrant dans la boutique :] découvrez un objet aléatoire. $t[Toutes les $cd s :] gagnez $p_luck $lucky et $p_heat $heat. Augmentez le temps de recharge de base de $p3 s. $t[Pendant la charge :] réinitialisez le temps de recharge de base à $p_basecds.,$t[Переход в магазин:] выкапывает случайный предмет. $t[Раз в $cd сек.:] добавляет $p_luck $lucky и $p_heat $heat. Увеличивает базовое время перезарядки на $p3 сек. $t[При заряде:] сбрасывает базовое время перезарядки до $p_basecds.,$t[Ao entrar na loja:] Desenterra um item aleatório. $t[A cada $cd s:] Ganha $p_luck $lucky e $p_heat $heat. Aumenta a recarga base em $p3 s. $t[Carregado:] Redefine a recarga base para $p_basecd s.,$t[Al entrar en la tienda:] Desentierra un objeto al azar. $t[Cada $cd s:] Obtiene $p_luck $lucky y $p_heat $heat. Aumenta la recarga base en $p3 s. $t[Al cargarse:] Reinicia la recarga base a $p_basecds.
<!MissingKey:739:$t[Start of battle:] Gain $p_stamina empty maximum stamina. $t[Every $cds:] Refund $p_refund_buffs% of the buffs used and $p_refund_stamina% of the stamina used since the last activation. >,"$t[Start of battle:] Gain $p_stamina empty maximum stamina. $t[Every $cds:] Refund $p_refund_buffs% of the buffs used and $p_refund_stamina% of the stamina used since the last activation. 

 Triggers $p_speed% faster for each \~$affected $engineer-item.","$t[Kampfbeginn:] Erhalte $p_stamina ungefüllte maximale Ausdauer. $t[Alle $cds:] Erstatte $p_refund_buffs% der genutzen Buffs und $p_refund_stamina% der genutzen Ausdauer seit der letzen Aktivierung. 

 Aktiviert $p_speed% schneller pro \~$affected $engineer-Gegenstand.","$t[战斗开始时：]获得$p_stamina点空的最大耐力。$t[每$cds：]返还自上次触发以来使用的$p_refund_buffs%增益效果和$p_refund_stamina%耐力。

每有一个$affected的$engineer物品，触发速度快$p_speed%。","$t[バトル開始時：]空のスタミナ最大値が$p_stamina増える$t[$cd秒毎：]前回の発動以降に消費したバフの$p_refund_buffs%と消費したスタミナの$p_refund_stamina%を再び獲得する

$affectedにある $engineer アイテム1個につき使用速度が$p_speed%上がる","$t[전투 시작 시:] 빈 최대 스태미나를 $p_stamina 획득합니다. $t[$cd초마다:] 가장 최근에 발동시켰을 때 사용한 버프를 $p_refund_buffs%, 사용한 스태미나를 $p_refund_stamina% 돌려받습니다.

$affected에 위치한 $engineer 아이템마다 $p_speed% 빠르게 발동합니다.","$t[戰鬥開始時：]獲得$p_stamina點空的最大耐力。$t[每$cds：]返還自上次觸發以來使用的$p_refund_buffs%增益效果和$p_refund_stamina%耐力。

每有一個$affected的$engineer物品，觸發速度快$p_speed%。","$t[Au début du combat :] gagnez $p_stamina d'endurance max vide. $t[Toutes les $cd s :] restituez $p_refund_buffs % du bonus utilisé et $p_refund_stamina % de l'endurance utilisée depuis la dernière activation. 

 Se déclenche $p_speed % plus vite pour chaque objet $affected $engineer.","$t[Начало боя:] повышвет макс. энергию на $p_stamina ед. $t[Раз в $cd сек.:] возвращает $p_refund_buffs% использованных усилений и $p_refund_stamina% потраченной энергии с момента предыдущего срабатывания. 

 Срабатывает на $p_speed% чаще за каждый $affected $engineer-предмет.","$t[Início da batalha:] Ganha $p_stamina de vigor máximo vazio. $t[A cada $cd s:] Repõe $p_refund_buffs% dos buffs usados e $p_refund_stamina% do vigor gasto desde a última ativação. 

 Ativa-se $p_speed% mais rápido por cada item-$engineer $affected.","$t[Al comienzo de la batalla:] Obtiene $p_stamina resistencia máxima vacía. $t[Cada $cd s:] Recupera un $p_refund_buffs % de las ventajas usadas y un $p_refund_stamina % de la resistencia usada desde la última activación. 

 Se activa un $p_speed % más rápido por cada $affected objeto de $engineer."
<!MissingKey:740:Rope>,Rope,Seil,麻绳,ロープ,밧줄,麻繩,Corde,Веревка,Corda,Cuerda
"<!MissingKey:741:Biological bats are very hard to get sterile, they will bite you if you try and you will get a nasty infection. I know from experience.>","Biological bats are very hard to get sterile, they will bite you if you try and you will get a nasty infection. I know from experience.","Biologische Fledermäuse sind nicht steril, so gar nicht. Man kriegt die auch nicht steril. Wenn die einen beißen, entzündet sich das mies.",生物蝙蝠很难消毒，如果你尝试它们会咬你，然后你会感染。别问，我有经验。,コウモリを滅菌するのって大変なんだよね。洗おうとすれば噛みつかれるし、感染症にもかかる。え？ヤケに実感があるって？,생물 박쥐는 중성화시키기가 매우 어렵기 때문에 시도하면 물리고 끔찍한 감염을 일으킬 수 있습니다. 직접 겪어본 일이죠.,生物蝙蝠很難消毒，如果你嘗試它們會咬你，然後你會感染。別問，我有經驗。,"Les chauves-souris sauvages sont particulièrement difficiles à stériliser. Elles peuvent mordre si vous essayez, ce qui peut entraîner de graves infections. Je suis bien placé pour le savoir…","Живых летучих мышей сложно продезинфицировать. Они кусаются, и потом будет ой как неприятно. Проверено на личном опыте.",É muito difícil esterilizar morcegos orgânicos. Uma mordidinha enquanto você tenta e já dá uma infecção daquelas. Digo por experiência própria.,"Es muy difícil esterilizar a los murciélagos biológicos; si lo intentas, te morderán y te provocarán una infección grave. Lo sé por experiencia."
<!MissingKey:742:$t[Start of battle:] Gain $p_luck $lucky and $p_empower $empower. >,"$t[Start of battle:] Gain $p_luck $lucky and $p_empower $empower. 

 $affected items heal $p_healamp% more per $lucky (up to $p_max1%) and trigger $p_speed% faster per $empower (up to $p_max2%).","$t[Kampfbeginn:] Erhalte $p_luck $lucky und $p_empower $empower. 

 $affected Gegenstände heilen $p_healamp% mehr pro $lucky (bis zu $p_max1%) und aktivieren $p_speed% schneller pro $empower (bis zu $p_max2%).","$t[战斗开始时：]获得$p_luck点$lucky和$p_empower层$empower。

每有1点$lucky，$affected的物品治疗效果提高$p_healamp%（最多$p_max1%）。
每有1层$empower，$affected的物品触发速度快$p_speed%（最多$p_max2%）。","$t[バトル開始時：]$p_luck $lucky と$p_empower $empower を獲得する

$affectedにあるアイテムは、$lucky 1スタックにつき回復量が$p_healamp%増え（最大$p_max1%）、$empower 1スタックにつき使用速度が$p_speed%上がる（最大$p_max2%）","$t[전투 시작 시:] $lucky을 $p_luck, $empower를 $p_empower 획득합니다.

$affected에 위치한 아이템이 $lucky마다 $p_healamp% 추가로 회복시키고 (최대 $p_max1%), $empower마다 $p_speed% 빠르게 발동합니다 (최대 $p_max2%).","$t[戰鬥開始時：]獲得$p_luck點$lucky和$p_empower層$empower。

每有1點$lucky，$affected的物品治療效果提高$p_healamp%（最多$p_max1%）。
每有1層$empower，$affected的物品觸發速度快$p_speed%（最多$p_max2%）。","$t[Au début du combat :] gagnez $p_luck $lucky et $p_empower $empower. 

 Les objets $affected guérissent de $p_healamp % de plus par $lucky (jusqu'à $p_max1 %) et se déclenchent $p_speed % plus vite par $empower (jusqu'à $p_max2 %).","$t[Начало боя:] добавляет $p_luck $lucky и $p_empower $empower. 

 $affected предметы восстанавливают на $p_healamp% больше здоровья за каждый эффект $lucky (макс. до $p_max1%) и срабатывают на $p_speed% чаще за каждый эффект $empower (макс. до $p_max2%).","$t[Início da batalha:] Ganha $p_luck $lucky e $p_empower $empower. 

 Itens $affected curam $p_healamp% a mais para cada $lucky (até $p_max1%) e ativam $p_speed% mais rápido para cada $empower (até $p_max2%).","$t[Al comienzo de la batalla:] Obtiene $p_luck $lucky y $p_empower $empower. 

 Los $affected objetos recuperan un $p_healamp % más por $lucky (hasta un $p_max1 %) y se activan un $p_speed % más rápido por $empower (hasta un $p_max2 %)."
<!MissingKey:743:Charge Splitter>,Charge Splitter,Ladungsverteiler,电荷分裂器,分電器,전하 분배기,電荷分裂器,Diviseur de charge,Разветвитель заряда,Separador de Carga,Divisor de carga
<!MissingKey:744:Your natural stamina regeneration is increased.>,Your natural stamina regeneration is increased.,Deine natürliche Ausdauerregeneration ist erhöht.,你的耐力自动恢复效果增加。,自然に回復するスタミナが増加する,기본 스태미나 재생량이 증가합니다.,你的耐力自動恢復效果增加。,Votre régénération d'endurance naturelle est augmentée.,Ваше естественное восстановление энергии увеличено.,Sua regeneração natural de vigor é aumentada.,Tu regeneración de resistencia natural aumenta.
"<!MissingKey:745:$t[Every $cds:] Gain $h[1] $mana $m[or] $h[1] $lucky $m[or] $h[1] $regen, depending on what you have the least of. >","$t[Every $cds:] Gain $h[1] $mana $m[or] $h[1] $lucky $m[or] $h[1] $regen, depending on what you have the least of. 
 If you have at least $p_manat $mana, $p_luckt $lucky \~or $p_regent $regen: \~Use $p_use $mana/$lucky/$regen (whatever you have most of) to gain $p_empower $empower.","$t[Alle $cds:] Erhalte $h[1] $mana $m[oder] $h[1] $lucky $m[oder]\~ $h[1] $regen, je nachdem wovon du am wenigsten hast. 
 Wenn du mindestens $p_manat $mana, $p_luckt $lucky oder $p_regent $regen hast: \~Nutze $p_use $mana/$lucky/$regen (wovon du am wenigsten hast) um $p_empower $empower zu erhalten.","$t[每$cds：]根据你现有最少的项，获得$h[1]点$mana $m[或] $h[1]点$lucky $m[或] $h[1]层$regen。
 如果你至少有$p_manat点$mana，$p_luckt点$lucky或者$p_regent层$regen：消耗$p_use $mana/$lucky/$regen（扣除你现有最多的项）来获得$p_empower层$empower。","$t[$cd秒毎：]$h[1] $mana $m[または]$h[1] $lucky $m[または]$h[1] $regen のうち最も少ないバフを獲得する。
$p_manat $mana または$p_luckt $lucky または$p_regent $regen以上ある場合：$p_use $mana/$lucky/$regen（最も多くあるバフ）を消費して、$p_empower $empower を獲得する","$t[$cd초마다:] $h[1] $mana $m[혹은] $h[1] $lucky $m[혹은] $h[1] $regen 중, 가장 적게 지닌 것을 획득합니다.
$p_manat 이상의 $mana, $p_luckt 이상의 $lucky, 혹은 $p_regent 이상의 $regen를 보유 시: $mana/$lucky/$regen을 $p_use 사용해 (가장 많이 보유한 버프) $empower를 $p_empower 획득합니다.","$t[每$cds：]根據你現有最少的項，獲得$h[1]點$mana $m[或] $h[1]點$lucky $m[或] $h[1]層$regen。
 如果你至少有$p_manat點$mana，$p_luckt點$lucky或者$p_regent層$regen：消耗$p_use $mana/$lucky/$regen（扣除你現有最多的項）來獲得$p_empower層$empower。","$t[Toutes les $cd s :] gagnez $h[1] $mana $m[ou] $h[1] $lucky $m[ou] $h[1] $regen, en fonction de ce que vous avez le moins. 
Si vous avez au moins $p_manat $mana, $p_luckt $lucky ou $p_regent $regen : utilisez $p_use $mana/$lucky/$regen (ce que vous avez le plus) pour gagner $p_empower $empower.","$t[Раз в $cd сек.:] добавляет $h[1] $mana $m[или] $h[1] $lucky $m[или] $h[1] $regen, в зависимости от того, какого эффекта в данный момент меньше. 
 Если у героя не менее $p_manat $mana, $p_luckt $lucky или $p_regent $regen: использует $p_use $mana/$lucky/$regen (в зависимости от того, какого эффекта больше), чтобы добавить $p_empower $empower.","$t[A cada $cd s:] Ganha $h[1] $mana $m[ou] $h[1] $lucky $m[ou] $h[1] $regen, dependendo do que você tem menos. 
 Se você tiver pelo menos $p_manat $mana, $p_luckt $lucky ou $p_regent $regen: Usa $p_use $mana/$lucky/$regen (o que você tem em maior quantidade) para ganhar $p_empower $empower.","$t[Cada $cd s:] obtienes $h[1] $mana $m[ó] $h[1] $lucky $m[ó] $h[1] $regen, según lo que menos tengas. 
 Si tienes al menos $p_manat $mana, $p_luckt $lucky o $p_regent $regen: usas $p_use $mana/$lucky/$regen (lo que más tengas) para obtener $p_empower $empower."
,,,,,,,,,,
<!MissingKey:747:$t[$affected $h[Weapon] attacks:] $chance% chance to use $p_manat $mana to inflict $p_cold $cold. $t[$affected2 $h[Armor] or $h[Shield] activates:] $chance2% chance to gain $p_mana $mana and $block $bl.>,$t[$affected $h[Weapon] attacks:] $chance% chance to use $p_manat $mana to inflict $p_cold $cold. $t[$affected2 $h[Armor] or $h[Shield] activates:] $chance2% chance to gain $p_mana $mana and $block $bl.,"$t[$affected $h[Waffe] greift an:] $chance% Chance, $p_manat $mana zu nutzen, um $p_cold $cold zu verursachen. $t[$affected2 $h[Rüstung] oder $h[Schild] aktiviert:] $chance2% Chance, $p_mana $mana und $block $bl zu erhalten.",$t[$affected的$h[武器]进行攻击时：]有$chance%的几率消耗$p_manat点$mana来向对手施加$p_cold层$cold。$t[$affected2的$h[护甲]或$h[护盾]激活时：]有$chance2%的几率获得$p_mana点$mana和$block点$bl。,$t[$affectedにある$h[武器]の攻撃時：]$chance%の確率で$p_manat $mana を消費して、$p_cold $cold を付与する $t[$affected2にある$h[鎧]または$h[盾]の発動時：]$chance2%の確率で$p_mana $mana と$block $bl を獲得する,"$t[$affected에 위치한 $h[무기]가 공격 시:] $chance%의 확률로 $mana를 $p_manat 사용해 $cold를 $p_cold 부여합니다. $t[$affected2에 위치한 $h[갑옷] 발동 시:] $chance2%의 확률로 $mana를 $p_mana, $bl를 $block 획득합니다.",$t[$affected的$h[武器]進行攻擊時：]有$chance%的幾率消耗$p_manat點$mana來向對手施加$p_cold層$cold。$t[$affected2的$h[護甲]或$h[護盾]啟動時：]有$chance2%的幾率獲得$p_mana點$mana和$block點$bl。,$t[Une $h[Arme] $affected attaque :] $chance % de chance d'utiliser $p_manat $mana pour infliger $p_cold $cold. $t[En activant un $h[Bouclier] ou une $h[Armure] $affected2 :] $chance2 % de chance de gagner $p_mana $mana et $bl $block.,$t[При атаке $affected $h[оружием]:] $chance% шанс использовать $p_manat $mana и наложить на противника $p_cold $cold. $t[При срабатывании $affected2 $h[брони] или $h[щита]:] $chance2% шанс добавить $p_mana $mana и $bl $block.,$t[Ataques de $h[Arma] $affected:] $chance% de chance de usar $p_manat $mana para infligir $p_cold $cold. $t[Ativação de $h[Armadura] ou $h[Escudo] $affected2:] $chance2% de chance de ganhar $p_mana $mana e $bl $block.,$t[Al atacar con $affected $h[arma]:] $chance % de probabilidad de usar $p_manat $mana para infligir $p_cold $cold. $t[Al activarse $affected2 $h[armadura] o $h[escudo]:] $chance2 % de probabilidad de obtener $p_mana $mana y $bl $block.
<!MissingKey:748:Basically equivalent to a bachelor of engineering. Kinda.>,Basically equivalent to a bachelor of engineering. Kinda.,Rechtlich dem Ingenieursdiplom gleichgestellt.,基本等同于工程学学士。差不多吧。,工学の学士と同等の能力だよ。たぶん。,기본적으로 공학 학사 학위에 상응합니다. 어느 정도는요.,基本等同於工程學學士。差不多吧。,"En gros, c'est l'équivalent d'une licence en ingénierie. En gros…",Почти как диплом инженера. Почти.,O equivalente a um diploma em engenharia. Ou algo do tipo.,Básicamente equivale a una licenciatura en ingeniería. O algo así.
<!MissingKey:749:Dealing damage without lifesteal is just wasteful.>,Dealing damage without lifesteal is just wasteful.,Schaden machen ohne Lebensraub wäre einfach Verschwendung.,攻击和吸血简直绝配。,体力吸収なしでダメージを与えるなんてもったいない。,생명을 흡수하지 못하는 공격은 낭비일 뿐입니다.,攻擊和吸血簡直絕配。,"Infliger des dégâts sans vol de vie, c'est du gaspillage, pur et simple.",Наносить урон и не красть здоровье — просто расточительство.,Causar dano sem roubo de vida é apenas um desperdício.,Hacer daño sin robo de vida es puro desperdicio.
<!MissingKey:750:Spiked Wall>,Spiked Wall,Dornenwand,尖刺墙,トゲの壁,가시 달린 벽,尖刺牆,Mur à pointes,Шипастая стена,Parede Espinhosa,Muro espinoso
<!MissingKey:751:Your natural stamina regeneration is reduced.>,Your natural stamina regeneration is reduced.,Deine natürliche Ausdauerregeneration ist verringert.,你的耐力自动恢复效果减少。,自然に回復するスタミナが減少する,기본 스태미나 재생량이 감소합니다.,你的耐力自動恢復效果減少。,Votre régénération d'endurance naturelle est réduite.,Ваше естественное восстановление энергии снижено.,Sua regeneração natural de vigor é reduzida.,Tu regeneración de resistencia natural se reduce
<!MissingKey:752:Guaranteed Dodges: {val}>,Guaranteed Dodges: {val},Garantiertes Ausweichen: {val},保证躲避攻击：{val},回避保証：{val},확정 회피: {val},保證躲避攻擊：{val},Esquives garanties : {val},Гарантированный промах: {val},Esquivas Garantidas: {val},Evasiones garantizadas: {val}
<!MissingKey:753:Magic Badge>,Magic Badge,Magieabzeichen,魔法徽章,マジックバッジ,마법 배지,魔法徽章,Insigne magique,Значок магии,Broche Mágico,Medalla mágica
<!MissingKey:754:Red Orchid Collar>,Red Orchid Collar,Blutorchideenanhänger,红色兰花项圈,赤ランの首飾り,빨간 난초 목걸이,紅色蘭花項圈,Collier orchidée rouge,Ошейник с орхидеей,Coleira de Orquídea Vermelha,Collar de orquídea roja
"<!MissingKey:755:$t[Health falls below $p_healtht%:] Advance the cooldown of the $affected item by $p2s, and heal for $p_heal + $p_heal_regen per $regen (once). >","$t[Health falls below $p_healtht%:] Advance the cooldown of the $affected item by $p2s, and heal for $p_heal + $p_heal_regen per $regen (once). ",$t[Leben fällt unter $p_healtht%:] Setze die Abklingzeit des $affected Gegenstandes um $p2s nach vorn und heile für $p_heal + $p_heal_regen pro $regen (einmalig).,$t[生命值低于$p_healtht%时：]推进$affected的物品$p2s的冷却进度，并恢复$p_heal点生命值，每层$regen额外恢复$p_heal_regen点生命值（单次触发）。,$t[体力が$p_healtht%未満に低下時：]$affectedにあるアイテムのクールダウンを$p2秒進め、体力を$p_heal（1 $regen につき +$p_heal_regen）回復する（1回のみ）,"$t[체력이 $p_healtht% 아래로 떨어질 시:] $affected에 위치한 아이템의 재사용 대기 시간을 $p2초 앞당기고, 체력을 $p_heal 회복하며, $regen마다 회복량이 $p_heal_regen 증가합니다 (한 번).",$t[生命值低於$p_healtht%時：]推進$affected的物品$p2s的冷卻進度，並恢復$p_heal，每層$regen額外恢復$p_heal_regen點生命值（單次觸發）。,"$t[PV inférieurs à $p_healtht % :] réduisez le temps de recharge de l'objet $affected de $p2 s, et guérissez de $p_heal + $p_heal_regen par $regen (une fois).",$t[Когда здоровье героя ниже $p_healtht%:] сокращает время перезарядки $affected предметов на $p2 сек. и восстанавливает $p_heal здоровья + $p_heal_regen здоровья за каждый эффект $regen (один раз за бой).,$t[Com a vida abaixo de $p_healtht%:] Acelera a recarga do item $affected em $p2 s e cura $p_heal + $p_heal_regen por $regen (uma vez).,"$t[PS caen por debajo del $p_healtht %:] Avanza la recarga del $affected objeto en $p2 s, y recupera $p_heal + $p_heal_regen por $regen (una vez)."
"<!MissingKey:756:Only nice people get something from the Bag of Giving, but you are nice.>","Only nice people get something from the Bag of Giving, but you are nice.","Nur nette Leute bekommen etwas aus der Tasche des Schenkens, aber du bist nett.",只有好人才能从袋子里获得东西，你看起来是个好人。,いい人しか施し袋から施しを受けられないんだ。キミはいい人だよね？,"착한 사람들만 아낌없이 주는 가방의 선물을 받을 수 있습니다. 다행히, 착한 분이시군요.",只有好人才能從袋子裡獲得東西，你看起來是個好人。,"Seules les personnes gentilles reçoivent quelque chose du sac de don, mais ça ira pour vous.","Только хорошие ребята получают что-то из Сумки щедрости. А ты — просто прелесть, поэтому держи.","Apenas pessoas legais recebem algo do Saco da Generosidade, mas você é legal.","Solo las personas buenas reciben algo de la bolsa de generosidad... y tú, ¡qué casualidad!, eres un santito."
<!MissingKey:757:Chance to find $treasure-items +$p1%. >,"Chance to find $treasure-items +$p1%. 

 You can obtain $h[+1] $treasure-item. $t[Shop refreshes:] $shopchance% chance for a $h[Trade] offer. $t[Start of battle:] Reflect $p2 debuffs for each $affected $legendary[Legendary], $godly[Godly] or $unique[Unique] item.","Chance, einen $treasure-Gegenstand zu finden +$p1%. 

 Du kannst $h[+1] $treasure-Gegenstand besitzen. $t[Angebot erneuert:] $shopchance% Chance auf ein $h[Tausch]angebot. $t[Kampfbeginn:] Reflektiere $p2 Debuffs für jeden $affected $legendary[legendären], $godly[göttlichen] oder $unique[einzigartigen] Gegenstand.","$treasure物品的出现几率+$p1%。

可持有的$treasure物品数量$h[+1]。$t[商店刷新时：]有$shopchance%的几率出现$h[交易]机会。$t[战斗开始时：]每有一个$affected的$legendary[传说]、$godly[神级]或$unique[特别]物品，反弹$p2层减益效果。","$treasure アイテムの出現率 +$p1% 

所持できる $treasure アイテム $h[+1] $t[ショップ更新時：]$shopchance%の確率で$h[トレード]が提示される $t[バトル開始時：]$affectedにある$legendary[レジェンダリ]または$godly[ゴッド]または$unique[ユニーク]アイテム1個につき$p2デバフを反射する","$treasure 아이템을 발견할 확률이 $p1% 증가합니다.

$treasure 아이템을 $h[1개] 더 획득할 수 있습니다. $t[상점 갱신 시:] $shopchance% 확률로 $h[거래]를 제안합니다. $t[전투 시작 시:] $affected에 위치한 $legendary[전설], $godly[신화], $unique[유니크] 아이템마다 디버프를 $p2개 반사합니다.","$treasure物品的出現幾率+$p1%。

可持有的$treasure物品數量$h[+1]。$t[商店刷新時：]有$shopchance%的幾率出現$h[交易]機會。$t[戰鬥開始時：]每有一個$affected的$legendary[傳說]、$godly[神級]或$unique[特別]物品，反彈$p2層減益效果。","Chance de trouver des objets $treasure +$p1 %. 

Vous pouvez obtenir $h[+1] objet $treasure. $t[Actualisation de boutique :] $shopchance % de chance d'offre d'$h[Échange]. $t[Au début du combat :] renvoyez $p2 malus pour chaque objet $affected $legendary[Légendaire], $godly[Divin] ou $unique[Unique].","Шанс найти $treasure-предмет +$p1%. 

 Герой может получить $h[+1] $treasure-предметы. $t[При обновлении магазина:] шанс $shopchance% получить особое $h[предложение]. $t[Начало боя:] отражает до $p2 негативных эффектов за каждый $affected $legendary[легендарный], $godly[божественный] или $unique[уникальный] предмет.","Chance de encontrar itens de $treasure + $p1%. 

 Você pode obter $h[+1] item de $treasure. $t[Loja atualiza:] $shopchance% de chance de uma oferta de $h[Troca]. $t[Início da batalha:] Reflete $p2 debuffs por cada item $legendary[Lendário] $affected, $godly[Divino] ou $unique[Único].","Probabilidad de encontrar objetos de $treasure +$p1 %. 

 Puedes obtener $h[+1] objeto de $treasure. $t[Al actualizar la tienda:] $shopchance % de probabilidad de una oferta de $h[comercio]. $t[Al comienzo de la batalla:] devuelves $p2 desventajas por cada objeto $affected $legendary[legendario], $godly[glorioso] o $unique[único]."
